BN_CONTROL.I5BEAM;2025-06-30 16:10:42.0000000;-0.395028000000025
BN_CONTROL.I5BEAM;2025-06-30 16:10:43.0000000;-0.388176999999985
BN_CONTROL.I5BEAM;2025-06-30 16:10:44.0000000;-0.391853000000026
BN_CONTROL.I5BEAM;2025-06-30 16:10:45.0000000;-0.396198000000027
BN_CONTROL.I5BEAM;2025-06-30 16:10:46.0000000;-0.396699000000012
BN_CONTROL.I5BEAM;2025-06-30 16:10:47.0000000;-0.390684000000022
BN_CONTROL.I5BEAM;2025-06-30 16:10:48.0000000;-0.394860999999992
BN_CONTROL.I5BEAM;2025-06-30 16:10:49.0000000;-0.395696999999984
BN_CONTROL.I5BEAM;2025-06-30 16:10:50.0000000;-0.391519000000017
BN_CONTROL.I5BEAM;2025-06-30 16:10:51.0000000;-0.397869000000014
BN_CONTROL.I5BEAM;2025-06-30 16:10:52.0000000;-0.384334000000024
BN_CONTROL.I5BEAM;2025-06-30 16:10:53.0000000;-0.39385900000002
BN_CONTROL.I5BEAM;2025-06-30 16:10:54.0000000;-0.403215999999986
BN_CONTROL.I5BEAM;2025-06-30 16:10:55.0000000;-0.394192999999973
BN_CONTROL.I5BEAM;2025-06-30 16:10:56.0000000;-0.402380999999991
BN_CONTROL.I5BEAM;2025-06-30 16:10:57.0000000;-0.391185000000007
BN_CONTROL.I5BEAM;2025-06-30 16:10:58.0000000;-0.402548000000024
BN_CONTROL.I5BEAM;2025-06-30 16:10:59.0000000;-0.392689000000019
BN_CONTROL.I5BEAM;2025-06-30 16:11:00.0000000;-0.395696999999984
BN_CONTROL.I5BEAM;2025-06-30 16:11:01.0000000;-0.394192999999973
BN_CONTROL.I5BEAM;2025-06-30 16:11:02.0000000;-0.391185000000007
BN_CONTROL.I5BEAM;2025-06-30 16:11:03.0000000;-0.395195000000001
BN_CONTROL.I5BEAM;2025-06-30 16:11:04.0000000;-0.391351999999983
BN_CONTROL.I5BEAM;2025-06-30 16:11:05.0000000;-0.389680999999996
BN_CONTROL.I5BEAM;2025-06-30 16:11:06.0000000;-0.396531999999979
BN_CONTROL.I5BEAM;2025-06-30 16:11:07.0000000;-0.396030999999994
BN_CONTROL.I5BEAM;2025-06-30 16:11:08.0000000;-0.387509000000023
BN_CONTROL.I5BEAM;2025-06-30 16:11:09.0000000;-0.390515999999991
BN_CONTROL.I5BEAM;2025-06-30 16:11:10.0000000;-0.388176999999985
BN_CONTROL.I5BEAM;2025-06-30 16:11:11.0000000;-0.383497999999975
BN_CONTROL.I5BEAM;2025-06-30 16:11:12.0000000;-0.388845000000003
BN_CONTROL.I5BEAM;2025-06-30 16:11:13.0000000;-0.384000000000015
BN_CONTROL.I5BEAM;2025-06-30 16:11:14.0000000;-0.383497999999975
BN_CONTROL.I5BEAM;2025-06-30 16:11:15.0000000;-0.379655000000014
BN_CONTROL.I5BEAM;2025-06-30 16:11:16.0000000;-0.381159000000025
BN_CONTROL.I5BEAM;2025-06-30 16:11:17.0000000;-0.374976000000004
BN_CONTROL.I5BEAM;2025-06-30 16:11:18.0000000;-0.378651999999988
BN_CONTROL.I5BEAM;2025-06-30 16:11:19.0000000;-0.379321000000004
BN_CONTROL.I5BEAM;2025-06-30 16:11:20.0000000;-0.380825000000016
BN_CONTROL.I5BEAM;2025-06-30 16:11:21.0000000;-0.376814000000024
BN_CONTROL.I5BEAM;2025-06-30 16:11:22.0000000;-0.377650000000017
BN_CONTROL.I5BEAM;2025-06-30 16:11:23.0000000;-0.371300000000019
BN_CONTROL.I5BEAM;2025-06-30 16:11:24.0000000;-0.372636999999997
BN_CONTROL.I5BEAM;2025-06-30 16:11:25.0000000;-0.377482999999984
BN_CONTROL.I5BEAM;2025-06-30 16:11:26.0000000;-0.370130000000017
BN_CONTROL.I5BEAM;2025-06-30 16:11:27.0000000;-0.367289000000028
BN_CONTROL.I5BEAM;2025-06-30 16:11:28.0000000;-0.368792999999982
BN_CONTROL.I5BEAM;2025-06-30 16:11:29.0000000;-0.380322999999976
BN_CONTROL.I5BEAM;2025-06-30 16:11:30.0000000;-0.364950000000022
BN_CONTROL.I5BEAM;2025-06-30 16:11:31.0000000;-0.364616000000012
BN_CONTROL.I5BEAM;2025-06-30 16:11:32.0000000;-0.366453999999976
BN_CONTROL.I5BEAM;2025-06-30 16:11:33.0000000;-0.368291999999997
BN_CONTROL.I5BEAM;2025-06-30 16:11:34.0000000;-0.36595299999999
BN_CONTROL.I5BEAM;2025-06-30 16:11:35.0000000;-0.371466999999996
BN_CONTROL.I5BEAM;2025-06-30 16:11:36.0000000;-0.358600000000024
BN_CONTROL.I5BEAM;2025-06-30 16:11:37.0000000;-0.358266000000015
BN_CONTROL.I5BEAM;2025-06-30 16:11:38.0000000;-0.355091000000016
BN_CONTROL.I5BEAM;2025-06-30 16:11:39.0000000;-0.357430000000022
BN_CONTROL.I5BEAM;2025-06-30 16:11:40.0000000;-0.362945000000025
BN_CONTROL.I5BEAM;2025-06-30 16:11:41.0000000;-0.360771999999997
BN_CONTROL.I5BEAM;2025-06-30 16:11:42.0000000;-0.363278999999977
BN_CONTROL.I5BEAM;2025-06-30 16:11:43.0000000;-0.36344600000001
BN_CONTROL.I5BEAM;2025-06-30 16:11:44.0000000;-0.356427999999994
BN_CONTROL.I5BEAM;2025-06-30 16:11:45.0000000;-0.357764999999972
BN_CONTROL.I5BEAM;2025-06-30 16:11:46.0000000;-0.356762000000003
BN_CONTROL.I5BEAM;2025-06-30 16:11:47.0000000;-0.357764999999972
BN_CONTROL.I5BEAM;2025-06-30 16:11:48.0000000;-0.350244999999973
BN_CONTROL.I5BEAM;2025-06-30 16:11:49.0000000;-0.353921000000014
BN_CONTROL.I5BEAM;2025-06-30 16:11:50.0000000;-0.347237000000007
BN_CONTROL.I5BEAM;2025-06-30 16:11:51.0000000;-0.340386000000024
BN_CONTROL.I5BEAM;2025-06-30 16:11:52.0000000;-0.341222000000016
BN_CONTROL.I5BEAM;2025-06-30 16:11:53.0000000;-0.342557999999997
BN_CONTROL.I5BEAM;2025-06-30 16:11:54.0000000;-0.350077999999996
BN_CONTROL.I5BEAM;2025-06-30 16:11:55.0000000;-0.340553
BN_CONTROL.I5BEAM;2025-06-30 16:11:56.0000000;-0.345398999999986
BN_CONTROL.I5BEAM;2025-06-30 16:11:57.0000000;-0.340719999999976
BN_CONTROL.I5BEAM;2025-06-30 16:11:58.0000000;-0.344731000000024
BN_CONTROL.I5BEAM;2025-06-30 16:11:59.0000000;-0.338882000000012
BN_CONTROL.I5BEAM;2025-06-30 16:12:00.0000000;-0.33587399999999
BN_CONTROL.I5BEAM;2025-06-30 16:12:01.0000000;-0.343561000000022
BN_CONTROL.I5BEAM;2025-06-30 16:12:02.0000000;-0.336709999999982
BN_CONTROL.I5BEAM;2025-06-30 16:12:03.0000000;-0.33587399999999
BN_CONTROL.I5BEAM;2025-06-30 16:12:04.0000000;-0.337378000000001
BN_CONTROL.I5BEAM;2025-06-30 16:12:05.0000000;-0.328522000000021
BN_CONTROL.I5BEAM;2025-06-30 16:12:06.0000000;-0.328522000000021
BN_CONTROL.I5BEAM;2025-06-30 16:12:07.0000000;-0.333868999999993
BN_CONTROL.I5BEAM;2025-06-30 16:12:08.0000000;-0.331863999999996
BN_CONTROL.I5BEAM;2025-06-30 16:12:09.0000000;-0.323843000000011
BN_CONTROL.I5BEAM;2025-06-30 16:12:10.0000000;-0.329691000000025
BN_CONTROL.I5BEAM;2025-06-30 16:12:11.0000000;-0.332030999999972
BN_CONTROL.I5BEAM;2025-06-30 16:12:12.0000000;-0.327518999999995
BN_CONTROL.I5BEAM;2025-06-30 16:12:13.0000000;-0.328188000000011
BN_CONTROL.I5BEAM;2025-06-30 16:12:14.0000000;-0.33169700000002
BN_CONTROL.I5BEAM;2025-06-30 16:12:15.0000000;-0.332030999999972
BN_CONTROL.I5BEAM;2025-06-30 16:12:16.0000000;-0.332030999999972
BN_CONTROL.I5BEAM;2025-06-30 16:12:17.0000000;-0.326182000000017
BN_CONTROL.I5BEAM;2025-06-30 16:12:18.0000000;-0.332866000000024
BN_CONTROL.I5BEAM;2025-06-30 16:12:19.0000000;-0.326684
BN_CONTROL.I5BEAM;2025-06-30 16:12:20.0000000;-0.32701800000001
BN_CONTROL.I5BEAM;2025-06-30 16:12:21.0000000;-0.327184999999986
BN_CONTROL.I5BEAM;2025-06-30 16:12:22.0000000;-0.321670999999981
BN_CONTROL.I5BEAM;2025-06-30 16:12:23.0000000;-0.32200499999999
BN_CONTROL.I5BEAM;2025-06-30 16:12:24.0000000;-0.323509000000001
BN_CONTROL.I5BEAM;2025-06-30 16:12:25.0000000;-0.323509000000001
BN_CONTROL.I5BEAM;2025-06-30 16:12:26.0000000;-0.324510999999973
BN_CONTROL.I5BEAM;2025-06-30 16:12:27.0000000;-0.318997000000024
BN_CONTROL.I5BEAM;2025-06-30 16:12:28.0000000;-0.324009999999987
BN_CONTROL.I5BEAM;2025-06-30 16:12:29.0000000;-0.320834999999988
BN_CONTROL.I5BEAM;2025-06-30 16:12:30.0000000;-0.318495999999982
BN_CONTROL.I5BEAM;2025-06-30 16:12:31.0000000;-0.314318000000014
BN_CONTROL.I5BEAM;2025-06-30 16:12:32.0000000;-0.315488000000016
BN_CONTROL.I5BEAM;2025-06-30 16:12:33.0000000;-0.318663000000015
BN_CONTROL.I5BEAM;2025-06-30 16:12:34.0000000;-0.317827000000023
BN_CONTROL.I5BEAM;2025-06-30 16:12:35.0000000;-0.316323000000011
BN_CONTROL.I5BEAM;2025-06-30 16:12:36.0000000;-0.318997000000024
BN_CONTROL.I5BEAM;2025-06-30 16:12:37.0000000;-0.313816999999972
BN_CONTROL.I5BEAM;2025-06-30 16:12:38.0000000;-0.313984000000005
BN_CONTROL.I5BEAM;2025-06-30 16:12:39.0000000;-0.313483000000019
BN_CONTROL.I5BEAM;2025-06-30 16:12:40.0000000;-0.316658000000018
BN_CONTROL.I5BEAM;2025-06-30 16:12:41.0000000;-0.311811999999975
BN_CONTROL.I5BEAM;2025-06-30 16:12:42.0000000;-0.317827000000023
BN_CONTROL.I5BEAM;2025-06-30 16:12:43.0000000;-0.319664999999986
BN_CONTROL.I5BEAM;2025-06-30 16:12:44.0000000;-0.319164000000001
BN_CONTROL.I5BEAM;2025-06-30 16:12:45.0000000;-0.311143000000015
BN_CONTROL.I5BEAM;2025-06-30 16:12:46.0000000;-0.314484999999991
BN_CONTROL.I5BEAM;2025-06-30 16:12:47.0000000;-0.317493000000013
BN_CONTROL.I5BEAM;2025-06-30 16:12:48.0000000;-0.320834999999988
BN_CONTROL.I5BEAM;2025-06-30 16:12:49.0000000;-0.317493000000013
BN_CONTROL.I5BEAM;2025-06-30 16:12:50.0000000;-0.31732599999998
BN_CONTROL.I5BEAM;2025-06-30 16:12:51.0000000;-0.318160999999975
BN_CONTROL.I5BEAM;2025-06-30 16:12:52.0000000;-0.313315999999986
BN_CONTROL.I5BEAM;2025-06-30 16:12:53.0000000;-0.312814000000003
BN_CONTROL.I5BEAM;2025-06-30 16:12:54.0000000;-0.314986999999974
BN_CONTROL.I5BEAM;2025-06-30 16:12:55.0000000;-0.315989000000002
BN_CONTROL.I5BEAM;2025-06-30 16:12:56.0000000;-0.313816999999972
BN_CONTROL.I5BEAM;2025-06-30 16:12:57.0000000;-0.314819
BN_CONTROL.I5BEAM;2025-06-30 16:12:58.0000000;-0.312647000000027
BN_CONTROL.I5BEAM;2025-06-30 16:12:59.0000000;-0.307634000000007
BN_CONTROL.I5BEAM;2025-06-30 16:13:00.0000000;-0.316824999999994
BN_CONTROL.I5BEAM;2025-06-30 16:13:01.0000000;-0.316489999999988
BN_CONTROL.I5BEAM;2025-06-30 16:13:02.0000000;-0.319833000000017
BN_CONTROL.I5BEAM;2025-06-30 16:13:03.0000000;-0.323509000000001
BN_CONTROL.I5BEAM;2025-06-30 16:13:04.0000000;-0.315154000000007
BN_CONTROL.I5BEAM;2025-06-30 16:13:05.0000000;-0.312980999999979
BN_CONTROL.I5BEAM;2025-06-30 16:13:06.0000000;-0.316323000000011
BN_CONTROL.I5BEAM;2025-06-30 16:13:07.0000000;-0.31732599999998
BN_CONTROL.I5BEAM;2025-06-30 16:13:08.0000000;-0.314986999999974
BN_CONTROL.I5BEAM;2025-06-30 16:13:09.0000000;-0.315154000000007
BN_CONTROL.I5BEAM;2025-06-30 16:13:10.0000000;-0.317993999999999
BN_CONTROL.I5BEAM;2025-06-30 16:13:11.0000000;-0.318329000000006
BN_CONTROL.I5BEAM;2025-06-30 16:13:12.0000000;-0.315320999999983
BN_CONTROL.I5BEAM;2025-06-30 16:13:13.0000000;-0.316992000000027
BN_CONTROL.I5BEAM;2025-06-30 16:13:14.0000000;-0.321168999999998
BN_CONTROL.I5BEAM;2025-06-30 16:13:15.0000000;-0.318997000000024
BN_CONTROL.I5BEAM;2025-06-30 16:13:16.0000000;-0.317159000000004
BN_CONTROL.I5BEAM;2025-06-30 16:13:17.0000000;-0.318663000000015
BN_CONTROL.I5BEAM;2025-06-30 16:13:18.0000000;-0.323174999999992
BN_CONTROL.I5BEAM;2025-06-30 16:13:19.0000000;-0.320834999999988
BN_CONTROL.I5BEAM;2025-06-30 16:13:20.0000000;-0.322172000000023
BN_CONTROL.I5BEAM;2025-06-30 16:13:21.0000000;-0.323007000000018
BN_CONTROL.I5BEAM;2025-06-30 16:13:22.0000000;-0.321002000000021
BN_CONTROL.I5BEAM;2025-06-30 16:13:23.0000000;-0.322172000000023
BN_CONTROL.I5BEAM;2025-06-30 16:13:24.0000000;-0.324343999999996
BN_CONTROL.I5BEAM;2025-06-30 16:13:25.0000000;-0.325513999999998
BN_CONTROL.I5BEAM;2025-06-30 16:13:26.0000000;-0.318160999999975
BN_CONTROL.I5BEAM;2025-06-30 16:13:27.0000000;-0.322338999999999
BN_CONTROL.I5BEAM;2025-06-30 16:13:28.0000000;-0.325848000000008
BN_CONTROL.I5BEAM;2025-06-30 16:13:29.0000000;-0.333534999999983
BN_CONTROL.I5BEAM;2025-06-30 16:13:30.0000000;-0.323675999999978
BN_CONTROL.I5BEAM;2025-06-30 16:13:31.0000000;-0.320167000000026
BN_CONTROL.I5BEAM;2025-06-30 16:13:32.0000000;-0.319999999999993
BN_CONTROL.I5BEAM;2025-06-30 16:13:33.0000000;-0.31949800000001
BN_CONTROL.I5BEAM;2025-06-30 16:13:34.0000000;-0.323675999999978
BN_CONTROL.I5BEAM;2025-06-30 16:13:35.0000000;-0.319999999999993
BN_CONTROL.I5BEAM;2025-06-30 16:13:36.0000000;-0.327352000000019
BN_CONTROL.I5BEAM;2025-06-30 16:13:37.0000000;-0.325347000000022
BN_CONTROL.I5BEAM;2025-06-30 16:13:38.0000000;-0.325347000000022
BN_CONTROL.I5BEAM;2025-06-30 16:13:39.0000000;-0.330359999999985
BN_CONTROL.I5BEAM;2025-06-30 16:13:40.0000000;-0.328688999999997
BN_CONTROL.I5BEAM;2025-06-30 16:13:41.0000000;-0.327184999999986
BN_CONTROL.I5BEAM;2025-06-30 16:13:42.0000000;-0.326850999999976
BN_CONTROL.I5BEAM;2025-06-30 16:13:43.0000000;-0.325513999999998
BN_CONTROL.I5BEAM;2025-06-30 16:13:44.0000000;-0.327184999999986
BN_CONTROL.I5BEAM;2025-06-30 16:13:45.0000000;-0.324678000000006
BN_CONTROL.I5BEAM;2025-06-30 16:13:46.0000000;-0.326348999999993
BN_CONTROL.I5BEAM;2025-06-30 16:13:47.0000000;-0.322338999999999
BN_CONTROL.I5BEAM;2025-06-30 16:13:48.0000000;-0.326014999999984
BN_CONTROL.I5BEAM;2025-06-30 16:13:49.0000000;-0.328019999999981
BN_CONTROL.I5BEAM;2025-06-30 16:13:50.0000000;-0.327184999999986
BN_CONTROL.I5BEAM;2025-06-30 16:13:51.0000000;-0.328354999999988
BN_CONTROL.I5BEAM;2025-06-30 16:13:52.0000000;-0.328188000000011
BN_CONTROL.I5BEAM;2025-06-30 16:13:53.0000000;-0.329357000000016
BN_CONTROL.I5BEAM;2025-06-30 16:13:54.0000000;-0.333368000000007
BN_CONTROL.I5BEAM;2025-06-30 16:13:55.0000000;-0.329691000000025
BN_CONTROL.I5BEAM;2025-06-30 16:13:56.0000000;-0.329357000000016
BN_CONTROL.I5BEAM;2025-06-30 16:13:57.0000000;-0.326684
BN_CONTROL.I5BEAM;2025-06-30 16:13:58.0000000;-0.328522000000021
BN_CONTROL.I5BEAM;2025-06-30 16:13:59.0000000;-0.328522000000021
BN_CONTROL.I5BEAM;2025-06-30 16:14:00.0000000;-0.328019999999981
BN_CONTROL.I5BEAM;2025-06-30 16:14:01.0000000;-0.323174999999992
BN_CONTROL.I5BEAM;2025-06-30 16:14:02.0000000;-0.329189999999983
BN_CONTROL.I5BEAM;2025-06-30 16:14:03.0000000;-0.327518999999995
BN_CONTROL.I5BEAM;2025-06-30 16:14:04.0000000;-0.323675999999978
BN_CONTROL.I5BEAM;2025-06-30 16:14:05.0000000;-0.32484599999998
BN_CONTROL.I5BEAM;2025-06-30 16:14:06.0000000;-0.330025999999975
BN_CONTROL.I5BEAM;2025-06-30 16:14:07.0000000;-0.328855999999973
BN_CONTROL.I5BEAM;2025-06-30 16:14:08.0000000;-0.327184999999986
BN_CONTROL.I5BEAM;2025-06-30 16:14:09.0000000;-0.332030999999972
BN_CONTROL.I5BEAM;2025-06-30 16:14:10.0000000;-0.329357000000016
BN_CONTROL.I5BEAM;2025-06-30 16:14:11.0000000;-0.325013000000013
BN_CONTROL.I5BEAM;2025-06-30 16:14:12.0000000;-0.327686000000028
BN_CONTROL.I5BEAM;2025-06-30 16:14:13.0000000;-0.326182000000017
BN_CONTROL.I5BEAM;2025-06-30 16:14:14.0000000;-0.321002000000021
BN_CONTROL.I5BEAM;2025-06-30 16:14:15.0000000;-0.32701800000001
BN_CONTROL.I5BEAM;2025-06-30 16:14:16.0000000;-0.323007000000018
BN_CONTROL.I5BEAM;2025-06-30 16:14:17.0000000;-0.323007000000018
BN_CONTROL.I5BEAM;2025-06-30 16:14:18.0000000;-0.325013000000013
BN_CONTROL.I5BEAM;2025-06-30 16:14:19.0000000;-0.323843000000011
BN_CONTROL.I5BEAM;2025-06-30 16:14:20.0000000;-0.323007000000018
BN_CONTROL.I5BEAM;2025-06-30 16:14:21.0000000;-0.323007000000018
BN_CONTROL.I5BEAM;2025-06-30 16:14:22.0000000;-0.323007000000018
BN_CONTROL.I5BEAM;2025-06-30 16:14:23.0000000;-0.323843000000011
BN_CONTROL.I5BEAM;2025-06-30 16:14:24.0000000;-0.325848000000008
BN_CONTROL.I5BEAM;2025-06-30 16:14:25.0000000;-0.329523999999992
BN_CONTROL.I5BEAM;2025-06-30 16:14:26.0000000;-0.326517000000024
BN_CONTROL.I5BEAM;2025-06-30 16:14:27.0000000;-0.327686000000028
BN_CONTROL.I5BEAM;2025-06-30 16:14:28.0000000;-0.33169700000002
BN_CONTROL.I5BEAM;2025-06-30 16:14:29.0000000;-0.335373000000004
BN_CONTROL.I5BEAM;2025-06-30 16:14:30.0000000;-0.329858999999999
BN_CONTROL.I5BEAM;2025-06-30 16:14:31.0000000;-0.334872000000018
BN_CONTROL.I5BEAM;2025-06-30 16:14:32.0000000;-0.332532000000015
BN_CONTROL.I5BEAM;2025-06-30 16:14:33.0000000;-0.330527000000018
BN_CONTROL.I5BEAM;2025-06-30 16:14:34.0000000;-0.328019999999981
BN_CONTROL.I5BEAM;2025-06-30 16:14:35.0000000;-0.333033999999998
BN_CONTROL.I5BEAM;2025-06-30 16:14:36.0000000;-0.328019999999981
BN_CONTROL.I5BEAM;2025-06-30 16:14:37.0000000;-0.330693999999994
BN_CONTROL.I5BEAM;2025-06-30 16:14:38.0000000;-0.332698999999991
BN_CONTROL.I5BEAM;2025-06-30 16:14:39.0000000;-0.330359999999985
BN_CONTROL.I5BEAM;2025-06-30 16:14:40.0000000;-0.328688999999997
BN_CONTROL.I5BEAM;2025-06-30 16:14:41.0000000;-0.326014999999984
BN_CONTROL.I5BEAM;2025-06-30 16:14:42.0000000;-0.329691000000025
BN_CONTROL.I5BEAM;2025-06-30 16:14:43.0000000;-0.332866000000024
BN_CONTROL.I5BEAM;2025-06-30 16:14:44.0000000;-0.327686000000028
BN_CONTROL.I5BEAM;2025-06-30 16:14:45.0000000;-0.330025999999975
BN_CONTROL.I5BEAM;2025-06-30 16:14:46.0000000;-0.332198000000005
BN_CONTROL.I5BEAM;2025-06-30 16:14:47.0000000;-0.328855999999973
BN_CONTROL.I5BEAM;2025-06-30 16:14:48.0000000;-0.330359999999985
BN_CONTROL.I5BEAM;2025-06-30 16:14:49.0000000;-0.328522000000021
BN_CONTROL.I5BEAM;2025-06-30 16:14:50.0000000;-0.328019999999981
BN_CONTROL.I5BEAM;2025-06-30 16:14:51.0000000;-0.321168999999998
BN_CONTROL.I5BEAM;2025-06-30 16:14:52.0000000;-0.330025999999975
BN_CONTROL.I5BEAM;2025-06-30 16:14:53.0000000;-0.327518999999995
BN_CONTROL.I5BEAM;2025-06-30 16:14:54.0000000;-0.332198000000005
BN_CONTROL.I5BEAM;2025-06-30 16:14:55.0000000;-0.325347000000022
BN_CONTROL.I5BEAM;2025-06-30 16:14:56.0000000;-0.328522000000021
BN_CONTROL.I5BEAM;2025-06-30 16:14:57.0000000;-0.324343999999996
BN_CONTROL.I5BEAM;2025-06-30 16:14:58.0000000;-0.32701800000001
BN_CONTROL.I5BEAM;2025-06-30 16:14:59.0000000;-0.328688999999997
BN_CONTROL.I5BEAM;2025-06-30 16:15:00.0000000;-0.328019999999981
BN_CONTROL.I5BEAM;2025-06-30 16:15:01.0000000;-0.323007000000018
BN_CONTROL.I5BEAM;2025-06-30 16:15:02.0000000;-0.326014999999984
BN_CONTROL.I5BEAM;2025-06-30 16:15:03.0000000;-0.326014999999984
BN_CONTROL.I5BEAM;2025-06-30 16:15:04.0000000;-0.329189999999983
BN_CONTROL.I5BEAM;2025-06-30 16:15:05.0000000;-0.334872000000018
BN_CONTROL.I5BEAM;2025-06-30 16:15:06.0000000;-0.327518999999995
BN_CONTROL.I5BEAM;2025-06-30 16:15:07.0000000;-0.326850999999976
BN_CONTROL.I5BEAM;2025-06-30 16:15:08.0000000;-0.33169700000002
BN_CONTROL.I5BEAM;2025-06-30 16:15:09.0000000;-0.326348999999993
BN_CONTROL.I5BEAM;2025-06-30 16:15:10.0000000;-0.334203000000002
BN_CONTROL.I5BEAM;2025-06-30 16:15:11.0000000;-0.330861000000027
BN_CONTROL.I5BEAM;2025-06-30 16:15:12.0000000;-0.327518999999995
BN_CONTROL.I5BEAM;2025-06-30 16:15:13.0000000;-0.326517000000024
BN_CONTROL.I5BEAM;2025-06-30 16:15:14.0000000;-0.33169700000002
BN_CONTROL.I5BEAM;2025-06-30 16:15:15.0000000;-0.329357000000016
BN_CONTROL.I5BEAM;2025-06-30 16:15:16.0000000;-0.331529999999987
BN_CONTROL.I5BEAM;2025-06-30 16:15:17.0000000;-0.332532000000015
BN_CONTROL.I5BEAM;2025-06-30 16:15:18.0000000;-0.327853000000005
BN_CONTROL.I5BEAM;2025-06-30 16:15:19.0000000;-0.332198000000005
BN_CONTROL.I5BEAM;2025-06-30 16:15:20.0000000;-0.333702000000017
BN_CONTROL.I5BEAM;2025-06-30 16:15:21.0000000;-0.328688999999997
BN_CONTROL.I5BEAM;2025-06-30 16:15:22.0000000;-0.328855999999973
BN_CONTROL.I5BEAM;2025-06-30 16:15:23.0000000;-0.330861000000027
BN_CONTROL.I5BEAM;2025-06-30 16:15:24.0000000;-0.328188000000011
BN_CONTROL.I5BEAM;2025-06-30 16:15:25.0000000;-0.331529999999987
BN_CONTROL.I5BEAM;2025-06-30 16:15:26.0000000;-0.333368000000007
BN_CONTROL.I5BEAM;2025-06-30 16:15:27.0000000;-0.332364999999982
BN_CONTROL.I5BEAM;2025-06-30 16:15:28.0000000;-0.334369999999979
BN_CONTROL.I5BEAM;2025-06-30 16:15:29.0000000;-0.334369999999979
BN_CONTROL.I5BEAM;2025-06-30 16:15:30.0000000;-0.328688999999997
BN_CONTROL.I5BEAM;2025-06-30 16:15:31.0000000;-0.333033999999998
BN_CONTROL.I5BEAM;2025-06-30 16:15:32.0000000;-0.33553999999998
BN_CONTROL.I5BEAM;2025-06-30 16:15:33.0000000;-0.336375999999973
BN_CONTROL.I5BEAM;2025-06-30 16:15:34.0000000;-0.333534999999983
BN_CONTROL.I5BEAM;2025-06-30 16:15:35.0000000;-0.336207999999999
BN_CONTROL.I5BEAM;2025-06-30 16:15:36.0000000;-0.332866000000024
BN_CONTROL.I5BEAM;2025-06-30 16:15:37.0000000;-0.328688999999997
BN_CONTROL.I5BEAM;2025-06-30 16:15:38.0000000;-0.332198000000005
BN_CONTROL.I5BEAM;2025-06-30 16:15:39.0000000;-0.332364999999982
BN_CONTROL.I5BEAM;2025-06-30 16:15:40.0000000;-0.335707000000014
BN_CONTROL.I5BEAM;2025-06-30 16:15:41.0000000;-0.33553999999998
BN_CONTROL.I5BEAM;2025-06-30 16:15:42.0000000;-0.332532000000015
BN_CONTROL.I5BEAM;2025-06-30 16:15:43.0000000;-0.326348999999993
BN_CONTROL.I5BEAM;2025-06-30 16:15:44.0000000;-0.325848000000008
BN_CONTROL.I5BEAM;2025-06-30 16:15:45.0000000;-0.330193000000008
BN_CONTROL.I5BEAM;2025-06-30 16:15:46.0000000;-0.329357000000016
BN_CONTROL.I5BEAM;2025-06-30 16:15:47.0000000;-0.324678000000006
BN_CONTROL.I5BEAM;2025-06-30 16:15:48.0000000;-0.334203000000002
BN_CONTROL.I5BEAM;2025-06-30 16:15:49.0000000;-0.330527000000018
BN_CONTROL.I5BEAM;2025-06-30 16:15:50.0000000;-0.330193000000008
BN_CONTROL.I5BEAM;2025-06-30 16:15:51.0000000;-0.329858999999999
BN_CONTROL.I5BEAM;2025-06-30 16:15:52.0000000;-0.329858999999999
BN_CONTROL.I5BEAM;2025-06-30 16:15:53.0000000;-0.328522000000021
BN_CONTROL.I5BEAM;2025-06-30 16:15:54.0000000;-0.327518999999995
BN_CONTROL.I5BEAM;2025-06-30 16:15:55.0000000;-0.327518999999995
BN_CONTROL.I5BEAM;2025-06-30 16:15:56.0000000;-0.328188000000011
BN_CONTROL.I5BEAM;2025-06-30 16:15:57.0000000;-0.319999999999993
BN_CONTROL.I5BEAM;2025-06-30 16:15:58.0000000;-0.322338999999999
BN_CONTROL.I5BEAM;2025-06-30 16:15:59.0000000;-0.320500999999979
BN_CONTROL.I5BEAM;2025-06-30 16:16:00.0000000;-0.323843000000011
BN_CONTROL.I5BEAM;2025-06-30 16:16:01.0000000;1.69658299999998
BN_CONTROL.I5BEAM;2025-06-30 16:16:02.0000000;1.69541299999997
BN_CONTROL.I5BEAM;2025-06-30 16:16:03.0000000;1.69808699999999
BN_CONTROL.I5BEAM;2025-06-30 16:16:04.0000000;1.69357500000001
BN_CONTROL.I5BEAM;2025-06-30 16:16:05.0000000;1.69340799999998
BN_CONTROL.I5BEAM;2025-06-30 16:16:06.0000000;1.68622199999999
BN_CONTROL.I5BEAM;2025-06-30 16:16:07.0000000;1.68622199999999
BN_CONTROL.I5BEAM;2025-06-30 16:16:08.0000000;1.68104199999999
BN_CONTROL.I5BEAM;2025-06-30 16:16:09.0000000;1.69023299999998
BN_CONTROL.I5BEAM;2025-06-30 16:16:10.0000000;1.68588799999998
BN_CONTROL.I5BEAM;2025-06-30 16:16:11.0000000;1.68304799999999
BN_CONTROL.I5BEAM;2025-06-30 16:16:12.0000000;1.68321500000002
BN_CONTROL.I5BEAM;2025-06-30 16:16:13.0000000;1.68054100000001
BN_CONTROL.I5BEAM;2025-06-30 16:16:14.0000000;1.68237900000003
BN_CONTROL.I5BEAM;2025-06-30 16:16:15.0000000;1.67736600000001
BN_CONTROL.I5BEAM;2025-06-30 16:16:16.0000000;1.68388299999998
BN_CONTROL.I5BEAM;2025-06-30 16:16:17.0000000;1.67903699999999
BN_CONTROL.I5BEAM;2025-06-30 16:16:18.0000000;1.67836899999998
BN_CONTROL.I5BEAM;2025-06-30 16:16:19.0000000;1.68120900000002
BN_CONTROL.I5BEAM;2025-06-30 16:16:20.0000000;1.68120900000002
BN_CONTROL.I5BEAM;2025-06-30 16:16:21.0000000;1.669512
BN_CONTROL.I5BEAM;2025-06-30 16:16:22.0000000;1.66767399999998
BN_CONTROL.I5BEAM;2025-06-30 16:16:23.0000000;1.66650399999997
BN_CONTROL.I5BEAM;2025-06-30 16:16:24.0000000;1.66566899999998
BN_CONTROL.I5BEAM;2025-06-30 16:16:25.0000000;1.666337
BN_CONTROL.I5BEAM;2025-06-30 16:16:26.0000000;1.66566899999998
BN_CONTROL.I5BEAM;2025-06-30 16:16:27.0000000;1.62489599999998
BN_CONTROL.I5BEAM;2025-06-30 16:16:28.0000000;1.61971599999998
BN_CONTROL.I5BEAM;2025-06-30 16:16:29.0000000;1.61988300000002
BN_CONTROL.I5BEAM;2025-06-30 16:16:30.0000000;1.61386700000003
BN_CONTROL.I5BEAM;2025-06-30 16:16:31.0000000;1.61369999999999
BN_CONTROL.I5BEAM;2025-06-30 16:16:32.0000000;1.61436900000001
BN_CONTROL.I5BEAM;2025-06-30 16:16:33.0000000;1.61353300000002
BN_CONTROL.I5BEAM;2025-06-30 16:16:34.0000000;1.61319900000001
BN_CONTROL.I5BEAM;2025-06-30 16:16:35.0000000;1.61069300000003
BN_CONTROL.I5BEAM;2025-06-30 16:16:36.0000000;1.60985699999998
BN_CONTROL.I5BEAM;2025-06-30 16:16:37.0000000;1.61186199999997
BN_CONTROL.I5BEAM;2025-06-30 16:16:38.0000000;1.61587300000002
BN_CONTROL.I5BEAM;2025-06-30 16:16:39.0000000;1.60233699999998
BN_CONTROL.I5BEAM;2025-06-30 16:16:40.0000000;1.61019099999999
BN_CONTROL.I5BEAM;2025-06-30 16:16:41.0000000;1.60066599999999
BN_CONTROL.I5BEAM;2025-06-30 16:16:42.0000000;1.61119400000001
BN_CONTROL.I5BEAM;2025-06-30 16:16:43.0000000;1.598995
BN_CONTROL.I5BEAM;2025-06-30 16:16:44.0000000;3.970167
BN_CONTROL.I5BEAM;2025-06-30 16:16:45.0000000;3.96816200000001
BN_CONTROL.I5BEAM;2025-06-30 16:16:46.0000000;3.973342
BN_CONTROL.I5BEAM;2025-06-30 16:16:47.0000000;3.96164499999998
BN_CONTROL.I5BEAM;2025-06-30 16:16:48.0000000;3.96398499999998
BN_CONTROL.I5BEAM;2025-06-30 16:16:49.0000000;3.96515399999998
BN_CONTROL.I5BEAM;2025-06-30 16:16:50.0000000;3.958303
BN_CONTROL.I5BEAM;2025-06-30 16:16:51.0000000;3.956298
BN_CONTROL.I5BEAM;2025-06-30 16:16:52.0000000;3.95646499999998
BN_CONTROL.I5BEAM;2025-06-30 16:16:53.0000000;3.952789
BN_CONTROL.I5BEAM;2025-06-30 16:16:54.0000000;3.94660599999997
BN_CONTROL.I5BEAM;2025-06-30 16:16:55.0000000;3.94393200000002
BN_CONTROL.I5BEAM;2025-06-30 16:16:56.0000000;3.94142599999998
BN_CONTROL.I5BEAM;2025-06-30 16:16:57.0000000;3.938084
BN_CONTROL.I5BEAM;2025-06-30 16:16:58.0000000;3.93925400000001
BN_CONTROL.I5BEAM;2025-06-30 16:16:59.0000000;3.93591199999997
BN_CONTROL.I5BEAM;2025-06-30 16:17:00.0000000;3.93424099999999
BN_CONTROL.I5BEAM;2025-06-30 16:17:01.0000000;3.92772400000001
BN_CONTROL.I5BEAM;2025-06-30 16:17:02.0000000;3.92722199999997
BN_CONTROL.I5BEAM;2025-06-30 16:17:03.0000000;3.92421400000001
BN_CONTROL.I5BEAM;2025-06-30 16:17:04.0000000;3.9187
BN_CONTROL.I5BEAM;2025-06-30 16:17:05.0000000;3.92087199999997
BN_CONTROL.I5BEAM;2025-06-30 16:17:06.0000000;3.91819900000002
BN_CONTROL.I5BEAM;2025-06-30 16:17:07.0000000;3.915525
BN_CONTROL.I5BEAM;2025-06-30 16:17:08.0000000;3.910011
BN_CONTROL.I5BEAM;2025-06-30 16:17:09.0000000;3.90633500000001
BN_CONTROL.I5BEAM;2025-06-30 16:17:10.0000000;3.90733699999998
BN_CONTROL.I5BEAM;2025-06-30 16:17:11.0000000;3.90600000000001
BN_CONTROL.I5BEAM;2025-06-30 16:17:12.0000000;3.90199000000001
BN_CONTROL.I5BEAM;2025-06-30 16:17:13.0000000;3.89781199999999
BN_CONTROL.I5BEAM;2025-06-30 16:17:14.0000000;3.90299299999998
BN_CONTROL.I5BEAM;2025-06-30 16:17:15.0000000;3.89480500000002
BN_CONTROL.I5BEAM;2025-06-30 16:17:16.0000000;3.89597400000002
BN_CONTROL.I5BEAM;2025-06-30 16:17:17.0000000;3.89079400000003
BN_CONTROL.I5BEAM;2025-06-30 16:17:18.0000000;3.89530600000001
BN_CONTROL.I5BEAM;2025-06-30 16:17:19.0000000;3.88678399999998
BN_CONTROL.I5BEAM;2025-06-30 16:17:20.0000000;3.88528000000002
BN_CONTROL.I5BEAM;2025-06-30 16:17:21.0000000;3.87893000000003
BN_CONTROL.I5BEAM;2025-06-30 16:17:22.0000000;3.88160399999998
BN_CONTROL.I5BEAM;2025-06-30 16:17:23.0000000;3.87391700000001
BN_CONTROL.I5BEAM;2025-06-30 16:17:24.0000000;3.87391700000001
BN_CONTROL.I5BEAM;2025-06-30 16:17:25.0000000;6.167554
BN_CONTROL.I5BEAM;2025-06-30 16:17:26.0000000;6.16137099999997
BN_CONTROL.I5BEAM;2025-06-30 16:17:27.0000000;6.14917300000002
BN_CONTROL.I5BEAM;2025-06-30 16:17:28.0000000;6.14716700000002
BN_CONTROL.I5BEAM;2025-06-30 16:17:29.0000000;6.13263000000001
BN_CONTROL.I5BEAM;2025-06-30 16:17:30.0000000;6.13146
BN_CONTROL.I5BEAM;2025-06-30 16:17:31.0000000;6.12260300000003
BN_CONTROL.I5BEAM;2025-06-30 16:17:32.0000000;6.11775699999998
BN_CONTROL.I5BEAM;2025-06-30 16:17:33.0000000;6.11708900000002
BN_CONTROL.I5BEAM;2025-06-30 16:17:34.0000000;6.10789799999998
BN_CONTROL.I5BEAM;2025-06-30 16:17:35.0000000;6.10305299999999
BN_CONTROL.I5BEAM;2025-06-30 16:17:36.0000000;6.09620100000001
BN_CONTROL.I5BEAM;2025-06-30 16:17:37.0000000;6.09570000000002
BN_CONTROL.I5BEAM;2025-06-30 16:17:38.0000000;6.08383600000002
BN_CONTROL.I5BEAM;2025-06-30 16:17:39.0000000;6.08066100000002
BN_CONTROL.I5BEAM;2025-06-30 16:17:40.0000000;6.07581499999998
BN_CONTROL.I5BEAM;2025-06-30 16:17:41.0000000;6.06913100000003
BN_CONTROL.I5BEAM;2025-06-30 16:17:42.0000000;6.06628999999998
BN_CONTROL.I5BEAM;2025-06-30 16:17:43.0000000;6.05910499999999
BN_CONTROL.I5BEAM;2025-06-30 16:17:44.0000000;6.04824300000001
BN_CONTROL.I5BEAM;2025-06-30 16:17:45.0000000;6.04891199999997
BN_CONTROL.I5BEAM;2025-06-30 16:17:46.0000000;6.04105800000002
BN_CONTROL.I5BEAM;2025-06-30 16:17:47.0000000;6.03470800000002
BN_CONTROL.I5BEAM;2025-06-30 16:17:48.0000000;6.03186699999998
BN_CONTROL.I5BEAM;2025-06-30 16:17:49.0000000;6.021006
BN_CONTROL.I5BEAM;2025-06-30 16:17:50.0000000;6.021006
BN_CONTROL.I5BEAM;2025-06-30 16:17:51.0000000;6.01799799999998
BN_CONTROL.I5BEAM;2025-06-30 16:17:52.0000000;6.007972
BN_CONTROL.I5BEAM;2025-06-30 16:17:53.0000000;6.00763799999999
BN_CONTROL.I5BEAM;2025-06-30 16:17:54.0000000;5.99995100000001
BN_CONTROL.I5BEAM;2025-06-30 16:17:55.0000000;5.99660899999998
BN_CONTROL.I5BEAM;2025-06-30 16:17:56.0000000;5.99176299999999
BN_CONTROL.I5BEAM;2025-06-30 16:17:57.0000000;5.98524600000002
BN_CONTROL.I5BEAM;2025-06-30 16:17:58.0000000;5.977058
BN_CONTROL.I5BEAM;2025-06-30 16:17:59.0000000;5.97689100000002
BN_CONTROL.I5BEAM;2025-06-30 16:18:00.0000000;5.96987300000001
BN_CONTROL.I5BEAM;2025-06-30 16:18:01.0000000;5.96987300000001
BN_CONTROL.I5BEAM;2025-06-30 16:18:02.0000000;5.96385700000002
BN_CONTROL.I5BEAM;2025-06-30 16:18:03.0000000;5.96302100000003
BN_CONTROL.I5BEAM;2025-06-30 16:18:04.0000000;5.95115700000002
BN_CONTROL.I5BEAM;2025-06-30 16:18:05.0000000;5.94597700000003
BN_CONTROL.I5BEAM;2025-06-30 16:18:06.0000000;5.94146499999999
BN_CONTROL.I5BEAM;2025-06-30 16:18:07.0000000;5.93812300000002
BN_CONTROL.I5BEAM;2025-06-30 16:18:08.0000000;5.93311
BN_CONTROL.I5BEAM;2025-06-30 16:18:09.0000000;5.92091199999999
BN_CONTROL.I5BEAM;2025-06-30 16:18:10.0000000;5.92091199999999
BN_CONTROL.I5BEAM;2025-06-30 16:18:11.0000000;5.91790400000002
BN_CONTROL.I5BEAM;2025-06-30 16:18:12.0000000;5.914061
BN_CONTROL.I5BEAM;2025-06-30 16:18:13.0000000;5.90754399999997
BN_CONTROL.I5BEAM;2025-06-30 16:18:14.0000000;5.90086000000002
BN_CONTROL.I5BEAM;2025-06-30 16:18:15.0000000;5.89517799999999
BN_CONTROL.I5BEAM;2025-06-30 16:18:16.0000000;5.88966399999998
BN_CONTROL.I5BEAM;2025-06-30 16:18:17.0000000;5.883982
BN_CONTROL.I5BEAM;2025-06-30 16:18:18.0000000;5.88314700000001
BN_CONTROL.I5BEAM;2025-06-30 16:18:19.0000000;5.87428999999997
BN_CONTROL.I5BEAM;2025-06-30 16:18:20.0000000;5.87813399999999
BN_CONTROL.I5BEAM;2025-06-30 16:18:21.0000000;5.86610200000001
BN_CONTROL.I5BEAM;2025-06-30 16:18:22.0000000;5.85891700000002
BN_CONTROL.I5BEAM;2025-06-30 16:18:23.0000000;5.85206599999998
BN_CONTROL.I5BEAM;2025-06-30 16:18:24.0000000;5.84738700000003
BN_CONTROL.I5BEAM;2025-06-30 16:18:25.0000000;5.84321
BN_CONTROL.I5BEAM;2025-06-30 16:18:26.0000000;5.83335099999999
BN_CONTROL.I5BEAM;2025-06-30 16:18:27.0000000;5.82984099999999
BN_CONTROL.I5BEAM;2025-06-30 16:18:28.0000000;5.82984099999999
BN_CONTROL.I5BEAM;2025-06-30 16:18:29.0000000;5.82215500000001
BN_CONTROL.I5BEAM;2025-06-30 16:18:30.0000000;5.81714199999999
BN_CONTROL.I5BEAM;2025-06-30 16:18:31.0000000;5.811126
BN_CONTROL.I5BEAM;2025-06-30 16:18:32.0000000;5.80694799999998
BN_CONTROL.I5BEAM;2025-06-30 16:18:33.0000000;5.80193500000001
BN_CONTROL.I5BEAM;2025-06-30 16:18:34.0000000;5.79525100000001
BN_CONTROL.I5BEAM;2025-06-30 16:18:35.0000000;5.79642100000001
BN_CONTROL.I5BEAM;2025-06-30 16:18:36.0000000;5.78472399999998
BN_CONTROL.I5BEAM;2025-06-30 16:18:37.0000000;5.77536600000002
BN_CONTROL.I5BEAM;2025-06-30 16:18:38.0000000;5.77803999999998
BN_CONTROL.I5BEAM;2025-06-30 16:18:39.0000000;5.77018600000002
BN_CONTROL.I5BEAM;2025-06-30 16:18:40.0000000;5.76149700000002
BN_CONTROL.I5BEAM;2025-06-30 16:18:41.0000000;5.76199800000001
BN_CONTROL.I5BEAM;2025-06-30 16:18:42.0000000;5.75614999999999
BN_CONTROL.I5BEAM;2025-06-30 16:18:43.0000000;5.74462
BN_CONTROL.I5BEAM;2025-06-30 16:18:44.0000000;5.74411800000001
BN_CONTROL.I5BEAM;2025-06-30 16:18:45.0000000;5.741445
BN_CONTROL.I5BEAM;2025-06-30 16:18:46.0000000;5.73091699999998
BN_CONTROL.I5BEAM;2025-06-30 16:18:47.0000000;5.72824400000002
BN_CONTROL.I5BEAM;2025-06-30 16:18:48.0000000;5.72055699999999
BN_CONTROL.I5BEAM;2025-06-30 16:18:49.0000000;5.72239500000001
BN_CONTROL.I5BEAM;2025-06-30 16:18:50.0000000;5.71203500000001
BN_CONTROL.I5BEAM;2025-06-30 16:18:51.0000000;5.71186799999998
BN_CONTROL.I5BEAM;2025-06-30 16:18:52.0000000;5.70200899999998
BN_CONTROL.I5BEAM;2025-06-30 16:18:53.0000000;5.70100600000001
BN_CONTROL.I5BEAM;2025-06-30 16:18:54.0000000;5.692317
BN_CONTROL.I5BEAM;2025-06-30 16:18:55.0000000;5.691147
BN_CONTROL.I5BEAM;2025-06-30 16:18:56.0000000;5.68178899999998
BN_CONTROL.I5BEAM;2025-06-30 16:18:57.0000000;5.68145500000003
BN_CONTROL.I5BEAM;2025-06-30 16:18:58.0000000;5.670928
BN_CONTROL.I5BEAM;2025-06-30 16:18:59.0000000;5.67009200000001
BN_CONTROL.I5BEAM;2025-06-30 16:19:00.0000000;5.66407700000002
BN_CONTROL.I5BEAM;2025-06-30 16:19:01.0000000;5.65739300000001
BN_CONTROL.I5BEAM;2025-06-30 16:19:02.0000000;5.64770099999998
BN_CONTROL.I5BEAM;2025-06-30 16:19:03.0000000;5.64669800000001
BN_CONTROL.I5BEAM;2025-06-30 16:19:04.0000000;5.64435900000001
BN_CONTROL.I5BEAM;2025-06-30 16:19:05.0000000;5.64018099999998
BN_CONTROL.I5BEAM;2025-06-30 16:19:06.0000000;5.62948699999998
BN_CONTROL.I5BEAM;2025-06-30 16:19:07.0000000;5.622635
BN_CONTROL.I5BEAM;2025-06-30 16:19:08.0000000;5.62213400000002
BN_CONTROL.I5BEAM;2025-06-30 16:19:09.0000000;5.611941
BN_CONTROL.I5BEAM;2025-06-30 16:19:10.0000000;5.61127199999999
BN_CONTROL.I5BEAM;2025-06-30 16:19:11.0000000;5.601246
BN_CONTROL.I5BEAM;2025-06-30 16:19:12.0000000;5.60224899999997
BN_CONTROL.I5BEAM;2025-06-30 16:19:13.0000000;5.59339299999999
BN_CONTROL.I5BEAM;2025-06-30 16:19:14.0000000;5.58804500000002
BN_CONTROL.I5BEAM;2025-06-30 16:19:15.0000000;5.58102700000001
BN_CONTROL.I5BEAM;2025-06-30 16:19:16.0000000;5.57333999999997
BN_CONTROL.I5BEAM;2025-06-30 16:19:17.0000000;5.57333999999997
BN_CONTROL.I5BEAM;2025-06-30 16:19:18.0000000;5.56815999999998
BN_CONTROL.I5BEAM;2025-06-30 16:19:19.0000000;5.557299
BN_CONTROL.I5BEAM;2025-06-30 16:19:20.0000000;5.55312099999998
BN_CONTROL.I5BEAM;2025-06-30 16:19:21.0000000;5.55312099999998
BN_CONTROL.I5BEAM;2025-06-30 16:19:22.0000000;5.552954
BN_CONTROL.I5BEAM;2025-06-30 16:19:23.0000000;5.54643700000003
BN_CONTROL.I5BEAM;2025-06-30 16:19:24.0000000;5.54109
BN_CONTROL.I5BEAM;2025-06-30 16:19:25.0000000;5.53223300000002
BN_CONTROL.I5BEAM;2025-06-30 16:19:26.0000000;5.52822300000003
BN_CONTROL.I5BEAM;2025-06-30 16:19:27.0000000;5.52504800000003
BN_CONTROL.I5BEAM;2025-06-30 16:19:28.0000000;5.52187300000003
BN_CONTROL.I5BEAM;2025-06-30 16:19:29.0000000;5.51635900000002
BN_CONTROL.I5BEAM;2025-06-30 16:19:30.0000000;5.50733500000001
BN_CONTROL.I5BEAM;2025-06-30 16:19:31.0000000;5.505831
BN_CONTROL.I5BEAM;2025-06-30 16:19:32.0000000;5.498312
BN_CONTROL.I5BEAM;2025-06-30 16:19:33.0000000;5.49012399999998
BN_CONTROL.I5BEAM;2025-06-30 16:19:34.0000000;5.48979000000003
BN_CONTROL.I5BEAM;2025-06-30 16:19:35.0000000;5.482103
BN_CONTROL.I5BEAM;2025-06-30 16:19:36.0000000;5.47959600000002
BN_CONTROL.I5BEAM;2025-06-30 16:19:37.0000000;5.473748
BN_CONTROL.I5BEAM;2025-06-30 16:19:38.0000000;5.46656200000001
BN_CONTROL.I5BEAM;2025-06-30 16:19:39.0000000;5.46522599999997
BN_CONTROL.I5BEAM;2025-06-30 16:19:40.0000000;5.44667700000002
BN_CONTROL.I5BEAM;2025-06-30 16:19:41.0000000;5.44667700000002
BN_CONTROL.I5BEAM;2025-06-30 16:19:42.0000000;5.44233300000002
BN_CONTROL.I5BEAM;2025-06-30 16:19:43.0000000;5.43782099999999
BN_CONTROL.I5BEAM;2025-06-30 16:19:44.0000000;5.439325
BN_CONTROL.I5BEAM;2025-06-30 16:19:45.0000000;5.43097
BN_CONTROL.I5BEAM;2025-06-30 16:19:46.0000000;5.42595699999998
BN_CONTROL.I5BEAM;2025-06-30 16:19:47.0000000;5.41944000000001
BN_CONTROL.I5BEAM;2025-06-30 16:19:48.0000000;5.41877099999999
BN_CONTROL.I5BEAM;2025-06-30 16:19:49.0000000;5.41175299999998
BN_CONTROL.I5BEAM;2025-06-30 16:19:50.0000000;5.40657299999998
BN_CONTROL.I5BEAM;2025-06-30 16:19:51.0000000;5.40473500000002
BN_CONTROL.I5BEAM;2025-06-30 16:19:52.0000000;5.39721500000002
BN_CONTROL.I5BEAM;2025-06-30 16:19:53.0000000;5.39120000000003
BN_CONTROL.I5BEAM;2025-06-30 16:19:54.0000000;5.385852
BN_CONTROL.I5BEAM;2025-06-30 16:19:55.0000000;8.27771300000001
BN_CONTROL.I5BEAM;2025-06-30 16:19:56.0000000;8.273034
BN_CONTROL.I5BEAM;2025-06-30 16:19:57.0000000;8.26233999999999
BN_CONTROL.I5BEAM;2025-06-30 16:19:58.0000000;8.24546199999998
BN_CONTROL.I5BEAM;2025-06-30 16:19:59.0000000;8.24111799999997
BN_CONTROL.I5BEAM;2025-06-30 16:20:00.0000000;8.23309699999999
BN_CONTROL.I5BEAM;2025-06-30 16:20:01.0000000;8.223071
BN_CONTROL.I5BEAM;2025-06-30 16:20:02.0000000;8.215551
BN_CONTROL.I5BEAM;2025-06-30 16:20:03.0000000;8.207697
BN_CONTROL.I5BEAM;2025-06-30 16:20:04.0000000;8.20001100000002
BN_CONTROL.I5BEAM;2025-06-30 16:20:05.0000000;8.194998
BN_CONTROL.I5BEAM;2025-06-30 16:20:06.0000000;8.18463700000001
BN_CONTROL.I5BEAM;2025-06-30 16:20:07.0000000;8.17711800000001
BN_CONTROL.I5BEAM;2025-06-30 16:20:08.0000000;8.16909700000002
BN_CONTROL.I5BEAM;2025-06-30 16:20:09.0000000;8.16040800000002
BN_CONTROL.I5BEAM;2025-06-30 16:20:10.0000000;8.15455900000001
BN_CONTROL.I5BEAM;2025-06-30 16:20:11.0000000;8.14620400000001
BN_CONTROL.I5BEAM;2025-06-30 16:20:12.0000000;8.13417299999998
BN_CONTROL.I5BEAM;2025-06-30 16:20:13.0000000;8.12999500000001
BN_CONTROL.I5BEAM;2025-06-30 16:20:14.0000000;8.121306
BN_CONTROL.I5BEAM;2025-06-30 16:20:15.0000000;8.11111299999999
BN_CONTROL.I5BEAM;2025-06-30 16:20:16.0000000;8.10125399999998
BN_CONTROL.I5BEAM;2025-06-30 16:20:17.0000000;8.09657499999997
BN_CONTROL.I5BEAM;2025-06-30 16:20:18.0000000;8.086883
BN_CONTROL.I5BEAM;2025-06-30 16:20:19.0000000;8.07886200000002
BN_CONTROL.I5BEAM;2025-06-30 16:20:20.0000000;8.07150999999999
BN_CONTROL.I5BEAM;2025-06-30 16:20:21.0000000;8.06449099999998
BN_CONTROL.I5BEAM;2025-06-30 16:20:22.0000000;8.05212599999999
BN_CONTROL.I5BEAM;2025-06-30 16:20:23.0000000;8.04644400000001
BN_CONTROL.I5BEAM;2025-06-30 16:20:24.0000000;8.03758800000003
BN_CONTROL.I5BEAM;2025-06-30 16:20:25.0000000;8.03441299999997
BN_CONTROL.I5BEAM;2025-06-30 16:20:26.0000000;8.02422000000001
BN_CONTROL.I5BEAM;2025-06-30 16:20:27.0000000;8.01686699999999
BN_CONTROL.I5BEAM;2025-06-30 16:20:28.0000000;8.009682
BN_CONTROL.I5BEAM;2025-06-30 16:20:29.0000000;7.99714899999998
BN_CONTROL.I5BEAM;2025-06-30 16:20:30.0000000;7.99230299999999
BN_CONTROL.I5BEAM;2025-06-30 16:20:31.0000000;7.98277899999999
BN_CONTROL.I5BEAM;2025-06-30 16:20:32.0000000;7.97893499999998
BN_CONTROL.I5BEAM;2025-06-30 16:20:33.0000000;7.96907599999997
BN_CONTROL.I5BEAM;2025-06-30 16:20:34.0000000;7.95904999999999
BN_CONTROL.I5BEAM;2025-06-30 16:20:35.0000000;7.95336900000001
BN_CONTROL.I5BEAM;2025-06-30 16:20:36.0000000;7.95019400000001
BN_CONTROL.I5BEAM;2025-06-30 16:20:37.0000000;7.93649199999999
BN_CONTROL.I5BEAM;2025-06-30 16:20:38.0000000;7.92863799999998
BN_CONTROL.I5BEAM;2025-06-30 16:20:39.0000000;7.91894600000001
BN_CONTROL.I5BEAM;2025-06-30 16:20:40.0000000;7.91276299999998
BN_CONTROL.I5BEAM;2025-06-30 16:20:41.0000000;7.90507600000001
BN_CONTROL.I5BEAM;2025-06-30 16:20:42.0000000;7.89388100000002
BN_CONTROL.I5BEAM;2025-06-30 16:20:43.0000000;7.89187500000003
BN_CONTROL.I5BEAM;2025-06-30 16:20:44.0000000;7.88468999999998
BN_CONTROL.I5BEAM;2025-06-30 16:20:45.0000000;7.87399599999998
BN_CONTROL.I5BEAM;2025-06-30 16:20:46.0000000;7.87399599999998
BN_CONTROL.I5BEAM;2025-06-30 16:20:47.0000000;7.86881499999998
BN_CONTROL.I5BEAM;2025-06-30 16:20:48.0000000;7.86096199999997
BN_CONTROL.I5BEAM;2025-06-30 16:20:49.0000000;7.85160400000001
BN_CONTROL.I5BEAM;2025-06-30 16:20:50.0000000;7.85093499999999
BN_CONTROL.I5BEAM;2025-06-30 16:20:51.0000000;7.84291500000001
BN_CONTROL.I5BEAM;2025-06-30 16:20:52.0000000;7.83205299999997
BN_CONTROL.I5BEAM;2025-06-30 16:20:53.0000000;7.82069000000001
BN_CONTROL.I5BEAM;2025-06-30 16:20:54.0000000;7.81768199999999
BN_CONTROL.I5BEAM;2025-06-30 16:20:55.0000000;7.80832500000002
BN_CONTROL.I5BEAM;2025-06-30 16:20:56.0000000;7.80715500000002
BN_CONTROL.I5BEAM;2025-06-30 16:20:57.0000000;7.79278399999998
BN_CONTROL.I5BEAM;2025-06-30 16:20:58.0000000;7.79044499999998
BN_CONTROL.I5BEAM;2025-06-30 16:20:59.0000000;7.77991700000001
BN_CONTROL.I5BEAM;2025-06-30 16:21:00.0000000;7.77022499999998
BN_CONTROL.I5BEAM;2025-06-30 16:21:01.0000000;7.76170300000001
BN_CONTROL.I5BEAM;2025-06-30 16:21:02.0000000;7.75535300000001
BN_CONTROL.I5BEAM;2025-06-30 16:21:03.0000000;7.748335
BN_CONTROL.I5BEAM;2025-06-30 16:21:04.0000000;7.74482599999999
BN_CONTROL.I5BEAM;2025-06-30 16:21:05.0000000;7.73496699999998
BN_CONTROL.I5BEAM;2025-06-30 16:21:06.0000000;7.73363000000001
BN_CONTROL.I5BEAM;2025-06-30 16:21:07.0000000;7.730121
BN_CONTROL.I5BEAM;2025-06-30 16:21:08.0000000;7.71324399999997
BN_CONTROL.I5BEAM;2025-06-30 16:21:09.0000000;7.707897
BN_CONTROL.I5BEAM;2025-06-30 16:21:10.0000000;7.70572399999998
BN_CONTROL.I5BEAM;2025-06-30 16:21:11.0000000;7.69068499999997
BN_CONTROL.I5BEAM;2025-06-30 16:21:12.0000000;7.68383399999999
BN_CONTROL.I5BEAM;2025-06-30 16:21:13.0000000;9.80284999999998
BN_CONTROL.I5BEAM;2025-06-30 16:21:14.0000000;9.79349200000001
BN_CONTROL.I5BEAM;2025-06-30 16:21:15.0000000;9.78680800000001
BN_CONTROL.I5BEAM;2025-06-30 16:21:16.0000000;9.78246300000001
BN_CONTROL.I5BEAM;2025-06-30 16:21:17.0000000;9.77711599999998
BN_CONTROL.I5BEAM;2025-06-30 16:21:18.0000000;9.76541900000001
BN_CONTROL.I5BEAM;2025-06-30 16:21:19.0000000;9.75973699999997
BN_CONTROL.I5BEAM;2025-06-30 16:21:20.0000000;9.75338699999998
BN_CONTROL.I5BEAM;2025-06-30 16:21:21.0000000;9.74118900000002
BN_CONTROL.I5BEAM;2025-06-30 16:21:22.0000000;9.73584199999999
BN_CONTROL.I5BEAM;2025-06-30 16:21:23.0000000;9.725481
BN_CONTROL.I5BEAM;2025-06-30 16:21:24.0000000;9.70994100000001
BN_CONTROL.I5BEAM;2025-06-30 16:21:25.0000000;9.70225399999998
BN_CONTROL.I5BEAM;2025-06-30 16:21:26.0000000;9.69356499999998
BN_CONTROL.I5BEAM;2025-06-30 16:21:27.0000000;9.69155999999998
BN_CONTROL.I5BEAM;2025-06-30 16:21:28.0000000;9.68136700000002
BN_CONTROL.I5BEAM;2025-06-30 16:21:29.0000000;9.672844
BN_CONTROL.I5BEAM;2025-06-30 16:21:30.0000000;9.66215
BN_CONTROL.I5BEAM;2025-06-30 16:21:31.0000000;9.65697
BN_CONTROL.I5BEAM;2025-06-30 16:21:32.0000000;9.64777900000001
BN_CONTROL.I5BEAM;2025-06-30 16:21:33.0000000;9.63691799999998
BN_CONTROL.I5BEAM;2025-06-30 16:21:34.0000000;9.62705899999997
BN_CONTROL.I5BEAM;2025-06-30 16:21:35.0000000;9.61803500000002
BN_CONTROL.I5BEAM;2025-06-30 16:21:36.0000000;9.61519399999997
BN_CONTROL.I5BEAM;2025-06-30 16:21:37.0000000;9.602328
BN_CONTROL.I5BEAM;2025-06-30 16:21:38.0000000;9.59296999999998
BN_CONTROL.I5BEAM;2025-06-30 16:21:39.0000000;9.58778999999998
BN_CONTROL.I5BEAM;2025-06-30 16:21:40.0000000;9.58260999999999
BN_CONTROL.I5BEAM;2025-06-30 16:21:41.0000000;9.56974300000002
BN_CONTROL.I5BEAM;2025-06-30 16:21:42.0000000;9.56205599999998
BN_CONTROL.I5BEAM;2025-06-30 16:21:43.0000000;9.55269800000002
BN_CONTROL.I5BEAM;2025-06-30 16:21:44.0000000;9.54985799999997
BN_CONTROL.I5BEAM;2025-06-30 16:21:45.0000000;9.53548699999999
BN_CONTROL.I5BEAM;2025-06-30 16:21:46.0000000;9.52997299999998
BN_CONTROL.I5BEAM;2025-06-30 16:21:47.0000000;9.52228600000001
BN_CONTROL.I5BEAM;2025-06-30 16:21:48.0000000;9.510087
BN_CONTROL.I5BEAM;2025-06-30 16:21:49.0000000;9.50323600000002
BN_CONTROL.I5BEAM;2025-06-30 16:21:50.0000000;9.49521499999997
BN_CONTROL.I5BEAM;2025-06-30 16:21:51.0000000;9.48418700000002
BN_CONTROL.I5BEAM;2025-06-30 16:21:52.0000000;9.47516300000001
BN_CONTROL.I5BEAM;2025-06-30 16:21:53.0000000;9.468479
BN_CONTROL.I5BEAM;2025-06-30 16:21:54.0000000;9.46831200000003
BN_CONTROL.I5BEAM;2025-06-30 16:21:55.0000000;9.45110099999999
BN_CONTROL.I5BEAM;2025-06-30 16:21:56.0000000;9.45243699999997
BN_CONTROL.I5BEAM;2025-06-30 16:21:57.0000000;9.43589400000002
BN_CONTROL.I5BEAM;2025-06-30 16:21:58.0000000;9.42804100000001
BN_CONTROL.I5BEAM;2025-06-30 16:21:59.0000000;9.41851600000001
BN_CONTROL.I5BEAM;2025-06-30 16:22:00.0000000;9.40798799999999
BN_CONTROL.I5BEAM;2025-06-30 16:22:01.0000000;9.40865700000001
BN_CONTROL.I5BEAM;2025-06-30 16:22:02.0000000;9.40213999999997
BN_CONTROL.I5BEAM;2025-06-30 16:22:03.0000000;9.39578999999998
BN_CONTROL.I5BEAM;2025-06-30 16:22:04.0000000;9.383759
BN_CONTROL.I5BEAM;2025-06-30 16:22:05.0000000;9.37557099999998
BN_CONTROL.I5BEAM;2025-06-30 16:22:06.0000000;9.36738300000002
BN_CONTROL.I5BEAM;2025-06-30 16:22:07.0000000;9.35451599999999
BN_CONTROL.I5BEAM;2025-06-30 16:22:08.0000000;9.352845
BN_CONTROL.I5BEAM;2025-06-30 16:22:09.0000000;9.338975
BN_CONTROL.I5BEAM;2025-06-30 16:22:10.0000000;9.33630199999999
BN_CONTROL.I5BEAM;2025-06-30 16:22:11.0000000;9.32527299999998
BN_CONTROL.I5BEAM;2025-06-30 16:22:12.0000000;9.31491299999999
BN_CONTROL.I5BEAM;2025-06-30 16:22:13.0000000;9.31491299999999
BN_CONTROL.I5BEAM;2025-06-30 16:22:14.0000000;9.31073500000002
BN_CONTROL.I5BEAM;2025-06-30 16:22:15.0000000;9.30187899999999
BN_CONTROL.I5BEAM;2025-06-30 16:22:16.0000000;9.29669899999999
BN_CONTROL.I5BEAM;2025-06-30 16:22:17.0000000;9.29285499999997
BN_CONTROL.I5BEAM;2025-06-30 16:22:18.0000000;9.28048999999999
BN_CONTROL.I5BEAM;2025-06-30 16:22:19.0000000;11.468518
BN_CONTROL.I5BEAM;2025-06-30 16:22:20.0000000;11.45749
BN_CONTROL.I5BEAM;2025-06-30 16:22:21.0000000;11.446962
BN_CONTROL.I5BEAM;2025-06-30 16:22:22.0000000;11.441448
BN_CONTROL.I5BEAM;2025-06-30 16:22:23.0000000;11.42925
BN_CONTROL.I5BEAM;2025-06-30 16:22:24.0000000;11.414043
BN_CONTROL.I5BEAM;2025-06-30 16:22:25.0000000;11.411203
BN_CONTROL.I5BEAM;2025-06-30 16:22:26.0000000;11.401845
BN_CONTROL.I5BEAM;2025-06-30 16:22:27.0000000;11.392153
BN_CONTROL.I5BEAM;2025-06-30 16:22:28.0000000;11.380957
BN_CONTROL.I5BEAM;2025-06-30 16:22:29.0000000;11.376446
BN_CONTROL.I5BEAM;2025-06-30 16:22:30.0000000;11.363412
BN_CONTROL.I5BEAM;2025-06-30 16:22:31.0000000;11.349876
BN_CONTROL.I5BEAM;2025-06-30 16:22:32.0000000;11.343694
BN_CONTROL.I5BEAM;2025-06-30 16:22:33.0000000;11.330994
BN_CONTROL.I5BEAM;2025-06-30 16:22:34.0000000;11.324644
BN_CONTROL.I5BEAM;2025-06-30 16:22:35.0000000;11.309271
BN_CONTROL.I5BEAM;2025-06-30 16:22:36.0000000;11.297239
BN_CONTROL.I5BEAM;2025-06-30 16:22:37.0000000;11.298075
BN_CONTROL.I5BEAM;2025-06-30 16:22:38.0000000;11.290388
BN_CONTROL.I5BEAM;2025-06-30 16:22:39.0000000;11.280863
BN_CONTROL.I5BEAM;2025-06-30 16:22:40.0000000;11.2695
BN_CONTROL.I5BEAM;2025-06-30 16:22:41.0000000;11.252623
BN_CONTROL.I5BEAM;2025-06-30 16:22:42.0000000;11.252623
BN_CONTROL.I5BEAM;2025-06-30 16:22:43.0000000;11.246775
BN_CONTROL.I5BEAM;2025-06-30 16:22:44.0000000;11.231067
BN_CONTROL.I5BEAM;2025-06-30 16:22:45.0000000;11.22572
BN_CONTROL.I5BEAM;2025-06-30 16:22:46.0000000;11.215025
BN_CONTROL.I5BEAM;2025-06-30 16:22:47.0000000;11.202827
BN_CONTROL.I5BEAM;2025-06-30 16:22:48.0000000;11.19748
BN_CONTROL.I5BEAM;2025-06-30 16:22:49.0000000;11.176592
BN_CONTROL.I5BEAM;2025-06-30 16:22:50.0000000;11.170409
BN_CONTROL.I5BEAM;2025-06-30 16:22:51.0000000;11.158879
BN_CONTROL.I5BEAM;2025-06-30 16:22:52.0000000;11.149354
BN_CONTROL.I5BEAM;2025-06-30 16:22:53.0000000;11.136153
BN_CONTROL.I5BEAM;2025-06-30 16:22:54.0000000;11.132811
BN_CONTROL.I5BEAM;2025-06-30 16:22:55.0000000;11.117939
BN_CONTROL.I5BEAM;2025-06-30 16:22:56.0000000;11.116602
BN_CONTROL.I5BEAM;2025-06-30 16:22:57.0000000;11.099892
BN_CONTROL.I5BEAM;2025-06-30 16:22:58.0000000;11.09254
BN_CONTROL.I5BEAM;2025-06-30 16:22:59.0000000;11.087025
BN_CONTROL.I5BEAM;2025-06-30 16:23:00.0000000;11.072153
BN_CONTROL.I5BEAM;2025-06-30 16:23:01.0000000;11.064968
BN_CONTROL.I5BEAM;2025-06-30 16:23:02.0000000;11.055109
BN_CONTROL.I5BEAM;2025-06-30 16:23:03.0000000;11.045083
BN_CONTROL.I5BEAM;2025-06-30 16:23:04.0000000;11.037898
BN_CONTROL.I5BEAM;2025-06-30 16:23:05.0000000;11.026702
BN_CONTROL.I5BEAM;2025-06-30 16:23:06.0000000;11.023694
BN_CONTROL.I5BEAM;2025-06-30 16:23:07.0000000;11.012164
BN_CONTROL.I5BEAM;2025-06-30 16:23:08.0000000;11.00431
BN_CONTROL.I5BEAM;2025-06-30 16:23:09.0000000;10.991276
BN_CONTROL.I5BEAM;2025-06-30 16:23:10.0000000;10.984091
BN_CONTROL.I5BEAM;2025-06-30 16:23:11.0000000;10.975402
BN_CONTROL.I5BEAM;2025-06-30 16:23:12.0000000;10.965041
BN_CONTROL.I5BEAM;2025-06-30 16:23:13.0000000;10.954347
BN_CONTROL.I5BEAM;2025-06-30 16:23:14.0000000;10.948331
BN_CONTROL.I5BEAM;2025-06-30 16:23:15.0000000;10.937637
BN_CONTROL.I5BEAM;2025-06-30 16:23:16.0000000;10.928947
BN_CONTROL.I5BEAM;2025-06-30 16:23:17.0000000;10.920926
BN_CONTROL.I5BEAM;2025-06-30 16:23:18.0000000;10.9109
BN_CONTROL.I5BEAM;2025-06-30 16:23:19.0000000;10.90054
BN_CONTROL.I5BEAM;2025-06-30 16:23:20.0000000;10.889678
BN_CONTROL.I5BEAM;2025-06-30 16:23:21.0000000;10.881658
BN_CONTROL.I5BEAM;2025-06-30 16:23:22.0000000;10.870128
BN_CONTROL.I5BEAM;2025-06-30 16:23:23.0000000;13.207879
BN_CONTROL.I5BEAM;2025-06-30 16:23:24.0000000;13.197018
BN_CONTROL.I5BEAM;2025-06-30 16:23:25.0000000;13.191503
BN_CONTROL.I5BEAM;2025-06-30 16:23:26.0000000;13.176464
BN_CONTROL.I5BEAM;2025-06-30 16:23:27.0000000;13.162093
BN_CONTROL.I5BEAM;2025-06-30 16:23:28.0000000;13.142877
BN_CONTROL.I5BEAM;2025-06-30 16:23:29.0000000;13.135524
BN_CONTROL.I5BEAM;2025-06-30 16:23:30.0000000;13.12767
BN_CONTROL.I5BEAM;2025-06-30 16:23:31.0000000;13.115806
BN_CONTROL.I5BEAM;2025-06-30 16:23:32.0000000;13.10461
BN_CONTROL.I5BEAM;2025-06-30 16:23:33.0000000;13.096088
BN_CONTROL.I5BEAM;2025-06-30 16:23:34.0000000;13.086898
BN_CONTROL.I5BEAM;2025-06-30 16:23:35.0000000;13.078877
BN_CONTROL.I5BEAM;2025-06-30 16:23:36.0000000;13.060663
BN_CONTROL.I5BEAM;2025-06-30 16:23:37.0000000;13.052642
BN_CONTROL.I5BEAM;2025-06-30 16:23:38.0000000;13.052642
BN_CONTROL.I5BEAM;2025-06-30 16:23:39.0000000;13.041279
BN_CONTROL.I5BEAM;2025-06-30 16:23:40.0000000;13.042282
BN_CONTROL.I5BEAM;2025-06-30 16:23:41.0000000;13.021561
BN_CONTROL.I5BEAM;2025-06-30 16:23:42.0000000;13.006188
BN_CONTROL.I5BEAM;2025-06-30 16:23:43.0000000;13.003514
BN_CONTROL.I5BEAM;2025-06-30 16:23:44.0000000;12.991148
BN_CONTROL.I5BEAM;2025-06-30 16:23:45.0000000;12.986637
BN_CONTROL.I5BEAM;2025-06-30 16:23:46.0000000;12.974271
BN_CONTROL.I5BEAM;2025-06-30 16:23:47.0000000;12.960068
BN_CONTROL.I5BEAM;2025-06-30 16:23:48.0000000;12.952214
BN_CONTROL.I5BEAM;2025-06-30 16:23:49.0000000;12.947368
BN_CONTROL.I5BEAM;2025-06-30 16:23:50.0000000;12.935337
BN_CONTROL.I5BEAM;2025-06-30 16:23:51.0000000;12.924976
BN_CONTROL.I5BEAM;2025-06-30 16:23:52.0000000;12.914282
BN_CONTROL.I5BEAM;2025-06-30 16:23:53.0000000;12.902752
BN_CONTROL.I5BEAM;2025-06-30 16:23:54.0000000;12.895733
BN_CONTROL.I5BEAM;2025-06-30 16:23:55.0000000;12.884705
BN_CONTROL.I5BEAM;2025-06-30 16:23:56.0000000;12.873843
BN_CONTROL.I5BEAM;2025-06-30 16:23:57.0000000;12.857968
BN_CONTROL.I5BEAM;2025-06-30 16:23:58.0000000;12.84577
BN_CONTROL.I5BEAM;2025-06-30 16:23:59.0000000;12.835911
BN_CONTROL.I5BEAM;2025-06-30 16:24:00.0000000;12.827222
BN_CONTROL.I5BEAM;2025-06-30 16:24:01.0000000;12.815023
BN_CONTROL.I5BEAM;2025-06-30 16:24:02.0000000;12.800987
BN_CONTROL.I5BEAM;2025-06-30 16:24:03.0000000;12.787786
BN_CONTROL.I5BEAM;2025-06-30 16:24:04.0000000;12.777258
BN_CONTROL.I5BEAM;2025-06-30 16:24:05.0000000;12.764893
BN_CONTROL.I5BEAM;2025-06-30 16:24:06.0000000;12.754867
BN_CONTROL.I5BEAM;2025-06-30 16:24:07.0000000;12.744339
BN_CONTROL.I5BEAM;2025-06-30 16:24:08.0000000;12.731974
BN_CONTROL.I5BEAM;2025-06-30 16:24:09.0000000;12.720444
BN_CONTROL.I5BEAM;2025-06-30 16:24:10.0000000;12.707243
BN_CONTROL.I5BEAM;2025-06-30 16:24:11.0000000;12.695546
BN_CONTROL.I5BEAM;2025-06-30 16:24:12.0000000;12.68552
BN_CONTROL.I5BEAM;2025-06-30 16:24:13.0000000;12.677499
BN_CONTROL.I5BEAM;2025-06-30 16:24:14.0000000;12.6653
BN_CONTROL.I5BEAM;2025-06-30 16:24:15.0000000;12.643744
BN_CONTROL.I5BEAM;2025-06-30 16:24:16.0000000;12.633718
BN_CONTROL.I5BEAM;2025-06-30 16:24:17.0000000;12.626366
BN_CONTROL.I5BEAM;2025-06-30 16:24:18.0000000;12.611326
BN_CONTROL.I5BEAM;2025-06-30 16:24:19.0000000;12.601467
BN_CONTROL.I5BEAM;2025-06-30 16:24:20.0000000;12.589436
BN_CONTROL.I5BEAM;2025-06-30 16:24:21.0000000;12.575065
BN_CONTROL.I5BEAM;2025-06-30 16:24:22.0000000;12.56387
BN_CONTROL.I5BEAM;2025-06-30 16:24:23.0000000;12.559859
BN_CONTROL.I5BEAM;2025-06-30 16:24:24.0000000;12.541979
BN_CONTROL.I5BEAM;2025-06-30 16:24:25.0000000;12.538303
BN_CONTROL.I5BEAM;2025-06-30 16:24:26.0000000;12.520423
BN_CONTROL.I5BEAM;2025-06-30 16:24:27.0000000;12.513739
BN_CONTROL.I5BEAM;2025-06-30 16:24:28.0000000;12.500037
BN_CONTROL.I5BEAM;2025-06-30 16:24:29.0000000;12.496026
BN_CONTROL.I5BEAM;2025-06-30 16:24:30.0000000;12.482658
BN_CONTROL.I5BEAM;2025-06-30 16:24:31.0000000;12.475974
BN_CONTROL.I5BEAM;2025-06-30 16:24:32.0000000;12.462606
BN_CONTROL.I5BEAM;2025-06-30 16:24:33.0000000;12.452413
BN_CONTROL.I5BEAM;2025-06-30 16:24:34.0000000;12.443222
BN_CONTROL.I5BEAM;2025-06-30 16:24:35.0000000;12.436872
BN_CONTROL.I5BEAM;2025-06-30 16:24:36.0000000;12.430021
BN_CONTROL.I5BEAM;2025-06-30 16:24:37.0000000;14.826258
BN_CONTROL.I5BEAM;2025-06-30 16:24:38.0000000;14.815564
BN_CONTROL.I5BEAM;2025-06-30 16:24:39.0000000;14.790165
BN_CONTROL.I5BEAM;2025-06-30 16:24:40.0000000;14.780473
BN_CONTROL.I5BEAM;2025-06-30 16:24:41.0000000;14.770279
BN_CONTROL.I5BEAM;2025-06-30 16:24:42.0000000;14.754071
BN_CONTROL.I5BEAM;2025-06-30 16:24:43.0000000;14.746217
BN_CONTROL.I5BEAM;2025-06-30 16:24:44.0000000;14.730509
BN_CONTROL.I5BEAM;2025-06-30 16:24:45.0000000;14.726332
BN_CONTROL.I5BEAM;2025-06-30 16:24:46.0000000;14.709287
BN_CONTROL.I5BEAM;2025-06-30 16:24:47.0000000;14.698426
BN_CONTROL.I5BEAM;2025-06-30 16:24:48.0000000;14.686729
BN_CONTROL.I5BEAM;2025-06-30 16:24:49.0000000;14.672024
BN_CONTROL.I5BEAM;2025-06-30 16:24:50.0000000;14.663334
BN_CONTROL.I5BEAM;2025-06-30 16:24:51.0000000;14.648295
BN_CONTROL.I5BEAM;2025-06-30 16:24:52.0000000;14.636431
BN_CONTROL.I5BEAM;2025-06-30 16:24:53.0000000;14.622562
BN_CONTROL.I5BEAM;2025-06-30 16:24:54.0000000;14.609528
BN_CONTROL.I5BEAM;2025-06-30 16:24:55.0000000;14.597663
BN_CONTROL.I5BEAM;2025-06-30 16:24:56.0000000;14.584964
BN_CONTROL.I5BEAM;2025-06-30 16:24:57.0000000;14.57076
BN_CONTROL.I5BEAM;2025-06-30 16:24:58.0000000;14.55923
BN_CONTROL.I5BEAM;2025-06-30 16:24:59.0000000;14.550708
BN_CONTROL.I5BEAM;2025-06-30 16:25:00.0000000;14.537674
BN_CONTROL.I5BEAM;2025-06-30 16:25:01.0000000;14.524139
BN_CONTROL.I5BEAM;2025-06-30 16:25:02.0000000;14.515617
BN_CONTROL.I5BEAM;2025-06-30 16:25:03.0000000;14.515617
BN_CONTROL.I5BEAM;2025-06-30 16:25:04.0000000;14.50559
BN_CONTROL.I5BEAM;2025-06-30 16:25:05.0000000;14.489883
BN_CONTROL.I5BEAM;2025-06-30 16:25:06.0000000;14.482196
BN_CONTROL.I5BEAM;2025-06-30 16:25:07.0000000;14.471168
BN_CONTROL.I5BEAM;2025-06-30 16:25:08.0000000;14.458134
BN_CONTROL.I5BEAM;2025-06-30 16:25:09.0000000;14.44393
BN_CONTROL.I5BEAM;2025-06-30 16:25:10.0000000;14.437079
BN_CONTROL.I5BEAM;2025-06-30 16:25:11.0000000;14.42605
BN_CONTROL.I5BEAM;2025-06-30 16:25:12.0000000;14.411345
BN_CONTROL.I5BEAM;2025-06-30 16:25:13.0000000;14.403658
BN_CONTROL.I5BEAM;2025-06-30 16:25:14.0000000;14.391627
BN_CONTROL.I5BEAM;2025-06-30 16:25:15.0000000;14.381267
BN_CONTROL.I5BEAM;2025-06-30 16:25:16.0000000;14.367732
BN_CONTROL.I5BEAM;2025-06-30 16:25:17.0000000;14.354029
BN_CONTROL.I5BEAM;2025-06-30 16:25:18.0000000;14.343168
BN_CONTROL.I5BEAM;2025-06-30 16:25:19.0000000;14.340327
BN_CONTROL.I5BEAM;2025-06-30 16:25:20.0000000;14.32746
BN_CONTROL.I5BEAM;2025-06-30 16:25:21.0000000;14.307909
BN_CONTROL.I5BEAM;2025-06-30 16:25:22.0000000;14.301726
BN_CONTROL.I5BEAM;2025-06-30 16:25:23.0000000;14.292703
BN_CONTROL.I5BEAM;2025-06-30 16:25:24.0000000;14.281674
BN_CONTROL.I5BEAM;2025-06-30 16:25:25.0000000;14.267471
BN_CONTROL.I5BEAM;2025-06-30 16:25:26.0000000;14.256275
BN_CONTROL.I5BEAM;2025-06-30 16:25:27.0000000;14.248087
BN_CONTROL.I5BEAM;2025-06-30 16:25:28.0000000;14.237894
BN_CONTROL.I5BEAM;2025-06-30 16:25:29.0000000;16.585839
BN_CONTROL.I5BEAM;2025-06-30 16:25:30.0000000;16.576815
BN_CONTROL.I5BEAM;2025-06-30 16:25:31.0000000;16.563614
BN_CONTROL.I5BEAM;2025-06-30 16:25:32.0000000;16.548241
BN_CONTROL.I5BEAM;2025-06-30 16:25:33.0000000;16.533034
BN_CONTROL.I5BEAM;2025-06-30 16:25:34.0000000;16.516993
BN_CONTROL.I5BEAM;2025-06-30 16:25:35.0000000;16.508303
BN_CONTROL.I5BEAM;2025-06-30 16:25:36.0000000;16.4941
BN_CONTROL.I5BEAM;2025-06-30 16:25:37.0000000;16.46987
BN_CONTROL.I5BEAM;2025-06-30 16:25:38.0000000;16.455499
BN_CONTROL.I5BEAM;2025-06-30 16:25:39.0000000;16.44163
BN_CONTROL.I5BEAM;2025-06-30 16:25:40.0000000;16.432773
BN_CONTROL.I5BEAM;2025-06-30 16:25:41.0000000;16.415228
BN_CONTROL.I5BEAM;2025-06-30 16:25:42.0000000;16.399019
BN_CONTROL.I5BEAM;2025-06-30 16:25:43.0000000;16.393337
BN_CONTROL.I5BEAM;2025-06-30 16:25:44.0000000;16.375123
BN_CONTROL.I5BEAM;2025-06-30 16:25:45.0000000;16.364095
BN_CONTROL.I5BEAM;2025-06-30 16:25:46.0000000;16.357578
BN_CONTROL.I5BEAM;2025-06-30 16:25:47.0000000;16.338528
BN_CONTROL.I5BEAM;2025-06-30 16:25:48.0000000;16.327165
BN_CONTROL.I5BEAM;2025-06-30 16:25:49.0000000;16.310121
BN_CONTROL.I5BEAM;2025-06-30 16:25:50.0000000;16.304439
BN_CONTROL.I5BEAM;2025-06-30 16:25:51.0000000;16.291907
BN_CONTROL.I5BEAM;2025-06-30 16:25:52.0000000;16.280377
BN_CONTROL.I5BEAM;2025-06-30 16:25:53.0000000;16.261494
BN_CONTROL.I5BEAM;2025-06-30 16:25:54.0000000;16.038748
BN_CONTROL.I5BEAM;2025-06-30 16:25:55.0000000;16.03173
BN_CONTROL.I5BEAM;2025-06-30 16:25:56.0000000;16.022205
BN_CONTROL.I5BEAM;2025-06-30 16:25:57.0000000;16.010341
BN_CONTROL.I5BEAM;2025-06-30 16:25:58.0000000;15.996805
BN_CONTROL.I5BEAM;2025-06-30 16:25:59.0000000;15.987782
BN_CONTROL.I5BEAM;2025-06-30 16:26:00.0000000;15.970236
BN_CONTROL.I5BEAM;2025-06-30 16:26:01.0000000;15.96021
BN_CONTROL.I5BEAM;2025-06-30 16:26:02.0000000;15.946675
BN_CONTROL.I5BEAM;2025-06-30 16:26:03.0000000;15.934811
BN_CONTROL.I5BEAM;2025-06-30 16:26:04.0000000;15.922779
BN_CONTROL.I5BEAM;2025-06-30 16:26:05.0000000;15.909745
BN_CONTROL.I5BEAM;2025-06-30 16:26:06.0000000;15.898215
BN_CONTROL.I5BEAM;2025-06-30 16:26:07.0000000;15.881004
BN_CONTROL.I5BEAM;2025-06-30 16:26:08.0000000;15.869641
BN_CONTROL.I5BEAM;2025-06-30 16:26:09.0000000;15.859949
BN_CONTROL.I5BEAM;2025-06-30 16:26:10.0000000;15.849589
BN_CONTROL.I5BEAM;2025-06-30 16:26:11.0000000;15.837056
BN_CONTROL.I5BEAM;2025-06-30 16:26:12.0000000;15.822017
BN_CONTROL.I5BEAM;2025-06-30 16:26:13.0000000;15.806811
BN_CONTROL.I5BEAM;2025-06-30 16:26:14.0000000;15.794612
BN_CONTROL.I5BEAM;2025-06-30 16:26:15.0000000;18.603758
BN_CONTROL.I5BEAM;2025-06-30 16:26:16.0000000;18.594734
BN_CONTROL.I5BEAM;2025-06-30 16:26:17.0000000;18.578358
BN_CONTROL.I5BEAM;2025-06-30 16:26:18.0000000;18.560144
BN_CONTROL.I5BEAM;2025-06-30 16:26:19.0000000;18.545773
BN_CONTROL.I5BEAM;2025-06-30 16:26:20.0000000;18.535246
BN_CONTROL.I5BEAM;2025-06-30 16:26:21.0000000;18.518369
BN_CONTROL.I5BEAM;2025-06-30 16:26:22.0000000;18.503163
BN_CONTROL.I5BEAM;2025-06-30 16:26:23.0000000;18.486118
BN_CONTROL.I5BEAM;2025-06-30 16:26:24.0000000;18.466233
BN_CONTROL.I5BEAM;2025-06-30 16:26:25.0000000;18.452364
BN_CONTROL.I5BEAM;2025-06-30 16:26:26.0000000;18.433481
BN_CONTROL.I5BEAM;2025-06-30 16:26:27.0000000;18.410755
BN_CONTROL.I5BEAM;2025-06-30 16:26:28.0000000;18.410755
BN_CONTROL.I5BEAM;2025-06-30 16:26:29.0000000;18.394547
BN_CONTROL.I5BEAM;2025-06-30 16:26:30.0000000;18.374494
BN_CONTROL.I5BEAM;2025-06-30 16:26:31.0000000;18.360124
BN_CONTROL.I5BEAM;2025-06-30 16:26:32.0000000;18.339069
BN_CONTROL.I5BEAM;2025-06-30 16:26:33.0000000;18.328708
BN_CONTROL.I5BEAM;2025-06-30 16:26:34.0000000;18.306985
BN_CONTROL.I5BEAM;2025-06-30 16:26:35.0000000;18.294286
BN_CONTROL.I5BEAM;2025-06-30 16:26:36.0000000;18.283424
BN_CONTROL.I5BEAM;2025-06-30 16:26:37.0000000;18.261868
BN_CONTROL.I5BEAM;2025-06-30 16:26:38.0000000;18.247664
BN_CONTROL.I5BEAM;2025-06-30 16:26:39.0000000;18.227612
BN_CONTROL.I5BEAM;2025-06-30 16:26:40.0000000;18.213074
BN_CONTROL.I5BEAM;2025-06-30 16:26:41.0000000;18.196197
BN_CONTROL.I5BEAM;2025-06-30 16:26:42.0000000;18.178651
BN_CONTROL.I5BEAM;2025-06-30 16:26:43.0000000;18.158265
BN_CONTROL.I5BEAM;2025-06-30 16:26:44.0000000;18.146066
BN_CONTROL.I5BEAM;2025-06-30 16:26:45.0000000;18.131194
BN_CONTROL.I5BEAM;2025-06-30 16:26:46.0000000;18.107299
BN_CONTROL.I5BEAM;2025-06-30 16:26:47.0000000;18.092427
BN_CONTROL.I5BEAM;2025-06-30 16:26:48.0000000;18.079393
BN_CONTROL.I5BEAM;2025-06-30 16:26:49.0000000;18.066359
BN_CONTROL.I5BEAM;2025-06-30 16:26:50.0000000;18.051153
BN_CONTROL.I5BEAM;2025-06-30 16:26:51.0000000;18.033106
BN_CONTROL.I5BEAM;2025-06-30 16:26:52.0000000;18.010881
BN_CONTROL.I5BEAM;2025-06-30 16:26:53.0000000;18.000855
BN_CONTROL.I5BEAM;2025-06-30 16:26:54.0000000;17.985649
BN_CONTROL.I5BEAM;2025-06-30 16:26:55.0000000;17.966766
BN_CONTROL.I5BEAM;2025-06-30 16:26:56.0000000;17.951393
BN_CONTROL.I5BEAM;2025-06-30 16:26:57.0000000;17.933346
BN_CONTROL.I5BEAM;2025-06-30 16:26:58.0000000;17.921148
BN_CONTROL.I5BEAM;2025-06-30 16:26:59.0000000;17.888563
BN_CONTROL.I5BEAM;2025-06-30 16:27:00.0000000;17.87085
BN_CONTROL.I5BEAM;2025-06-30 16:27:01.0000000;17.857148
BN_CONTROL.I5BEAM;2025-06-30 16:27:02.0000000;17.846119
BN_CONTROL.I5BEAM;2025-06-30 16:27:03.0000000;17.829576
BN_CONTROL.I5BEAM;2025-06-30 16:27:04.0000000;17.815372
BN_CONTROL.I5BEAM;2025-06-30 16:27:05.0000000;17.805346
BN_CONTROL.I5BEAM;2025-06-30 16:27:06.0000000;17.792145
BN_CONTROL.I5BEAM;2025-06-30 16:27:07.0000000;17.771425
BN_CONTROL.I5BEAM;2025-06-30 16:27:08.0000000;17.758391
BN_CONTROL.I5BEAM;2025-06-30 16:27:09.0000000;17.742182
BN_CONTROL.I5BEAM;2025-06-30 16:27:10.0000000;17.730318
BN_CONTROL.I5BEAM;2025-06-30 16:27:11.0000000;17.718788
BN_CONTROL.I5BEAM;2025-06-30 16:27:12.0000000;17.706088
BN_CONTROL.I5BEAM;2025-06-30 16:27:13.0000000;17.691717
BN_CONTROL.I5BEAM;2025-06-30 16:27:14.0000000;17.68119
BN_CONTROL.I5BEAM;2025-06-30 16:27:15.0000000;17.663477
BN_CONTROL.I5BEAM;2025-06-30 16:27:16.0000000;17.64142
BN_CONTROL.I5BEAM;2025-06-30 16:27:17.0000000;17.634568
BN_CONTROL.I5BEAM;2025-06-30 16:27:18.0000000;17.620532
BN_CONTROL.I5BEAM;2025-06-30 16:27:19.0000000;17.608166
BN_CONTROL.I5BEAM;2025-06-30 16:27:20.0000000;17.592459
BN_CONTROL.I5BEAM;2025-06-30 16:27:21.0000000;17.579258
BN_CONTROL.I5BEAM;2025-06-30 16:27:22.0000000;17.564386
BN_CONTROL.I5BEAM;2025-06-30 16:27:23.0000000;17.553691
BN_CONTROL.I5BEAM;2025-06-30 16:27:24.0000000;17.532302
BN_CONTROL.I5BEAM;2025-06-30 16:27:25.0000000;17.515425
BN_CONTROL.I5BEAM;2025-06-30 16:27:26.0000000;17.510412
BN_CONTROL.I5BEAM;2025-06-30 16:27:27.0000000;17.495707
BN_CONTROL.I5BEAM;2025-06-30 16:27:28.0000000;17.477493
BN_CONTROL.I5BEAM;2025-06-30 16:27:29.0000000;17.469806
BN_CONTROL.I5BEAM;2025-06-30 16:27:30.0000000;17.455268
BN_CONTROL.I5BEAM;2025-06-30 16:27:31.0000000;17.439394
BN_CONTROL.I5BEAM;2025-06-30 16:27:32.0000000;17.655289
BN_CONTROL.I5BEAM;2025-06-30 16:27:33.0000000;19.92102
BN_CONTROL.I5BEAM;2025-06-30 16:27:34.0000000;19.903975
BN_CONTROL.I5BEAM;2025-06-30 16:27:35.0000000;19.887265
BN_CONTROL.I5BEAM;2025-06-30 16:27:36.0000000;19.876905
BN_CONTROL.I5BEAM;2025-06-30 16:27:37.0000000;19.851673
BN_CONTROL.I5BEAM;2025-06-30 16:27:38.0000000;19.843485
BN_CONTROL.I5BEAM;2025-06-30 16:27:39.0000000;19.820425
BN_CONTROL.I5BEAM;2025-06-30 16:27:40.0000000;19.80973
BN_CONTROL.I5BEAM;2025-06-30 16:27:41.0000000;19.792017
BN_CONTROL.I5BEAM;2025-06-30 16:27:42.0000000;19.779151
BN_CONTROL.I5BEAM;2025-06-30 16:27:43.0000000;19.761772
BN_CONTROL.I5BEAM;2025-06-30 16:27:44.0000000;19.752748
BN_CONTROL.I5BEAM;2025-06-30 16:27:45.0000000;19.752748
BN_CONTROL.I5BEAM;2025-06-30 16:27:46.0000000;19.736373
BN_CONTROL.I5BEAM;2025-06-30 16:27:47.0000000;19.714148
BN_CONTROL.I5BEAM;2025-06-30 16:27:48.0000000;19.698106
BN_CONTROL.I5BEAM;2025-06-30 16:27:49.0000000;19.687579
BN_CONTROL.I5BEAM;2025-06-30 16:27:50.0000000;19.672874
BN_CONTROL.I5BEAM;2025-06-30 16:27:51.0000000;19.653657
BN_CONTROL.I5BEAM;2025-06-30 16:27:52.0000000;19.636279
BN_CONTROL.I5BEAM;2025-06-30 16:27:53.0000000;19.627589
BN_CONTROL.I5BEAM;2025-06-30 16:27:54.0000000;19.605031
BN_CONTROL.I5BEAM;2025-06-30 16:27:55.0000000;19.569438
BN_CONTROL.I5BEAM;2025-06-30 16:27:56.0000000;19.569438
BN_CONTROL.I5BEAM;2025-06-30 16:27:57.0000000;19.547046
BN_CONTROL.I5BEAM;2025-06-30 16:27:58.0000000;19.526159
BN_CONTROL.I5BEAM;2025-06-30 16:27:59.0000000;19.510451
BN_CONTROL.I5BEAM;2025-06-30 16:28:00.0000000;19.481375
BN_CONTROL.I5BEAM;2025-06-30 16:28:01.0000000;19.468342
BN_CONTROL.I5BEAM;2025-06-30 16:28:02.0000000;19.445449
BN_CONTROL.I5BEAM;2025-06-30 16:28:03.0000000;19.424728
BN_CONTROL.I5BEAM;2025-06-30 16:28:04.0000000;19.408853
BN_CONTROL.I5BEAM;2025-06-30 16:28:05.0000000;19.381783
BN_CONTROL.I5BEAM;2025-06-30 16:28:06.0000000;19.367746
BN_CONTROL.I5BEAM;2025-06-30 16:28:07.0000000;19.349532
BN_CONTROL.I5BEAM;2025-06-30 16:28:08.0000000;19.321793
BN_CONTROL.I5BEAM;2025-06-30 16:28:09.0000000;19.303746
BN_CONTROL.I5BEAM;2025-06-30 16:28:10.0000000;19.289543
BN_CONTROL.I5BEAM;2025-06-30 16:28:11.0000000;19.259297
BN_CONTROL.I5BEAM;2025-06-30 16:28:12.0000000;19.259297
BN_CONTROL.I5BEAM;2025-06-30 16:28:13.0000000;19.240248
BN_CONTROL.I5BEAM;2025-06-30 16:28:14.0000000;19.224707
BN_CONTROL.I5BEAM;2025-06-30 16:28:15.0000000;19.190786
BN_CONTROL.I5BEAM;2025-06-30 16:28:16.0000000;19.178253
BN_CONTROL.I5BEAM;2025-06-30 16:28:17.0000000;19.16689
BN_CONTROL.I5BEAM;2025-06-30 16:28:18.0000000;19.150681
BN_CONTROL.I5BEAM;2025-06-30 16:28:19.0000000;19.133804
BN_CONTROL.I5BEAM;2025-06-30 16:28:20.0000000;19.116426
BN_CONTROL.I5BEAM;2025-06-30 16:28:21.0000000;19.104561
BN_CONTROL.I5BEAM;2025-06-30 16:28:22.0000000;19.090023
BN_CONTROL.I5BEAM;2025-06-30 16:28:23.0000000;19.072478
BN_CONTROL.I5BEAM;2025-06-30 16:28:24.0000000;19.055099
BN_CONTROL.I5BEAM;2025-06-30 16:28:25.0000000;19.047914
BN_CONTROL.I5BEAM;2025-06-30 16:28:26.0000000;19.030535
BN_CONTROL.I5BEAM;2025-06-30 16:28:27.0000000;19.019005
BN_CONTROL.I5BEAM;2025-06-30 16:28:28.0000000;19.091527
BN_CONTROL.I5BEAM;2025-06-30 16:28:29.0000000;21.816955
BN_CONTROL.I5BEAM;2025-06-30 16:28:30.0000000;21.800913
BN_CONTROL.I5BEAM;2025-06-30 16:28:31.0000000;21.780192
BN_CONTROL.I5BEAM;2025-06-30 16:28:32.0000000;21.763482
BN_CONTROL.I5BEAM;2025-06-30 16:28:33.0000000;21.747106
BN_CONTROL.I5BEAM;2025-06-30 16:28:34.0000000;21.728558
BN_CONTROL.I5BEAM;2025-06-30 16:28:35.0000000;21.711514
BN_CONTROL.I5BEAM;2025-06-30 16:28:36.0000000;21.694971
BN_CONTROL.I5BEAM;2025-06-30 16:28:37.0000000;21.674918
BN_CONTROL.I5BEAM;2025-06-30 16:28:38.0000000;21.651524
BN_CONTROL.I5BEAM;2025-06-30 16:28:39.0000000;21.636819
BN_CONTROL.I5BEAM;2025-06-30 16:28:40.0000000;21.619441
BN_CONTROL.I5BEAM;2025-06-30 16:28:41.0000000;21.602396
BN_CONTROL.I5BEAM;2025-06-30 16:28:42.0000000;21.579838
BN_CONTROL.I5BEAM;2025-06-30 16:28:43.0000000;21.555274
BN_CONTROL.I5BEAM;2025-06-30 16:28:44.0000000;21.539065
BN_CONTROL.I5BEAM;2025-06-30 16:28:45.0000000;21.512663
BN_CONTROL.I5BEAM;2025-06-30 16:28:46.0000000;21.492443
BN_CONTROL.I5BEAM;2025-06-30 16:28:47.0000000;21.469383
BN_CONTROL.I5BEAM;2025-06-30 16:28:48.0000000;21.449665
BN_CONTROL.I5BEAM;2025-06-30 16:28:49.0000000;21.421759
BN_CONTROL.I5BEAM;2025-06-30 16:28:50.0000000;21.401874
BN_CONTROL.I5BEAM;2025-06-30 16:28:51.0000000;21.382156
BN_CONTROL.I5BEAM;2025-06-30 16:28:52.0000000;21.354585
BN_CONTROL.I5BEAM;2025-06-30 16:28:53.0000000;21.336872
BN_CONTROL.I5BEAM;2025-06-30 16:28:54.0000000;21.31448
BN_CONTROL.I5BEAM;2025-06-30 16:28:55.0000000;21.294428
BN_CONTROL.I5BEAM;2025-06-30 16:28:56.0000000;21.266355
BN_CONTROL.I5BEAM;2025-06-30 16:28:57.0000000;21.250313
BN_CONTROL.I5BEAM;2025-06-30 16:28:58.0000000;21.224747
BN_CONTROL.I5BEAM;2025-06-30 16:28:59.0000000;21.205029
BN_CONTROL.I5BEAM;2025-06-30 16:29:00.0000000;21.184809
BN_CONTROL.I5BEAM;2025-06-30 16:29:01.0000000;21.184809
BN_CONTROL.I5BEAM;2025-06-30 16:29:02.0000000;21.160914
BN_CONTROL.I5BEAM;2025-06-30 16:29:03.0000000;21.143869
BN_CONTROL.I5BEAM;2025-06-30 16:29:04.0000000;21.123483
BN_CONTROL.I5BEAM;2025-06-30 16:29:05.0000000;21.101927
BN_CONTROL.I5BEAM;2025-06-30 16:29:06.0000000;21.075859
BN_CONTROL.I5BEAM;2025-06-30 16:29:07.0000000;21.055473
BN_CONTROL.I5BEAM;2025-06-30 16:29:08.0000000;21.058481
BN_CONTROL.I5BEAM;2025-06-30 16:29:09.0000000;21.058481
BN_CONTROL.I5BEAM;2025-06-30 16:29:10.0000000;22.309069
BN_CONTROL.I5BEAM;2025-06-30 16:29:11.0000000;22.294364
BN_CONTROL.I5BEAM;2025-06-30 16:29:12.0000000;22.27849
BN_CONTROL.I5BEAM;2025-06-30 16:29:13.0000000;22.246406
BN_CONTROL.I5BEAM;2025-06-30 16:29:14.0000000;22.231868
BN_CONTROL.I5BEAM;2025-06-30 16:29:15.0000000;22.214322
BN_CONTROL.I5BEAM;2025-06-30 16:29:16.0000000;22.193101
BN_CONTROL.I5BEAM;2025-06-30 16:29:17.0000000;22.176892
BN_CONTROL.I5BEAM;2025-06-30 16:29:18.0000000;22.14297
BN_CONTROL.I5BEAM;2025-06-30 16:29:19.0000000;22.14297
BN_CONTROL.I5BEAM;2025-06-30 16:29:20.0000000;22.125926
BN_CONTROL.I5BEAM;2025-06-30 16:29:21.0000000;22.100025
BN_CONTROL.I5BEAM;2025-06-30 16:29:22.0000000;22.086156
BN_CONTROL.I5BEAM;2025-06-30 16:29:23.0000000;22.071618
BN_CONTROL.I5BEAM;2025-06-30 16:29:24.0000000;22.050062
BN_CONTROL.I5BEAM;2025-06-30 16:29:25.0000000;22.036693
BN_CONTROL.I5BEAM;2025-06-30 16:29:26.0000000;21.997425
BN_CONTROL.I5BEAM;2025-06-30 16:29:27.0000000;21.997425
BN_CONTROL.I5BEAM;2025-06-30 16:29:28.0000000;21.981049
BN_CONTROL.I5BEAM;2025-06-30 16:29:29.0000000;21.963169
BN_CONTROL.I5BEAM;2025-06-30 16:29:30.0000000;21.942281
BN_CONTROL.I5BEAM;2025-06-30 16:29:31.0000000;21.930584
BN_CONTROL.I5BEAM;2025-06-30 16:29:32.0000000;21.892986
BN_CONTROL.I5BEAM;2025-06-30 16:29:33.0000000;21.871931
BN_CONTROL.I5BEAM;2025-06-30 16:29:34.0000000;21.85873
BN_CONTROL.I5BEAM;2025-06-30 16:29:35.0000000;21.840349
BN_CONTROL.I5BEAM;2025-06-30 16:29:36.0000000;21.819127
BN_CONTROL.I5BEAM;2025-06-30 16:29:37.0000000;21.802751
BN_CONTROL.I5BEAM;2025-06-30 16:29:38.0000000;21.787378
BN_CONTROL.I5BEAM;2025-06-30 16:29:39.0000000;21.769665
BN_CONTROL.I5BEAM;2025-06-30 16:29:40.0000000;21.75095
BN_CONTROL.I5BEAM;2025-06-30 16:29:41.0000000;21.734407
BN_CONTROL.I5BEAM;2025-06-30 16:29:42.0000000;21.719535
BN_CONTROL.I5BEAM;2025-06-30 16:29:43.0000000;21.701989
BN_CONTROL.I5BEAM;2025-06-30 16:29:44.0000000;21.686616
BN_CONTROL.I5BEAM;2025-06-30 16:29:45.0000000;21.66673
BN_CONTROL.I5BEAM;2025-06-30 16:29:46.0000000;21.649853
BN_CONTROL.I5BEAM;2025-06-30 16:29:47.0000000;21.63331
BN_CONTROL.I5BEAM;2025-06-30 16:29:48.0000000;21.619608
BN_CONTROL.I5BEAM;2025-06-30 16:29:49.0000000;21.600224
BN_CONTROL.I5BEAM;2025-06-30 16:29:50.0000000;21.58719
BN_CONTROL.I5BEAM;2025-06-30 16:29:51.0000000;21.572986
BN_CONTROL.I5BEAM;2025-06-30 16:29:52.0000000;21.549091
BN_CONTROL.I5BEAM;2025-06-30 16:29:53.0000000;21.541237
BN_CONTROL.I5BEAM;2025-06-30 16:29:54.0000000;21.521352
BN_CONTROL.I5BEAM;2025-06-30 16:29:55.0000000;21.507148
BN_CONTROL.I5BEAM;2025-06-30 16:29:56.0000000;21.487598
BN_CONTROL.I5BEAM;2025-06-30 16:29:57.0000000;21.475232
BN_CONTROL.I5BEAM;2025-06-30 16:29:58.0000000;21.46153
BN_CONTROL.I5BEAM;2025-06-30 16:29:59.0000000;21.473227
BN_CONTROL.I5BEAM;2025-06-30 16:30:00.0000000;24.462173
BN_CONTROL.I5BEAM;2025-06-30 16:30:01.0000000;24.448304
BN_CONTROL.I5BEAM;2025-06-30 16:30:02.0000000;24.428085
BN_CONTROL.I5BEAM;2025-06-30 16:30:03.0000000;24.409536
BN_CONTROL.I5BEAM;2025-06-30 16:30:04.0000000;24.382967
BN_CONTROL.I5BEAM;2025-06-30 16:30:05.0000000;24.356732
BN_CONTROL.I5BEAM;2025-06-30 16:30:06.0000000;24.335845
BN_CONTROL.I5BEAM;2025-06-30 16:30:07.0000000;24.31596
BN_CONTROL.I5BEAM;2025-06-30 16:30:08.0000000;24.301088
BN_CONTROL.I5BEAM;2025-06-30 16:30:09.0000000;24.274351
BN_CONTROL.I5BEAM;2025-06-30 16:30:10.0000000;24.253965
BN_CONTROL.I5BEAM;2025-06-30 16:30:11.0000000;24.230571
BN_CONTROL.I5BEAM;2025-06-30 16:30:12.0000000;24.208513
BN_CONTROL.I5BEAM;2025-06-30 16:30:13.0000000;24.182947
BN_CONTROL.I5BEAM;2025-06-30 16:30:14.0000000;24.167406
BN_CONTROL.I5BEAM;2025-06-30 16:30:15.0000000;24.148858
BN_CONTROL.I5BEAM;2025-06-30 16:30:16.0000000;24.125631
BN_CONTROL.I5BEAM;2025-06-30 16:30:17.0000000;24.125631
BN_CONTROL.I5BEAM;2025-06-30 16:30:18.0000000;24.102069
BN_CONTROL.I5BEAM;2025-06-30 16:30:19.0000000;24.080346
BN_CONTROL.I5BEAM;2025-06-30 16:30:20.0000000;24.061798
BN_CONTROL.I5BEAM;2025-06-30 16:30:21.0000000;24.036399
BN_CONTROL.I5BEAM;2025-06-30 16:30:22.0000000;24.022362
BN_CONTROL.I5BEAM;2025-06-30 16:30:23.0000000;23.978247
BN_CONTROL.I5BEAM;2025-06-30 16:30:24.0000000;23.978247
BN_CONTROL.I5BEAM;2025-06-30 16:30:25.0000000;23.957527
BN_CONTROL.I5BEAM;2025-06-30 16:30:26.0000000;23.93313
BN_CONTROL.I5BEAM;2025-06-30 16:30:27.0000000;23.913412
BN_CONTROL.I5BEAM;2025-06-30 16:30:28.0000000;23.892524
BN_CONTROL.I5BEAM;2025-06-30 16:30:29.0000000;23.872639
BN_CONTROL.I5BEAM;2025-06-30 16:30:30.0000000;23.854592
BN_CONTROL.I5BEAM;2025-06-30 16:30:31.0000000;23.831532
BN_CONTROL.I5BEAM;2025-06-30 16:30:32.0000000;23.813151
BN_CONTROL.I5BEAM;2025-06-30 16:30:33.0000000;23.790592
BN_CONTROL.I5BEAM;2025-06-30 16:30:34.0000000;23.778227
BN_CONTROL.I5BEAM;2025-06-30 16:30:35.0000000;23.75266
BN_CONTROL.I5BEAM;2025-06-30 16:30:36.0000000;23.727929
BN_CONTROL.I5BEAM;2025-06-30 16:30:37.0000000;23.713725
BN_CONTROL.I5BEAM;2025-06-30 16:30:38.0000000;23.693005
BN_CONTROL.I5BEAM;2025-06-30 16:30:39.0000000;23.669276
BN_CONTROL.I5BEAM;2025-06-30 16:30:40.0000000;23.658248
BN_CONTROL.I5BEAM;2025-06-30 16:30:41.0000000;23.633182
BN_CONTROL.I5BEAM;2025-06-30 16:30:42.0000000;23.616973
BN_CONTROL.I5BEAM;2025-06-30 16:30:43.0000000;23.594081
BN_CONTROL.I5BEAM;2025-06-30 16:30:44.0000000;23.56935
BN_CONTROL.I5BEAM;2025-06-30 16:30:45.0000000;23.548963
BN_CONTROL.I5BEAM;2025-06-30 16:30:46.0000000;23.526404
BN_CONTROL.I5BEAM;2025-06-30 16:30:47.0000000;23.50819
BN_CONTROL.I5BEAM;2025-06-30 16:30:48.0000000;23.509193
BN_CONTROL.I5BEAM;2025-06-30 16:30:49.0000000;26.55863
BN_CONTROL.I5BEAM;2025-06-30 16:30:50.0000000;26.535738
BN_CONTROL.I5BEAM;2025-06-30 16:30:51.0000000;26.497805
BN_CONTROL.I5BEAM;2025-06-30 16:30:52.0000000;26.465555
BN_CONTROL.I5BEAM;2025-06-30 16:30:53.0000000;26.443999
BN_CONTROL.I5BEAM;2025-06-30 16:30:54.0000000;26.423947
BN_CONTROL.I5BEAM;2025-06-30 16:30:55.0000000;26.401221
BN_CONTROL.I5BEAM;2025-06-30 16:30:56.0000000;26.379999
BN_CONTROL.I5BEAM;2025-06-30 16:30:57.0000000;26.352594
BN_CONTROL.I5BEAM;2025-06-30 16:30:58.0000000;26.334881
BN_CONTROL.I5BEAM;2025-06-30 16:30:59.0000000;26.307811
BN_CONTROL.I5BEAM;2025-06-30 16:31:00.0000000;26.27556
BN_CONTROL.I5BEAM;2025-06-30 16:31:01.0000000;26.250996
BN_CONTROL.I5BEAM;2025-06-30 16:31:02.0000000;26.23178
BN_CONTROL.I5BEAM;2025-06-30 16:31:03.0000000;26.208385
BN_CONTROL.I5BEAM;2025-06-30 16:31:04.0000000;26.186328
BN_CONTROL.I5BEAM;2025-06-30 16:31:05.0000000;26.162098
BN_CONTROL.I5BEAM;2025-06-30 16:31:06.0000000;26.140709
BN_CONTROL.I5BEAM;2025-06-30 16:31:07.0000000;26.116981
BN_CONTROL.I5BEAM;2025-06-30 16:31:08.0000000;26.096093
BN_CONTROL.I5BEAM;2025-06-30 16:31:09.0000000;26.067686
BN_CONTROL.I5BEAM;2025-06-30 16:31:10.0000000;26.04496
BN_CONTROL.I5BEAM;2025-06-30 16:31:11.0000000;26.022736
BN_CONTROL.I5BEAM;2025-06-30 16:31:12.0000000;25.999676
BN_CONTROL.I5BEAM;2025-06-30 16:31:13.0000000;25.973942
BN_CONTROL.I5BEAM;2025-06-30 16:31:14.0000000;25.951717
BN_CONTROL.I5BEAM;2025-06-30 16:31:15.0000000;25.929326
BN_CONTROL.I5BEAM;2025-06-30 16:31:16.0000000;25.906266
BN_CONTROL.I5BEAM;2025-06-30 16:31:17.0000000;25.879529
BN_CONTROL.I5BEAM;2025-06-30 16:31:18.0000000;25.86048
BN_CONTROL.I5BEAM;2025-06-30 16:31:19.0000000;25.833242
BN_CONTROL.I5BEAM;2025-06-30 16:31:20.0000000;25.811018
BN_CONTROL.I5BEAM;2025-06-30 16:31:21.0000000;25.788626
BN_CONTROL.I5BEAM;2025-06-30 16:31:22.0000000;25.765733
BN_CONTROL.I5BEAM;2025-06-30 16:31:23.0000000;25.74284
BN_CONTROL.I5BEAM;2025-06-30 16:31:24.0000000;25.720114
BN_CONTROL.I5BEAM;2025-06-30 16:31:25.0000000;25.698725
BN_CONTROL.I5BEAM;2025-06-30 16:31:26.0000000;25.680177
BN_CONTROL.I5BEAM;2025-06-30 16:31:27.0000000;25.649932
BN_CONTROL.I5BEAM;2025-06-30 16:31:28.0000000;25.629713
BN_CONTROL.I5BEAM;2025-06-30 16:31:29.0000000;25.610329
BN_CONTROL.I5BEAM;2025-06-30 16:31:30.0000000;25.583927
BN_CONTROL.I5BEAM;2025-06-30 16:31:31.0000000;25.559363
BN_CONTROL.I5BEAM;2025-06-30 16:31:32.0000000;25.54048
BN_CONTROL.I5BEAM;2025-06-30 16:31:33.0000000;25.54048
BN_CONTROL.I5BEAM;2025-06-30 16:31:34.0000000;25.520094
BN_CONTROL.I5BEAM;2025-06-30 16:31:35.0000000;25.497368
BN_CONTROL.I5BEAM;2025-06-30 16:31:36.0000000;25.474809
BN_CONTROL.I5BEAM;2025-06-30 16:31:37.0000000;25.452752
BN_CONTROL.I5BEAM;2025-06-30 16:31:38.0000000;25.426016
BN_CONTROL.I5BEAM;2025-06-30 16:31:39.0000000;25.408804
BN_CONTROL.I5BEAM;2025-06-30 16:31:40.0000000;25.389755
BN_CONTROL.I5BEAM;2025-06-30 16:31:41.0000000;25.471969
BN_CONTROL.I5BEAM;2025-06-30 16:31:42.0000000;26.439821
BN_CONTROL.I5BEAM;2025-06-30 16:31:43.0000000;26.417931
BN_CONTROL.I5BEAM;2025-06-30 16:31:44.0000000;26.394035
BN_CONTROL.I5BEAM;2025-06-30 16:31:45.0000000;26.376323
BN_CONTROL.I5BEAM;2025-06-30 16:31:46.0000000;26.359612
BN_CONTROL.I5BEAM;2025-06-30 16:31:47.0000000;26.340563
BN_CONTROL.I5BEAM;2025-06-30 16:31:48.0000000;26.31767
BN_CONTROL.I5BEAM;2025-06-30 16:31:49.0000000;26.301461
BN_CONTROL.I5BEAM;2025-06-30 16:31:50.0000000;26.283414
BN_CONTROL.I5BEAM;2025-06-30 16:31:51.0000000;26.267539
BN_CONTROL.I5BEAM;2025-06-30 16:31:52.0000000;26.252834
BN_CONTROL.I5BEAM;2025-06-30 16:31:53.0000000;26.231613
BN_CONTROL.I5BEAM;2025-06-30 16:31:54.0000000;26.21908
BN_CONTROL.I5BEAM;2025-06-30 16:31:55.0000000;26.197524
BN_CONTROL.I5BEAM;2025-06-30 16:31:56.0000000;26.176803
BN_CONTROL.I5BEAM;2025-06-30 16:31:57.0000000;26.159759
BN_CONTROL.I5BEAM;2025-06-30 16:31:58.0000000;26.146391
BN_CONTROL.I5BEAM;2025-06-30 16:31:59.0000000;26.127842
BN_CONTROL.I5BEAM;2025-06-30 16:32:00.0000000;26.10495
BN_CONTROL.I5BEAM;2025-06-30 16:32:01.0000000;26.090746
BN_CONTROL.I5BEAM;2025-06-30 16:32:02.0000000;26.068521
BN_CONTROL.I5BEAM;2025-06-30 16:32:03.0000000;26.054819
BN_CONTROL.I5BEAM;2025-06-30 16:32:04.0000000;26.03861
BN_CONTROL.I5BEAM;2025-06-30 16:32:05.0000000;26.016553
BN_CONTROL.I5BEAM;2025-06-30 16:32:06.0000000;25.982798
BN_CONTROL.I5BEAM;2025-06-30 16:32:07.0000000;25.971435
BN_CONTROL.I5BEAM;2025-06-30 16:32:08.0000000;25.944198
BN_CONTROL.I5BEAM;2025-06-30 16:32:09.0000000;25.92849
BN_CONTROL.I5BEAM;2025-06-30 16:32:10.0000000;25.907435
BN_CONTROL.I5BEAM;2025-06-30 16:32:11.0000000;25.894401
BN_CONTROL.I5BEAM;2025-06-30 16:32:12.0000000;25.876522
BN_CONTROL.I5BEAM;2025-06-30 16:32:13.0000000;25.857472
BN_CONTROL.I5BEAM;2025-06-30 16:32:14.0000000;25.84377
BN_CONTROL.I5BEAM;2025-06-30 16:32:15.0000000;25.831237
BN_CONTROL.I5BEAM;2025-06-30 16:32:16.0000000;25.810015
BN_CONTROL.I5BEAM;2025-06-30 16:32:17.0000000;25.793472
BN_CONTROL.I5BEAM;2025-06-30 16:32:18.0000000;25.770412
BN_CONTROL.I5BEAM;2025-06-30 16:32:19.0000000;25.753702
BN_CONTROL.I5BEAM;2025-06-30 16:32:20.0000000;25.73365
BN_CONTROL.I5BEAM;2025-06-30 16:32:21.0000000;25.71343
BN_CONTROL.I5BEAM;2025-06-30 16:32:22.0000000;25.689368
BN_CONTROL.I5BEAM;2025-06-30 16:32:23.0000000;25.66848
BN_CONTROL.I5BEAM;2025-06-30 16:32:24.0000000;25.616679
BN_CONTROL.I5BEAM;2025-06-30 16:32:25.0000000;25.585932
BN_CONTROL.I5BEAM;2025-06-30 16:32:26.0000000;25.566047
BN_CONTROL.I5BEAM;2025-06-30 16:32:27.0000000;25.54683
BN_CONTROL.I5BEAM;2025-06-30 16:32:28.0000000;25.528616
BN_CONTROL.I5BEAM;2025-06-30 16:32:29.0000000;25.508731
BN_CONTROL.I5BEAM;2025-06-30 16:32:30.0000000;25.483332
BN_CONTROL.I5BEAM;2025-06-30 16:32:31.0000000;25.454089
BN_CONTROL.I5BEAM;2025-06-30 16:32:32.0000000;25.419833
BN_CONTROL.I5BEAM;2025-06-30 16:32:33.0000000;25.347812
BN_CONTROL.I5BEAM;2025-06-30 16:32:34.0000000;25.298183
BN_CONTROL.I5BEAM;2025-06-30 16:32:35.0000000;25.216136
BN_CONTROL.I5BEAM;2025-06-30 16:32:36.0000000;25.151301
BN_CONTROL.I5BEAM;2025-06-30 16:32:37.0000000;25.09482
BN_CONTROL.I5BEAM;2025-06-30 16:32:38.0000000;25.031322
BN_CONTROL.I5BEAM;2025-06-30 16:32:39.0000000;24.973839
BN_CONTROL.I5BEAM;2025-06-30 16:32:40.0000000;24.938413
BN_CONTROL.I5BEAM;2025-06-30 16:32:41.0000000;24.917191
BN_CONTROL.I5BEAM;2025-06-30 16:32:42.0000000;24.898142
BN_CONTROL.I5BEAM;2025-06-30 16:32:43.0000000;24.851854
BN_CONTROL.I5BEAM;2025-06-30 16:32:44.0000000;24.740063
BN_CONTROL.I5BEAM;2025-06-30 16:32:45.0000000;24.729369
BN_CONTROL.I5BEAM;2025-06-30 16:32:46.0000000;24.710988
BN_CONTROL.I5BEAM;2025-06-30 16:32:47.0000000;24.667207
BN_CONTROL.I5BEAM;2025-06-30 16:32:48.0000000;24.667207
BN_CONTROL.I5BEAM;2025-06-30 16:32:49.0000000;24.602873
BN_CONTROL.I5BEAM;2025-06-30 16:32:50.0000000;24.474038
BN_CONTROL.I5BEAM;2025-06-30 16:32:51.0000000;24.389317
BN_CONTROL.I5BEAM;2025-06-30 16:32:52.0000000;24.336847
BN_CONTROL.I5BEAM;2025-06-30 16:32:53.0000000;24.306101
BN_CONTROL.I5BEAM;2025-06-30 16:32:54.0000000;24.279866
BN_CONTROL.I5BEAM;2025-06-30 16:32:55.0000000;24.252962
BN_CONTROL.I5BEAM;2025-06-30 16:32:56.0000000;24.226059
BN_CONTROL.I5BEAM;2025-06-30 16:32:57.0000000;24.20467
BN_CONTROL.I5BEAM;2025-06-30 16:32:58.0000000;24.180607
BN_CONTROL.I5BEAM;2025-06-30 16:32:59.0000000;24.16373
BN_CONTROL.I5BEAM;2025-06-30 16:33:00.0000000;24.15337
BN_CONTROL.I5BEAM;2025-06-30 16:33:01.0000000;24.13031
BN_CONTROL.I5BEAM;2025-06-30 16:33:02.0000000;24.118613
BN_CONTROL.I5BEAM;2025-06-30 16:33:03.0000000;24.097725
BN_CONTROL.I5BEAM;2025-06-30 16:33:04.0000000;24.076002
BN_CONTROL.I5BEAM;2025-06-30 16:33:05.0000000;24.066978
BN_CONTROL.I5BEAM;2025-06-30 16:33:06.0000000;24.048597
BN_CONTROL.I5BEAM;2025-06-30 16:33:07.0000000;24.029714
BN_CONTROL.I5BEAM;2025-06-30 16:33:08.0000000;24.013506
BN_CONTROL.I5BEAM;2025-06-30 16:33:09.0000000;24.001474
BN_CONTROL.I5BEAM;2025-06-30 16:33:10.0000000;23.987939
BN_CONTROL.I5BEAM;2025-06-30 16:33:11.0000000;23.96889
BN_CONTROL.I5BEAM;2025-06-30 16:33:12.0000000;23.957192
BN_CONTROL.I5BEAM;2025-06-30 16:33:13.0000000;23.941485
BN_CONTROL.I5BEAM;2025-06-30 16:33:14.0000000;23.93313
BN_CONTROL.I5BEAM;2025-06-30 16:33:15.0000000;23.911908
BN_CONTROL.I5BEAM;2025-06-30 16:33:16.0000000;23.899208
BN_CONTROL.I5BEAM;2025-06-30 16:33:17.0000000;23.886341
BN_CONTROL.I5BEAM;2025-06-30 16:33:18.0000000;23.867626
BN_CONTROL.I5BEAM;2025-06-30 16:33:19.0000000;23.850247
BN_CONTROL.I5BEAM;2025-06-30 16:33:20.0000000;23.843897
BN_CONTROL.I5BEAM;2025-06-30 16:33:21.0000000;23.818164
BN_CONTROL.I5BEAM;2025-06-30 16:33:22.0000000;23.803626
BN_CONTROL.I5BEAM;2025-06-30 16:33:23.0000000;23.791595
BN_CONTROL.I5BEAM;2025-06-30 16:33:24.0000000;23.773715
BN_CONTROL.I5BEAM;2025-06-30 16:33:25.0000000;23.76937
BN_CONTROL.I5BEAM;2025-06-30 16:33:26.0000000;23.754331
BN_CONTROL.I5BEAM;2025-06-30 16:33:27.0000000;23.742634
BN_CONTROL.I5BEAM;2025-06-30 16:33:28.0000000;23.727595
BN_CONTROL.I5BEAM;2025-06-30 16:33:29.0000000;23.722248
BN_CONTROL.I5BEAM;2025-06-30 16:33:30.0000000;23.702362
BN_CONTROL.I5BEAM;2025-06-30 16:33:31.0000000;23.703866
BN_CONTROL.I5BEAM;2025-06-30 16:33:32.0000000;23.685819
BN_CONTROL.I5BEAM;2025-06-30 16:33:33.0000000;23.670112
BN_CONTROL.I5BEAM;2025-06-30 16:33:34.0000000;23.664597
BN_CONTROL.I5BEAM;2025-06-30 16:33:35.0000000;23.655908
BN_CONTROL.I5BEAM;2025-06-30 16:33:36.0000000;23.646049
BN_CONTROL.I5BEAM;2025-06-30 16:33:37.0000000;23.637026
BN_CONTROL.I5BEAM;2025-06-30 16:33:38.0000000;23.629506
BN_CONTROL.I5BEAM;2025-06-30 16:33:39.0000000;23.611125
BN_CONTROL.I5BEAM;2025-06-30 16:33:40.0000000;23.6143
BN_CONTROL.I5BEAM;2025-06-30 16:33:41.0000000;23.596086
BN_CONTROL.I5BEAM;2025-06-30 16:33:42.0000000;23.58489
BN_CONTROL.I5BEAM;2025-06-30 16:33:43.0000000;23.574864
BN_CONTROL.I5BEAM;2025-06-30 16:33:44.0000000;23.575866
BN_CONTROL.I5BEAM;2025-06-30 16:33:45.0000000;23.559156
BN_CONTROL.I5BEAM;2025-06-30 16:33:46.0000000;23.553475
BN_CONTROL.I5BEAM;2025-06-30 16:33:47.0000000;23.539104
BN_CONTROL.I5BEAM;2025-06-30 16:33:48.0000000;23.538603
BN_CONTROL.I5BEAM;2025-06-30 16:33:49.0000000;23.525068
BN_CONTROL.I5BEAM;2025-06-30 16:33:50.0000000;23.52089
BN_CONTROL.I5BEAM;2025-06-30 16:33:51.0000000;23.51688
BN_CONTROL.I5BEAM;2025-06-30 16:33:52.0000000;23.506018
BN_CONTROL.I5BEAM;2025-06-30 16:33:53.0000000;23.499167
BN_CONTROL.I5BEAM;2025-06-30 16:33:54.0000000;23.488974
BN_CONTROL.I5BEAM;2025-06-30 16:33:55.0000000;23.482958
BN_CONTROL.I5BEAM;2025-06-30 16:33:56.0000000;23.474269
BN_CONTROL.I5BEAM;2025-06-30 16:33:57.0000000;23.464744
BN_CONTROL.I5BEAM;2025-06-30 16:33:58.0000000;23.456723
BN_CONTROL.I5BEAM;2025-06-30 16:33:59.0000000;23.451376
BN_CONTROL.I5BEAM;2025-06-30 16:34:00.0000000;23.444023
BN_CONTROL.I5BEAM;2025-06-30 16:34:01.0000000;23.433329
BN_CONTROL.I5BEAM;2025-06-30 16:34:02.0000000;23.425308
BN_CONTROL.I5BEAM;2025-06-30 16:34:03.0000000;23.420128
BN_CONTROL.I5BEAM;2025-06-30 16:34:04.0000000;23.409266
BN_CONTROL.I5BEAM;2025-06-30 16:34:05.0000000;23.404587
BN_CONTROL.I5BEAM;2025-06-30 16:34:06.0000000;23.393893
BN_CONTROL.I5BEAM;2025-06-30 16:34:07.0000000;23.393893
BN_CONTROL.I5BEAM;2025-06-30 16:34:08.0000000;23.389548
BN_CONTROL.I5BEAM;2025-06-30 16:34:09.0000000;23.379522
BN_CONTROL.I5BEAM;2025-06-30 16:34:10.0000000;23.379355
BN_CONTROL.I5BEAM;2025-06-30 16:34:11.0000000;23.369997
BN_CONTROL.I5BEAM;2025-06-30 16:34:12.0000000;23.36348
BN_CONTROL.I5BEAM;2025-06-30 16:34:13.0000000;23.356295
BN_CONTROL.I5BEAM;2025-06-30 16:34:14.0000000;23.346603
BN_CONTROL.I5BEAM;2025-06-30 16:34:15.0000000;23.333068
BN_CONTROL.I5BEAM;2025-06-30 16:34:16.0000000;23.329726
BN_CONTROL.I5BEAM;2025-06-30 16:34:17.0000000;23.331898
BN_CONTROL.I5BEAM;2025-06-30 16:34:18.0000000;23.314687
BN_CONTROL.I5BEAM;2025-06-30 16:34:19.0000000;23.310676
BN_CONTROL.I5BEAM;2025-06-30 16:34:20.0000000;23.303658
BN_CONTROL.I5BEAM;2025-06-30 16:34:21.0000000;23.295303
BN_CONTROL.I5BEAM;2025-06-30 16:34:22.0000000;23.282603
BN_CONTROL.I5BEAM;2025-06-30 16:34:23.0000000;23.275418
BN_CONTROL.I5BEAM;2025-06-30 16:34:24.0000000;23.275084
BN_CONTROL.I5BEAM;2025-06-30 16:34:25.0000000;23.251522
BN_CONTROL.I5BEAM;2025-06-30 16:34:26.0000000;23.252358
BN_CONTROL.I5BEAM;2025-06-30 16:34:27.0000000;23.246509
BN_CONTROL.I5BEAM;2025-06-30 16:34:28.0000000;23.238154
BN_CONTROL.I5BEAM;2025-06-30 16:34:29.0000000;23.230467
BN_CONTROL.I5BEAM;2025-06-30 16:34:30.0000000;23.221611
BN_CONTROL.I5BEAM;2025-06-30 16:34:31.0000000;23.211752
BN_CONTROL.I5BEAM;2025-06-30 16:34:32.0000000;23.208744
BN_CONTROL.I5BEAM;2025-06-30 16:34:33.0000000;23.206405
BN_CONTROL.I5BEAM;2025-06-30 16:34:34.0000000;23.195209
BN_CONTROL.I5BEAM;2025-06-30 16:34:35.0000000;23.18535
BN_CONTROL.I5BEAM;2025-06-30 16:34:36.0000000;23.183345
BN_CONTROL.I5BEAM;2025-06-30 16:34:37.0000000;23.169308
BN_CONTROL.I5BEAM;2025-06-30 16:34:38.0000000;23.157444
BN_CONTROL.I5BEAM;2025-06-30 16:34:39.0000000;23.157444
BN_CONTROL.I5BEAM;2025-06-30 16:34:40.0000000;23.150927
BN_CONTROL.I5BEAM;2025-06-30 16:34:41.0000000;23.135888
BN_CONTROL.I5BEAM;2025-06-30 16:34:42.0000000;23.12887
BN_CONTROL.I5BEAM;2025-06-30 16:34:43.0000000;23.121851
BN_CONTROL.I5BEAM;2025-06-30 16:34:44.0000000;23.114499
BN_CONTROL.I5BEAM;2025-06-30 16:34:45.0000000;23.10982
BN_CONTROL.I5BEAM;2025-06-30 16:34:46.0000000;23.105308
BN_CONTROL.I5BEAM;2025-06-30 16:34:47.0000000;23.090269
BN_CONTROL.I5BEAM;2025-06-30 16:34:48.0000000;23.085423
BN_CONTROL.I5BEAM;2025-06-30 16:34:49.0000000;23.081079
BN_CONTROL.I5BEAM;2025-06-30 16:34:50.0000000;23.074395
BN_CONTROL.I5BEAM;2025-06-30 16:34:51.0000000;23.065204
BN_CONTROL.I5BEAM;2025-06-30 16:34:52.0000000;23.057517
BN_CONTROL.I5BEAM;2025-06-30 16:34:53.0000000;23.048494
BN_CONTROL.I5BEAM;2025-06-30 16:34:54.0000000;23.044316
BN_CONTROL.I5BEAM;2025-06-30 16:34:55.0000000;23.039972
BN_CONTROL.I5BEAM;2025-06-30 16:34:56.0000000;23.036295
BN_CONTROL.I5BEAM;2025-06-30 16:34:57.0000000;23.024264
BN_CONTROL.I5BEAM;2025-06-30 16:34:58.0000000;23.019752
BN_CONTROL.I5BEAM;2025-06-30 16:34:59.0000000;23.013904
BN_CONTROL.I5BEAM;2025-06-30 16:35:00.0000000;23.005382
BN_CONTROL.I5BEAM;2025-06-30 16:35:01.0000000;23.000034
BN_CONTROL.I5BEAM;2025-06-30 16:35:02.0000000;22.992013
BN_CONTROL.I5BEAM;2025-06-30 16:35:03.0000000;22.985831
BN_CONTROL.I5BEAM;2025-06-30 16:35:04.0000000;22.975972
BN_CONTROL.I5BEAM;2025-06-30 16:35:05.0000000;22.965778
BN_CONTROL.I5BEAM;2025-06-30 16:35:06.0000000;22.963606
BN_CONTROL.I5BEAM;2025-06-30 16:35:07.0000000;22.953747
BN_CONTROL.I5BEAM;2025-06-30 16:35:08.0000000;22.947731
BN_CONTROL.I5BEAM;2025-06-30 16:35:09.0000000;22.940379
BN_CONTROL.I5BEAM;2025-06-30 16:35:10.0000000;22.934698
BN_CONTROL.I5BEAM;2025-06-30 16:35:11.0000000;22.923168
BN_CONTROL.I5BEAM;2025-06-30 16:35:12.0000000;22.917486
BN_CONTROL.I5BEAM;2025-06-30 16:35:13.0000000;22.910301
BN_CONTROL.I5BEAM;2025-06-30 16:35:14.0000000;22.906792
BN_CONTROL.I5BEAM;2025-06-30 16:35:15.0000000;22.894593
BN_CONTROL.I5BEAM;2025-06-30 16:35:16.0000000;22.892421
BN_CONTROL.I5BEAM;2025-06-30 16:35:17.0000000;22.880055
BN_CONTROL.I5BEAM;2025-06-30 16:35:18.0000000;22.877048
BN_CONTROL.I5BEAM;2025-06-30 16:35:19.0000000;22.871032
BN_CONTROL.I5BEAM;2025-06-30 16:35:20.0000000;22.862677
BN_CONTROL.I5BEAM;2025-06-30 16:35:21.0000000;22.86251
BN_CONTROL.I5BEAM;2025-06-30 16:35:22.0000000;22.847303
BN_CONTROL.I5BEAM;2025-06-30 16:35:23.0000000;22.845632
BN_CONTROL.I5BEAM;2025-06-30 16:35:24.0000000;22.845632
BN_CONTROL.I5BEAM;2025-06-30 16:35:25.0000000;22.832264
BN_CONTROL.I5BEAM;2025-06-30 16:35:26.0000000;22.826416
BN_CONTROL.I5BEAM;2025-06-30 16:35:27.0000000;22.822071
BN_CONTROL.I5BEAM;2025-06-30 16:35:28.0000000;22.805695
BN_CONTROL.I5BEAM;2025-06-30 16:35:29.0000000;22.811042
BN_CONTROL.I5BEAM;2025-06-30 16:35:30.0000000;22.79851
BN_CONTROL.I5BEAM;2025-06-30 16:35:31.0000000;22.792494
BN_CONTROL.I5BEAM;2025-06-30 16:35:32.0000000;22.78982
BN_CONTROL.I5BEAM;2025-06-30 16:35:33.0000000;22.77829
BN_CONTROL.I5BEAM;2025-06-30 16:35:34.0000000;22.771105
BN_CONTROL.I5BEAM;2025-06-30 16:35:35.0000000;22.767262
BN_CONTROL.I5BEAM;2025-06-30 16:35:36.0000000;22.759575
BN_CONTROL.I5BEAM;2025-06-30 16:35:37.0000000;22.750552
BN_CONTROL.I5BEAM;2025-06-30 16:35:38.0000000;22.739523
BN_CONTROL.I5BEAM;2025-06-30 16:35:39.0000000;22.734009
BN_CONTROL.I5BEAM;2025-06-30 16:35:40.0000000;22.730666
BN_CONTROL.I5BEAM;2025-06-30 16:35:41.0000000;22.727492
BN_CONTROL.I5BEAM;2025-06-30 16:35:42.0000000;22.721643
BN_CONTROL.I5BEAM;2025-06-30 16:35:43.0000000;22.713622
BN_CONTROL.I5BEAM;2025-06-30 16:35:44.0000000;22.704264
BN_CONTROL.I5BEAM;2025-06-30 16:35:45.0000000;22.700421
BN_CONTROL.I5BEAM;2025-06-30 16:35:46.0000000;22.688223
BN_CONTROL.I5BEAM;2025-06-30 16:35:47.0000000;22.685716
BN_CONTROL.I5BEAM;2025-06-30 16:35:48.0000000;22.669507
BN_CONTROL.I5BEAM;2025-06-30 16:35:49.0000000;22.669507
BN_CONTROL.I5BEAM;2025-06-30 16:35:50.0000000;22.662823
BN_CONTROL.I5BEAM;2025-06-30 16:35:51.0000000;22.652296
BN_CONTROL.I5BEAM;2025-06-30 16:35:52.0000000;22.655471
BN_CONTROL.I5BEAM;2025-06-30 16:35:53.0000000;22.63709
BN_CONTROL.I5BEAM;2025-06-30 16:35:54.0000000;22.63709
BN_CONTROL.I5BEAM;2025-06-30 16:35:55.0000000;22.611189
BN_CONTROL.I5BEAM;2025-06-30 16:35:56.0000000;22.609685
BN_CONTROL.I5BEAM;2025-06-30 16:35:57.0000000;22.600661
BN_CONTROL.I5BEAM;2025-06-30 16:35:58.0000000;22.597152
BN_CONTROL.I5BEAM;2025-06-30 16:35:59.0000000;22.588129
BN_CONTROL.I5BEAM;2025-06-30 16:36:00.0000000;22.585622
BN_CONTROL.I5BEAM;2025-06-30 16:36:01.0000000;22.576599
BN_CONTROL.I5BEAM;2025-06-30 16:36:02.0000000;22.568578
BN_CONTROL.I5BEAM;2025-06-30 16:36:03.0000000;22.557716
BN_CONTROL.I5BEAM;2025-06-30 16:36:04.0000000;22.556547
BN_CONTROL.I5BEAM;2025-06-30 16:36:05.0000000;22.544682
BN_CONTROL.I5BEAM;2025-06-30 16:36:06.0000000;22.539335
BN_CONTROL.I5BEAM;2025-06-30 16:36:07.0000000;22.530145
BN_CONTROL.I5BEAM;2025-06-30 16:36:08.0000000;22.521288
BN_CONTROL.I5BEAM;2025-06-30 16:36:09.0000000;22.514103
BN_CONTROL.I5BEAM;2025-06-30 16:36:10.0000000;22.504244
BN_CONTROL.I5BEAM;2025-06-30 16:36:11.0000000;22.490207
BN_CONTROL.I5BEAM;2025-06-30 16:36:12.0000000;22.48603
BN_CONTROL.I5BEAM;2025-06-30 16:36:13.0000000;22.479346
BN_CONTROL.I5BEAM;2025-06-30 16:36:14.0000000;22.472327
BN_CONTROL.I5BEAM;2025-06-30 16:36:15.0000000;22.46698
BN_CONTROL.I5BEAM;2025-06-30 16:36:16.0000000;22.457622
BN_CONTROL.I5BEAM;2025-06-30 16:36:17.0000000;22.454113
BN_CONTROL.I5BEAM;2025-06-30 16:36:18.0000000;22.443085
BN_CONTROL.I5BEAM;2025-06-30 16:36:19.0000000;22.439408
BN_CONTROL.I5BEAM;2025-06-30 16:36:20.0000000;22.42838
BN_CONTROL.I5BEAM;2025-06-30 16:36:21.0000000;22.427878
BN_CONTROL.I5BEAM;2025-06-30 16:36:22.0000000;22.412505
BN_CONTROL.I5BEAM;2025-06-30 16:36:23.0000000;22.408495
BN_CONTROL.I5BEAM;2025-06-30 16:36:24.0000000;22.401978
BN_CONTROL.I5BEAM;2025-06-30 16:36:25.0000000;22.396965
BN_CONTROL.I5BEAM;2025-06-30 16:36:26.0000000;22.387273
BN_CONTROL.I5BEAM;2025-06-30 16:36:27.0000000;22.378583
BN_CONTROL.I5BEAM;2025-06-30 16:36:28.0000000;22.374907
BN_CONTROL.I5BEAM;2025-06-30 16:36:29.0000000;22.370061
BN_CONTROL.I5BEAM;2025-06-30 16:36:30.0000000;22.367722
BN_CONTROL.I5BEAM;2025-06-30 16:36:31.0000000;22.356526
BN_CONTROL.I5BEAM;2025-06-30 16:36:32.0000000;22.350845
BN_CONTROL.I5BEAM;2025-06-30 16:36:33.0000000;22.340484
BN_CONTROL.I5BEAM;2025-06-30 16:36:34.0000000;22.334134
BN_CONTROL.I5BEAM;2025-06-30 16:36:35.0000000;22.327784
BN_CONTROL.I5BEAM;2025-06-30 16:36:36.0000000;22.318594
BN_CONTROL.I5BEAM;2025-06-30 16:36:37.0000000;22.314416
BN_CONTROL.I5BEAM;2025-06-30 16:36:38.0000000;22.312077
BN_CONTROL.I5BEAM;2025-06-30 16:36:39.0000000;22.312077
BN_CONTROL.I5BEAM;2025-06-30 16:36:40.0000000;22.302051
BN_CONTROL.I5BEAM;2025-06-30 16:36:41.0000000;22.297205
BN_CONTROL.I5BEAM;2025-06-30 16:36:42.0000000;22.28885
BN_CONTROL.I5BEAM;2025-06-30 16:36:43.0000000;22.281999
BN_CONTROL.I5BEAM;2025-06-30 16:36:44.0000000;22.271973
BN_CONTROL.I5BEAM;2025-06-30 16:36:45.0000000;22.266124
BN_CONTROL.I5BEAM;2025-06-30 16:36:46.0000000;22.261612
BN_CONTROL.I5BEAM;2025-06-30 16:36:47.0000000;22.254093
BN_CONTROL.I5BEAM;2025-06-30 16:36:48.0000000;22.252756
BN_CONTROL.I5BEAM;2025-06-30 16:36:49.0000000;22.240892
BN_CONTROL.I5BEAM;2025-06-30 16:36:50.0000000;22.237884
BN_CONTROL.I5BEAM;2025-06-30 16:36:51.0000000;22.2312
BN_CONTROL.I5BEAM;2025-06-30 16:36:52.0000000;22.225351
BN_CONTROL.I5BEAM;2025-06-30 16:36:53.0000000;22.219168
BN_CONTROL.I5BEAM;2025-06-30 16:36:54.0000000;22.209644
BN_CONTROL.I5BEAM;2025-06-30 16:36:55.0000000;22.202291
BN_CONTROL.I5BEAM;2025-06-30 16:36:56.0000000;22.196944
BN_CONTROL.I5BEAM;2025-06-30 16:36:57.0000000;22.193435
BN_CONTROL.I5BEAM;2025-06-30 16:36:58.0000000;22.185915
BN_CONTROL.I5BEAM;2025-06-30 16:36:59.0000000;22.179565
BN_CONTROL.I5BEAM;2025-06-30 16:37:00.0000000;22.173884
BN_CONTROL.I5BEAM;2025-06-30 16:37:01.0000000;22.163524
BN_CONTROL.I5BEAM;2025-06-30 16:37:02.0000000;22.162688
BN_CONTROL.I5BEAM;2025-06-30 16:37:03.0000000;22.148819
BN_CONTROL.I5BEAM;2025-06-30 16:37:04.0000000;22.142803
BN_CONTROL.I5BEAM;2025-06-30 16:37:05.0000000;22.139795
BN_CONTROL.I5BEAM;2025-06-30 16:37:06.0000000;22.131774
BN_CONTROL.I5BEAM;2025-06-30 16:37:07.0000000;22.11874
BN_CONTROL.I5BEAM;2025-06-30 16:37:08.0000000;22.11874
BN_CONTROL.I5BEAM;2025-06-30 16:37:09.0000000;22.118239
BN_CONTROL.I5BEAM;2025-06-30 16:37:10.0000000;22.110385
BN_CONTROL.I5BEAM;2025-06-30 16:37:11.0000000;22.103534
BN_CONTROL.I5BEAM;2025-06-30 16:37:12.0000000;22.089163
BN_CONTROL.I5BEAM;2025-06-30 16:37:13.0000000;22.089163
BN_CONTROL.I5BEAM;2025-06-30 16:37:14.0000000;22.077132
BN_CONTROL.I5BEAM;2025-06-30 16:37:15.0000000;22.073456
BN_CONTROL.I5BEAM;2025-06-30 16:37:16.0000000;22.064265
BN_CONTROL.I5BEAM;2025-06-30 16:37:17.0000000;22.063764
BN_CONTROL.I5BEAM;2025-06-30 16:37:18.0000000;22.049059
BN_CONTROL.I5BEAM;2025-06-30 16:37:19.0000000;22.051565
BN_CONTROL.I5BEAM;2025-06-30 16:37:20.0000000;22.035357
BN_CONTROL.I5BEAM;2025-06-30 16:37:21.0000000;22.033519
BN_CONTROL.I5BEAM;2025-06-30 16:37:22.0000000;22.025331
BN_CONTROL.I5BEAM;2025-06-30 16:37:23.0000000;22.024161
BN_CONTROL.I5BEAM;2025-06-30 16:37:24.0000000;22.011962
BN_CONTROL.I5BEAM;2025-06-30 16:37:25.0000000;22.011962
BN_CONTROL.I5BEAM;2025-06-30 16:37:26.0000000;22.001769
BN_CONTROL.I5BEAM;2025-06-30 16:37:27.0000000;21.994918
BN_CONTROL.I5BEAM;2025-06-30 16:37:28.0000000;21.986229
BN_CONTROL.I5BEAM;2025-06-30 16:37:29.0000000;21.982385
BN_CONTROL.I5BEAM;2025-06-30 16:37:30.0000000;21.978041
BN_CONTROL.I5BEAM;2025-06-30 16:37:31.0000000;21.974699
BN_CONTROL.I5BEAM;2025-06-30 16:37:32.0000000;21.966678
BN_CONTROL.I5BEAM;2025-06-30 16:37:33.0000000;21.963336
BN_CONTROL.I5BEAM;2025-06-30 16:37:34.0000000;21.95331
BN_CONTROL.I5BEAM;2025-06-30 16:37:35.0000000;21.944286
BN_CONTROL.I5BEAM;2025-06-30 16:37:36.0000000;21.938103
BN_CONTROL.I5BEAM;2025-06-30 16:37:37.0000000;21.935263
BN_CONTROL.I5BEAM;2025-06-30 16:37:38.0000000;21.923064
BN_CONTROL.I5BEAM;2025-06-30 16:37:39.0000000;21.921226
BN_CONTROL.I5BEAM;2025-06-30 16:37:40.0000000;21.916046
BN_CONTROL.I5BEAM;2025-06-30 16:37:41.0000000;21.911534
BN_CONTROL.I5BEAM;2025-06-30 16:37:42.0000000;21.905853
BN_CONTROL.I5BEAM;2025-06-30 16:37:43.0000000;21.902344
BN_CONTROL.I5BEAM;2025-06-30 16:37:44.0000000;21.895158
BN_CONTROL.I5BEAM;2025-06-30 16:37:45.0000000;21.888809
BN_CONTROL.I5BEAM;2025-06-30 16:37:46.0000000;21.882292
BN_CONTROL.I5BEAM;2025-06-30 16:37:47.0000000;21.873268
BN_CONTROL.I5BEAM;2025-06-30 16:37:48.0000000;21.868923
BN_CONTROL.I5BEAM;2025-06-30 16:37:49.0000000;21.859064
BN_CONTROL.I5BEAM;2025-06-30 16:37:50.0000000;21.851879
BN_CONTROL.I5BEAM;2025-06-30 16:37:51.0000000;21.846699
BN_CONTROL.I5BEAM;2025-06-30 16:37:52.0000000;21.836673
BN_CONTROL.I5BEAM;2025-06-30 16:37:53.0000000;21.835169
BN_CONTROL.I5BEAM;2025-06-30 16:37:54.0000000;21.830657
BN_CONTROL.I5BEAM;2025-06-30 16:37:55.0000000;21.819127
BN_CONTROL.I5BEAM;2025-06-30 16:37:56.0000000;21.81144
BN_CONTROL.I5BEAM;2025-06-30 16:37:57.0000000;21.809268
BN_CONTROL.I5BEAM;2025-06-30 16:37:58.0000000;21.804924
BN_CONTROL.I5BEAM;2025-06-30 16:37:59.0000000;21.796568
BN_CONTROL.I5BEAM;2025-06-30 16:38:00.0000000;21.791722
BN_CONTROL.I5BEAM;2025-06-30 16:38:01.0000000;21.782532
BN_CONTROL.I5BEAM;2025-06-30 16:38:02.0000000;21.782532
BN_CONTROL.I5BEAM;2025-06-30 16:38:03.0000000;21.779858
BN_CONTROL.I5BEAM;2025-06-30 16:38:04.0000000;21.768161
BN_CONTROL.I5BEAM;2025-06-30 16:38:05.0000000;21.765989
BN_CONTROL.I5BEAM;2025-06-30 16:38:06.0000000;21.756464
BN_CONTROL.I5BEAM;2025-06-30 16:38:07.0000000;21.747942
BN_CONTROL.I5BEAM;2025-06-30 16:38:08.0000000;21.744433
BN_CONTROL.I5BEAM;2025-06-30 16:38:09.0000000;21.738584
BN_CONTROL.I5BEAM;2025-06-30 16:38:10.0000000;21.735576
BN_CONTROL.I5BEAM;2025-06-30 16:38:11.0000000;21.73073
BN_CONTROL.I5BEAM;2025-06-30 16:38:12.0000000;21.72555
BN_CONTROL.I5BEAM;2025-06-30 16:38:13.0000000;21.717028
BN_CONTROL.I5BEAM;2025-06-30 16:38:14.0000000;21.710511
BN_CONTROL.I5BEAM;2025-06-30 16:38:15.0000000;21.70483
BN_CONTROL.I5BEAM;2025-06-30 16:38:16.0000000;21.69731
BN_CONTROL.I5BEAM;2025-06-30 16:38:17.0000000;21.698647
BN_CONTROL.I5BEAM;2025-06-30 16:38:18.0000000;21.690459
BN_CONTROL.I5BEAM;2025-06-30 16:38:19.0000000;21.685112
BN_CONTROL.I5BEAM;2025-06-30 16:38:20.0000000;21.676924
BN_CONTROL.I5BEAM;2025-06-30 16:38:21.0000000;21.669738
BN_CONTROL.I5BEAM;2025-06-30 16:38:22.0000000;21.665561
BN_CONTROL.I5BEAM;2025-06-30 16:38:23.0000000;21.658208
BN_CONTROL.I5BEAM;2025-06-30 16:38:24.0000000;21.645843
BN_CONTROL.I5BEAM;2025-06-30 16:38:25.0000000;21.645341
BN_CONTROL.I5BEAM;2025-06-30 16:38:26.0000000;21.63214
BN_CONTROL.I5BEAM;2025-06-30 16:38:27.0000000;21.63214
BN_CONTROL.I5BEAM;2025-06-30 16:38:28.0000000;21.62813
BN_CONTROL.I5BEAM;2025-06-30 16:38:29.0000000;21.620945
BN_CONTROL.I5BEAM;2025-06-30 16:38:30.0000000;21.61543
BN_CONTROL.I5BEAM;2025-06-30 16:38:31.0000000;21.606574
BN_CONTROL.I5BEAM;2025-06-30 16:38:32.0000000;21.59471
BN_CONTROL.I5BEAM;2025-06-30 16:38:33.0000000;21.585519
BN_CONTROL.I5BEAM;2025-06-30 16:38:34.0000000;21.582177
BN_CONTROL.I5BEAM;2025-06-30 16:38:35.0000000;21.570981
BN_CONTROL.I5BEAM;2025-06-30 16:38:36.0000000;21.57165
BN_CONTROL.I5BEAM;2025-06-30 16:38:37.0000000;21.566469
BN_CONTROL.I5BEAM;2025-06-30 16:38:38.0000000;21.559284
BN_CONTROL.I5BEAM;2025-06-30 16:38:39.0000000;21.552767
BN_CONTROL.I5BEAM;2025-06-30 16:38:40.0000000;21.552934
BN_CONTROL.I5BEAM;2025-06-30 16:38:41.0000000;21.542073
BN_CONTROL.I5BEAM;2025-06-30 16:38:42.0000000;21.535221
BN_CONTROL.I5BEAM;2025-06-30 16:38:43.0000000;21.528036
BN_CONTROL.I5BEAM;2025-06-30 16:38:44.0000000;21.528203
BN_CONTROL.I5BEAM;2025-06-30 16:38:45.0000000;21.522355
BN_CONTROL.I5BEAM;2025-06-30 16:38:46.0000000;21.515671
BN_CONTROL.I5BEAM;2025-06-30 16:38:47.0000000;21.509154
BN_CONTROL.I5BEAM;2025-06-30 16:38:48.0000000;21.499629
BN_CONTROL.I5BEAM;2025-06-30 16:38:49.0000000;21.497289
BN_CONTROL.I5BEAM;2025-06-30 16:38:50.0000000;21.489603
BN_CONTROL.I5BEAM;2025-06-30 16:38:51.0000000;21.477571
BN_CONTROL.I5BEAM;2025-06-30 16:38:52.0000000;21.471556
BN_CONTROL.I5BEAM;2025-06-30 16:38:53.0000000;21.477404
BN_CONTROL.I5BEAM;2025-06-30 16:38:54.0000000;21.471054
BN_CONTROL.I5BEAM;2025-06-30 16:38:55.0000000;21.46554
BN_CONTROL.I5BEAM;2025-06-30 16:38:56.0000000;21.454846
BN_CONTROL.I5BEAM;2025-06-30 16:38:57.0000000;21.448997
BN_CONTROL.I5BEAM;2025-06-30 16:38:58.0000000;21.445154
BN_CONTROL.I5BEAM;2025-06-30 16:38:59.0000000;21.435963
BN_CONTROL.I5BEAM;2025-06-30 16:39:00.0000000;21.434459
BN_CONTROL.I5BEAM;2025-06-30 16:39:01.0000000;21.417916
BN_CONTROL.I5BEAM;2025-06-30 16:39:02.0000000;21.418083
BN_CONTROL.I5BEAM;2025-06-30 16:39:03.0000000;21.409227
BN_CONTROL.I5BEAM;2025-06-30 16:39:04.0000000;21.406219
BN_CONTROL.I5BEAM;2025-06-30 16:39:05.0000000;21.399368
BN_CONTROL.I5BEAM;2025-06-30 16:39:06.0000000;21.394021
BN_CONTROL.I5BEAM;2025-06-30 16:39:07.0000000;21.384329
BN_CONTROL.I5BEAM;2025-06-30 16:39:08.0000000;21.381822
BN_CONTROL.I5BEAM;2025-06-30 16:39:09.0000000;21.37965
BN_CONTROL.I5BEAM;2025-06-30 16:39:10.0000000;21.369457
BN_CONTROL.I5BEAM;2025-06-30 16:39:11.0000000;21.367619
BN_CONTROL.I5BEAM;2025-06-30 16:39:12.0000000;21.361102
BN_CONTROL.I5BEAM;2025-06-30 16:39:13.0000000;21.354585
BN_CONTROL.I5BEAM;2025-06-30 16:39:14.0000000;21.352579
BN_CONTROL.I5BEAM;2025-06-30 16:39:15.0000000;21.350741
BN_CONTROL.I5BEAM;2025-06-30 16:39:16.0000000;21.342219
BN_CONTROL.I5BEAM;2025-06-30 16:39:17.0000000;21.334532
BN_CONTROL.I5BEAM;2025-06-30 16:39:18.0000000;21.323002
BN_CONTROL.I5BEAM;2025-06-30 16:39:19.0000000;21.323002
BN_CONTROL.I5BEAM;2025-06-30 16:39:20.0000000;21.318156
BN_CONTROL.I5BEAM;2025-06-30 16:39:21.0000000;21.310804
BN_CONTROL.I5BEAM;2025-06-30 16:39:22.0000000;21.305123
BN_CONTROL.I5BEAM;2025-06-30 16:39:23.0000000;21.297102
BN_CONTROL.I5BEAM;2025-06-30 16:39:24.0000000;21.290251
BN_CONTROL.I5BEAM;2025-06-30 16:39:25.0000000;21.285739
BN_CONTROL.I5BEAM;2025-06-30 16:39:26.0000000;21.281728
BN_CONTROL.I5BEAM;2025-06-30 16:39:27.0000000;21.277718
BN_CONTROL.I5BEAM;2025-06-30 16:39:28.0000000;21.269196
BN_CONTROL.I5BEAM;2025-06-30 16:39:29.0000000;21.270031
BN_CONTROL.I5BEAM;2025-06-30 16:39:30.0000000;21.254324
BN_CONTROL.I5BEAM;2025-06-30 16:39:31.0000000;21.249979
BN_CONTROL.I5BEAM;2025-06-30 16:39:32.0000000;21.245634
BN_CONTROL.I5BEAM;2025-06-30 16:39:33.0000000;21.23611
BN_CONTROL.I5BEAM;2025-06-30 16:39:34.0000000;21.22742
BN_CONTROL.I5BEAM;2025-06-30 16:39:35.0000000;21.229426
BN_CONTROL.I5BEAM;2025-06-30 16:39:36.0000000;21.216559
BN_CONTROL.I5BEAM;2025-06-30 16:39:37.0000000;21.215389
BN_CONTROL.I5BEAM;2025-06-30 16:39:38.0000000;21.209373
BN_CONTROL.I5BEAM;2025-06-30 16:39:39.0000000;21.203191
BN_CONTROL.I5BEAM;2025-06-30 16:39:40.0000000;21.195003
BN_CONTROL.I5BEAM;2025-06-30 16:39:41.0000000;21.187483
BN_CONTROL.I5BEAM;2025-06-30 16:39:42.0000000;21.177791
BN_CONTROL.I5BEAM;2025-06-30 16:39:43.0000000;21.179462
BN_CONTROL.I5BEAM;2025-06-30 16:39:44.0000000;21.17495
BN_CONTROL.I5BEAM;2025-06-30 16:39:45.0000000;21.162251
BN_CONTROL.I5BEAM;2025-06-30 16:39:46.0000000;21.152225
BN_CONTROL.I5BEAM;2025-06-30 16:39:47.0000000;21.152225
BN_CONTROL.I5BEAM;2025-06-30 16:39:48.0000000;21.145039
BN_CONTROL.I5BEAM;2025-06-30 16:39:49.0000000;21.138021
BN_CONTROL.I5BEAM;2025-06-30 16:39:50.0000000;21.130836
BN_CONTROL.I5BEAM;2025-06-30 16:39:51.0000000;21.122815
BN_CONTROL.I5BEAM;2025-06-30 16:39:52.0000000;21.12365
BN_CONTROL.I5BEAM;2025-06-30 16:39:53.0000000;21.115128
BN_CONTROL.I5BEAM;2025-06-30 16:39:54.0000000;21.109447
BN_CONTROL.I5BEAM;2025-06-30 16:39:55.0000000;21.098585
BN_CONTROL.I5BEAM;2025-06-30 16:39:56.0000000;21.090731
BN_CONTROL.I5BEAM;2025-06-30 16:39:57.0000000;21.091065
BN_CONTROL.I5BEAM;2025-06-30 16:39:58.0000000;21.078366
BN_CONTROL.I5BEAM;2025-06-30 16:39:59.0000000;21.075859
BN_CONTROL.I5BEAM;2025-06-30 16:40:00.0000000;21.074857
BN_CONTROL.I5BEAM;2025-06-30 16:40:01.0000000;21.060486
BN_CONTROL.I5BEAM;2025-06-30 16:40:02.0000000;21.058146
BN_CONTROL.I5BEAM;2025-06-30 16:40:03.0000000;21.055139
BN_CONTROL.I5BEAM;2025-06-30 16:40:04.0000000;21.044611
BN_CONTROL.I5BEAM;2025-06-30 16:40:05.0000000;21.035086
BN_CONTROL.I5BEAM;2025-06-30 16:40:06.0000000;21.036089
BN_CONTROL.I5BEAM;2025-06-30 16:40:07.0000000;21.032079
BN_CONTROL.I5BEAM;2025-06-30 16:40:08.0000000;21.019546
BN_CONTROL.I5BEAM;2025-06-30 16:40:09.0000000;21.018042
BN_CONTROL.I5BEAM;2025-06-30 16:40:10.0000000;21.008517
BN_CONTROL.I5BEAM;2025-06-30 16:40:11.0000000;21.001666
BN_CONTROL.I5BEAM;2025-06-30 16:40:12.0000000;20.997321
BN_CONTROL.I5BEAM;2025-06-30 16:40:13.0000000;20.991139
BN_CONTROL.I5BEAM;2025-06-30 16:40:14.0000000;20.989468
BN_CONTROL.I5BEAM;2025-06-30 16:40:15.0000000;20.975598
BN_CONTROL.I5BEAM;2025-06-30 16:40:16.0000000;20.975097
BN_CONTROL.I5BEAM;2025-06-30 16:40:17.0000000;20.967076
BN_CONTROL.I5BEAM;2025-06-30 16:40:18.0000000;20.960726
BN_CONTROL.I5BEAM;2025-06-30 16:40:19.0000000;20.954543
BN_CONTROL.I5BEAM;2025-06-30 16:40:20.0000000;20.956381
BN_CONTROL.I5BEAM;2025-06-30 16:40:21.0000000;20.948361
BN_CONTROL.I5BEAM;2025-06-30 16:40:22.0000000;20.937499
BN_CONTROL.I5BEAM;2025-06-30 16:40:23.0000000;20.933154
BN_CONTROL.I5BEAM;2025-06-30 16:40:24.0000000;20.927974
BN_CONTROL.I5BEAM;2025-06-30 16:40:25.0000000;20.92012
BN_CONTROL.I5BEAM;2025-06-30 16:40:26.0000000;20.911097
BN_CONTROL.I5BEAM;2025-06-30 16:40:27.0000000;20.90341
BN_CONTROL.I5BEAM;2025-06-30 16:40:28.0000000;20.901906
BN_CONTROL.I5BEAM;2025-06-30 16:40:29.0000000;20.89305
BN_CONTROL.I5BEAM;2025-06-30 16:40:30.0000000;20.887536
BN_CONTROL.I5BEAM;2025-06-30 16:40:31.0000000;20.884695
BN_CONTROL.I5BEAM;2025-06-30 16:40:32.0000000;20.880517
BN_CONTROL.I5BEAM;2025-06-30 16:40:33.0000000;20.871327
BN_CONTROL.I5BEAM;2025-06-30 16:40:34.0000000;20.867316
BN_CONTROL.I5BEAM;2025-06-30 16:40:35.0000000;20.867316
BN_CONTROL.I5BEAM;2025-06-30 16:40:36.0000000;20.861969
BN_CONTROL.I5BEAM;2025-06-30 16:40:37.0000000;20.860632
BN_CONTROL.I5BEAM;2025-06-30 16:40:38.0000000;20.85328
BN_CONTROL.I5BEAM;2025-06-30 16:40:39.0000000;20.845259
BN_CONTROL.I5BEAM;2025-06-30 16:40:40.0000000;20.831557
BN_CONTROL.I5BEAM;2025-06-30 16:40:41.0000000;20.834564
BN_CONTROL.I5BEAM;2025-06-30 16:40:42.0000000;20.827546
BN_CONTROL.I5BEAM;2025-06-30 16:40:43.0000000;20.828047
BN_CONTROL.I5BEAM;2025-06-30 16:40:44.0000000;20.813342
BN_CONTROL.I5BEAM;2025-06-30 16:40:45.0000000;20.813342
BN_CONTROL.I5BEAM;2025-06-30 16:40:46.0000000;20.803651
BN_CONTROL.I5BEAM;2025-06-30 16:40:47.0000000;20.808162
BN_CONTROL.I5BEAM;2025-06-30 16:40:48.0000000;20.791285
BN_CONTROL.I5BEAM;2025-06-30 16:40:49.0000000;20.777917
BN_CONTROL.I5BEAM;2025-06-30 16:40:50.0000000;20.777917
BN_CONTROL.I5BEAM;2025-06-30 16:40:51.0000000;20.774742
BN_CONTROL.I5BEAM;2025-06-30 16:40:52.0000000;20.767222
BN_CONTROL.I5BEAM;2025-06-30 16:40:53.0000000;20.758867
BN_CONTROL.I5BEAM;2025-06-30 16:40:54.0000000;20.751682
BN_CONTROL.I5BEAM;2025-06-30 16:40:55.0000000;20.746836
BN_CONTROL.I5BEAM;2025-06-30 16:40:56.0000000;20.746836
BN_CONTROL.I5BEAM;2025-06-30 16:40:57.0000000;20.735807
BN_CONTROL.I5BEAM;2025-06-30 16:40:58.0000000;20.728455
BN_CONTROL.I5BEAM;2025-06-30 16:40:59.0000000;20.718262
BN_CONTROL.I5BEAM;2025-06-30 16:41:00.0000000;20.719264
BN_CONTROL.I5BEAM;2025-06-30 16:41:01.0000000;20.708737
BN_CONTROL.I5BEAM;2025-06-30 16:41:02.0000000;20.707734
BN_CONTROL.I5BEAM;2025-06-30 16:41:03.0000000;20.699045
BN_CONTROL.I5BEAM;2025-06-30 16:41:04.0000000;20.696873
BN_CONTROL.I5BEAM;2025-06-30 16:41:05.0000000;20.68952
BN_CONTROL.I5BEAM;2025-06-30 16:41:06.0000000;20.68317
BN_CONTROL.I5BEAM;2025-06-30 16:41:07.0000000;20.674982
BN_CONTROL.I5BEAM;2025-06-30 16:41:08.0000000;20.671975
BN_CONTROL.I5BEAM;2025-06-30 16:41:09.0000000;20.665959
BN_CONTROL.I5BEAM;2025-06-30 16:41:10.0000000;20.660444
BN_CONTROL.I5BEAM;2025-06-30 16:41:11.0000000;20.659943
BN_CONTROL.I5BEAM;2025-06-30 16:41:12.0000000;20.647076
BN_CONTROL.I5BEAM;2025-06-30 16:41:13.0000000;20.647076
BN_CONTROL.I5BEAM;2025-06-30 16:41:14.0000000;20.638387
BN_CONTROL.I5BEAM;2025-06-30 16:41:15.0000000;20.628695
BN_CONTROL.I5BEAM;2025-06-30 16:41:16.0000000;20.627191
BN_CONTROL.I5BEAM;2025-06-30 16:41:17.0000000;20.62552
BN_CONTROL.I5BEAM;2025-06-30 16:41:18.0000000;20.619505
BN_CONTROL.I5BEAM;2025-06-30 16:41:19.0000000;20.609311
BN_CONTROL.I5BEAM;2025-06-30 16:41:20.0000000;20.606638
BN_CONTROL.I5BEAM;2025-06-30 16:41:21.0000000;20.59845
BN_CONTROL.I5BEAM;2025-06-30 16:41:22.0000000;20.59845
BN_CONTROL.I5BEAM;2025-06-30 16:41:23.0000000;20.58692
BN_CONTROL.I5BEAM;2025-06-30 16:41:24.0000000;20.58458
BN_CONTROL.I5BEAM;2025-06-30 16:41:25.0000000;20.572883
BN_CONTROL.I5BEAM;2025-06-30 16:41:26.0000000;20.570711
BN_CONTROL.I5BEAM;2025-06-30 16:41:27.0000000;20.565698
BN_CONTROL.I5BEAM;2025-06-30 16:41:28.0000000;20.561687
BN_CONTROL.I5BEAM;2025-06-30 16:41:29.0000000;20.554001
BN_CONTROL.I5BEAM;2025-06-30 16:41:30.0000000;20.552163
BN_CONTROL.I5BEAM;2025-06-30 16:41:31.0000000;20.541969
BN_CONTROL.I5BEAM;2025-06-30 16:41:32.0000000;20.533614
BN_CONTROL.I5BEAM;2025-06-30 16:41:33.0000000;20.528936
BN_CONTROL.I5BEAM;2025-06-30 16:41:34.0000000;20.525092
BN_CONTROL.I5BEAM;2025-06-30 16:41:35.0000000;20.522084
BN_CONTROL.I5BEAM;2025-06-30 16:41:36.0000000;20.515066
BN_CONTROL.I5BEAM;2025-06-30 16:41:37.0000000;20.510721
BN_CONTROL.I5BEAM;2025-06-30 16:41:38.0000000;20.499526
BN_CONTROL.I5BEAM;2025-06-30 16:41:39.0000000;20.492507
BN_CONTROL.I5BEAM;2025-06-30 16:41:40.0000000;20.495181
BN_CONTROL.I5BEAM;2025-06-30 16:41:41.0000000;20.490001
BN_CONTROL.I5BEAM;2025-06-30 16:41:42.0000000;20.487494
BN_CONTROL.I5BEAM;2025-06-30 16:41:43.0000000;20.475129
BN_CONTROL.I5BEAM;2025-06-30 16:41:44.0000000;20.476967
BN_CONTROL.I5BEAM;2025-06-30 16:41:45.0000000;20.463599
BN_CONTROL.I5BEAM;2025-06-30 16:41:46.0000000;20.460925
BN_CONTROL.I5BEAM;2025-06-30 16:41:47.0000000;20.453573
BN_CONTROL.I5BEAM;2025-06-30 16:41:48.0000000;20.448393
BN_CONTROL.I5BEAM;2025-06-30 16:41:49.0000000;20.445719
BN_CONTROL.I5BEAM;2025-06-30 16:41:50.0000000;20.440873
BN_CONTROL.I5BEAM;2025-06-30 16:41:51.0000000;20.438032
BN_CONTROL.I5BEAM;2025-06-30 16:41:52.0000000;20.42433
BN_CONTROL.I5BEAM;2025-06-30 16:41:53.0000000;20.422158
BN_CONTROL.I5BEAM;2025-06-30 16:41:54.0000000;20.418816
BN_CONTROL.I5BEAM;2025-06-30 16:41:55.0000000;20.41163
BN_CONTROL.I5BEAM;2025-06-30 16:41:56.0000000;20.409792
BN_CONTROL.I5BEAM;2025-06-30 16:41:57.0000000;20.40244
BN_CONTROL.I5BEAM;2025-06-30 16:41:58.0000000;20.40244
BN_CONTROL.I5BEAM;2025-06-30 16:41:59.0000000;20.39375
BN_CONTROL.I5BEAM;2025-06-30 16:42:00.0000000;20.386899
BN_CONTROL.I5BEAM;2025-06-30 16:42:01.0000000;20.386732
BN_CONTROL.I5BEAM;2025-06-30 16:42:02.0000000;20.38339
BN_CONTROL.I5BEAM;2025-06-30 16:42:03.0000000;20.376372
BN_CONTROL.I5BEAM;2025-06-30 16:42:04.0000000;20.373197
BN_CONTROL.I5BEAM;2025-06-30 16:42:05.0000000;20.36785
BN_CONTROL.I5BEAM;2025-06-30 16:42:06.0000000;20.3615
BN_CONTROL.I5BEAM;2025-06-30 16:42:07.0000000;20.353813
BN_CONTROL.I5BEAM;2025-06-30 16:42:08.0000000;20.353646
BN_CONTROL.I5BEAM;2025-06-30 16:42:09.0000000;20.344288
BN_CONTROL.I5BEAM;2025-06-30 16:42:10.0000000;20.340779
BN_CONTROL.I5BEAM;2025-06-30 16:42:11.0000000;20.337604
BN_CONTROL.I5BEAM;2025-06-30 16:42:12.0000000;20.336434
BN_CONTROL.I5BEAM;2025-06-30 16:42:13.0000000;20.322231
BN_CONTROL.I5BEAM;2025-06-30 16:42:14.0000000;20.320058
BN_CONTROL.I5BEAM;2025-06-30 16:42:15.0000000;20.309698
BN_CONTROL.I5BEAM;2025-06-30 16:42:16.0000000;20.30903
BN_CONTROL.I5BEAM;2025-06-30 16:42:17.0000000;20.303515
BN_CONTROL.I5BEAM;2025-06-30 16:42:18.0000000;20.289145
BN_CONTROL.I5BEAM;2025-06-30 16:42:19.0000000;20.288978
BN_CONTROL.I5BEAM;2025-06-30 16:42:20.0000000;20.283129
BN_CONTROL.I5BEAM;2025-06-30 16:42:21.0000000;20.278283
BN_CONTROL.I5BEAM;2025-06-30 16:42:22.0000000;20.274774
BN_CONTROL.I5BEAM;2025-06-30 16:42:23.0000000;20.26809
BN_CONTROL.I5BEAM;2025-06-30 16:42:24.0000000;20.264247
BN_CONTROL.I5BEAM;2025-06-30 16:42:25.0000000;20.257562
BN_CONTROL.I5BEAM;2025-06-30 16:42:26.0000000;20.249375
BN_CONTROL.I5BEAM;2025-06-30 16:42:27.0000000;20.253552
BN_CONTROL.I5BEAM;2025-06-30 16:42:28.0000000;20.237009
BN_CONTROL.I5BEAM;2025-06-30 16:42:29.0000000;20.240184
BN_CONTROL.I5BEAM;2025-06-30 16:42:30.0000000;20.226649
BN_CONTROL.I5BEAM;2025-06-30 16:42:31.0000000;20.221803
BN_CONTROL.I5BEAM;2025-06-30 16:42:32.0000000;20.220299
BN_CONTROL.I5BEAM;2025-06-30 16:42:33.0000000;20.212445
BN_CONTROL.I5BEAM;2025-06-30 16:42:34.0000000;20.211944
BN_CONTROL.I5BEAM;2025-06-30 16:42:35.0000000;20.201583
BN_CONTROL.I5BEAM;2025-06-30 16:42:36.0000000;20.19139
BN_CONTROL.I5BEAM;2025-06-30 16:42:37.0000000;20.184873
BN_CONTROL.I5BEAM;2025-06-30 16:42:38.0000000;20.182033
BN_CONTROL.I5BEAM;2025-06-30 16:42:39.0000000;20.176685
BN_CONTROL.I5BEAM;2025-06-30 16:42:40.0000000;20.165991
BN_CONTROL.I5BEAM;2025-06-30 16:42:41.0000000;20.162816
BN_CONTROL.I5BEAM;2025-06-30 16:42:42.0000000;20.156132
BN_CONTROL.I5BEAM;2025-06-30 16:42:43.0000000;20.15279
BN_CONTROL.I5BEAM;2025-06-30 16:42:44.0000000;20.146941
BN_CONTROL.I5BEAM;2025-06-30 16:42:45.0000000;20.143933
BN_CONTROL.I5BEAM;2025-06-30 16:42:46.0000000;20.138252
BN_CONTROL.I5BEAM;2025-06-30 16:42:47.0000000;20.130899
BN_CONTROL.I5BEAM;2025-06-30 16:42:48.0000000;20.127223
BN_CONTROL.I5BEAM;2025-06-30 16:42:49.0000000;20.126722
BN_CONTROL.I5BEAM;2025-06-30 16:42:50.0000000;20.116696
BN_CONTROL.I5BEAM;2025-06-30 16:42:51.0000000;20.11068
BN_CONTROL.I5BEAM;2025-06-30 16:42:52.0000000;20.108842
BN_CONTROL.I5BEAM;2025-06-30 16:42:53.0000000;20.104665
BN_CONTROL.I5BEAM;2025-06-30 16:42:54.0000000;20.097479
BN_CONTROL.I5BEAM;2025-06-30 16:42:55.0000000;20.091631
BN_CONTROL.I5BEAM;2025-06-30 16:42:56.0000000;20.08762
BN_CONTROL.I5BEAM;2025-06-30 16:42:57.0000000;20.082774
BN_CONTROL.I5BEAM;2025-06-30 16:42:58.0000000;20.07208
BN_CONTROL.I5BEAM;2025-06-30 16:42:59.0000000;20.070074
BN_CONTROL.I5BEAM;2025-06-30 16:43:00.0000000;20.06974
BN_CONTROL.I5BEAM;2025-06-30 16:43:01.0000000;20.057208
BN_CONTROL.I5BEAM;2025-06-30 16:43:02.0000000;20.053866
BN_CONTROL.I5BEAM;2025-06-30 16:43:03.0000000;20.045343
BN_CONTROL.I5BEAM;2025-06-30 16:43:04.0000000;20.044341
BN_CONTROL.I5BEAM;2025-06-30 16:43:05.0000000;20.040497
BN_CONTROL.I5BEAM;2025-06-30 16:43:06.0000000;20.038994
BN_CONTROL.I5BEAM;2025-06-30 16:43:07.0000000;20.035317
BN_CONTROL.I5BEAM;2025-06-30 16:43:08.0000000;20.025124
BN_CONTROL.I5BEAM;2025-06-30 16:43:09.0000000;20.020779
BN_CONTROL.I5BEAM;2025-06-30 16:43:10.0000000;20.016936
BN_CONTROL.I5BEAM;2025-06-30 16:43:11.0000000;20.008414
BN_CONTROL.I5BEAM;2025-06-30 16:43:12.0000000;20.006075
BN_CONTROL.I5BEAM;2025-06-30 16:43:13.0000000;19.999725
BN_CONTROL.I5BEAM;2025-06-30 16:43:14.0000000;19.999725
BN_CONTROL.I5BEAM;2025-06-30 16:43:15.0000000;19.994377
BN_CONTROL.I5BEAM;2025-06-30 16:43:16.0000000;19.990701
BN_CONTROL.I5BEAM;2025-06-30 16:43:17.0000000;19.988195
BN_CONTROL.I5BEAM;2025-06-30 16:43:18.0000000;19.976999
BN_CONTROL.I5BEAM;2025-06-30 16:43:19.0000000;19.97115
BN_CONTROL.I5BEAM;2025-06-30 16:43:20.0000000;19.963464
BN_CONTROL.I5BEAM;2025-06-30 16:43:21.0000000;19.967474
BN_CONTROL.I5BEAM;2025-06-30 16:43:22.0000000;19.957782
BN_CONTROL.I5BEAM;2025-06-30 16:43:23.0000000;19.955777
BN_CONTROL.I5BEAM;2025-06-30 16:43:24.0000000;19.948257
BN_CONTROL.I5BEAM;2025-06-30 16:43:25.0000000;19.94525
BN_CONTROL.I5BEAM;2025-06-30 16:43:26.0000000;19.934722
BN_CONTROL.I5BEAM;2025-06-30 16:43:27.0000000;19.934221
BN_CONTROL.I5BEAM;2025-06-30 16:43:28.0000000;19.929542
BN_CONTROL.I5BEAM;2025-06-30 16:43:29.0000000;19.927537
BN_CONTROL.I5BEAM;2025-06-30 16:43:30.0000000;19.918848
BN_CONTROL.I5BEAM;2025-06-30 16:43:31.0000000;19.9135
BN_CONTROL.I5BEAM;2025-06-30 16:43:32.0000000;19.9135
BN_CONTROL.I5BEAM;2025-06-30 16:43:33.0000000;19.903307
BN_CONTROL.I5BEAM;2025-06-30 16:43:34.0000000;19.90314
BN_CONTROL.I5BEAM;2025-06-30 16:43:35.0000000;19.893782
BN_CONTROL.I5BEAM;2025-06-30 16:43:36.0000000;19.885594
BN_CONTROL.I5BEAM;2025-06-30 16:43:37.0000000;19.882586
BN_CONTROL.I5BEAM;2025-06-30 16:43:38.0000000;19.875234
BN_CONTROL.I5BEAM;2025-06-30 16:43:39.0000000;19.871558
BN_CONTROL.I5BEAM;2025-06-30 16:43:40.0000000;19.859861
BN_CONTROL.I5BEAM;2025-06-30 16:43:41.0000000;19.859861
BN_CONTROL.I5BEAM;2025-06-30 16:43:42.0000000;19.855683
BN_CONTROL.I5BEAM;2025-06-30 16:43:43.0000000;19.848665
BN_CONTROL.I5BEAM;2025-06-30 16:43:44.0000000;19.846827
BN_CONTROL.I5BEAM;2025-06-30 16:43:45.0000000;19.842983
BN_CONTROL.I5BEAM;2025-06-30 16:43:46.0000000;19.836968
BN_CONTROL.I5BEAM;2025-06-30 16:43:47.0000000;19.834127
BN_CONTROL.I5BEAM;2025-06-30 16:43:48.0000000;19.828446
BN_CONTROL.I5BEAM;2025-06-30 16:43:49.0000000;19.821761
BN_CONTROL.I5BEAM;2025-06-30 16:43:50.0000000;19.815077
BN_CONTROL.I5BEAM;2025-06-30 16:43:51.0000000;19.817751
BN_CONTROL.I5BEAM;2025-06-30 16:43:52.0000000;19.799036
BN_CONTROL.I5BEAM;2025-06-30 16:43:53.0000000;19.793354
BN_CONTROL.I5BEAM;2025-06-30 16:43:54.0000000;19.793521
BN_CONTROL.I5BEAM;2025-06-30 16:43:55.0000000;19.787171
BN_CONTROL.I5BEAM;2025-06-30 16:43:56.0000000;19.779819
BN_CONTROL.I5BEAM;2025-06-30 16:43:57.0000000;19.774137
BN_CONTROL.I5BEAM;2025-06-30 16:43:58.0000000;19.772968
BN_CONTROL.I5BEAM;2025-06-30 16:43:59.0000000;19.767119
BN_CONTROL.I5BEAM;2025-06-30 16:44:00.0000000;19.764446
BN_CONTROL.I5BEAM;2025-06-30 16:44:01.0000000;19.75325
BN_CONTROL.I5BEAM;2025-06-30 16:44:02.0000000;19.75208
BN_CONTROL.I5BEAM;2025-06-30 16:44:03.0000000;19.741553
BN_CONTROL.I5BEAM;2025-06-30 16:44:04.0000000;19.744059
BN_CONTROL.I5BEAM;2025-06-30 16:44:05.0000000;19.73938
BN_CONTROL.I5BEAM;2025-06-30 16:44:06.0000000;19.729187
BN_CONTROL.I5BEAM;2025-06-30 16:44:07.0000000;19.729187
BN_CONTROL.I5BEAM;2025-06-30 16:44:08.0000000;19.723004
BN_CONTROL.I5BEAM;2025-06-30 16:44:09.0000000;19.71632
BN_CONTROL.I5BEAM;2025-06-30 16:44:10.0000000;19.713814
BN_CONTROL.I5BEAM;2025-06-30 16:44:11.0000000;19.705793
BN_CONTROL.I5BEAM;2025-06-30 16:44:12.0000000;19.697939
BN_CONTROL.I5BEAM;2025-06-30 16:44:13.0000000;19.697271
BN_CONTROL.I5BEAM;2025-06-30 16:44:14.0000000;19.689751
BN_CONTROL.I5BEAM;2025-06-30 16:44:15.0000000;19.685741
BN_CONTROL.I5BEAM;2025-06-30 16:44:16.0000000;19.681563
BN_CONTROL.I5BEAM;2025-06-30 16:44:17.0000000;19.676049
BN_CONTROL.I5BEAM;2025-06-30 16:44:18.0000000;19.668028
BN_CONTROL.I5BEAM;2025-06-30 16:44:19.0000000;19.664853
BN_CONTROL.I5BEAM;2025-06-30 16:44:20.0000000;19.659339
BN_CONTROL.I5BEAM;2025-06-30 16:44:21.0000000;19.655328
BN_CONTROL.I5BEAM;2025-06-30 16:44:22.0000000;19.65466
BN_CONTROL.I5BEAM;2025-06-30 16:44:23.0000000;19.649145
BN_CONTROL.I5BEAM;2025-06-30 16:44:24.0000000;19.642294
BN_CONTROL.I5BEAM;2025-06-30 16:44:25.0000000;19.635276
BN_CONTROL.I5BEAM;2025-06-30 16:44:26.0000000;19.636112
BN_CONTROL.I5BEAM;2025-06-30 16:44:27.0000000;19.628425
BN_CONTROL.I5BEAM;2025-06-30 16:44:28.0000000;19.618065
BN_CONTROL.I5BEAM;2025-06-30 16:44:29.0000000;19.621407
BN_CONTROL.I5BEAM;2025-06-30 16:44:30.0000000;19.61255
BN_CONTROL.I5BEAM;2025-06-30 16:44:31.0000000;19.608874
BN_CONTROL.I5BEAM;2025-06-30 16:44:32.0000000;19.595005
BN_CONTROL.I5BEAM;2025-06-30 16:44:33.0000000;19.601187
BN_CONTROL.I5BEAM;2025-06-30 16:44:34.0000000;19.593835
BN_CONTROL.I5BEAM;2025-06-30 16:44:35.0000000;19.58431
BN_CONTROL.I5BEAM;2025-06-30 16:44:36.0000000;19.58431
BN_CONTROL.I5BEAM;2025-06-30 16:44:37.0000000;19.579631
BN_CONTROL.I5BEAM;2025-06-30 16:44:38.0000000;19.577626
BN_CONTROL.I5BEAM;2025-06-30 16:44:39.0000000;19.572613
BN_CONTROL.I5BEAM;2025-06-30 16:44:40.0000000;19.565929
BN_CONTROL.I5BEAM;2025-06-30 16:44:41.0000000;19.558744
BN_CONTROL.I5BEAM;2025-06-30 16:44:42.0000000;19.557908
BN_CONTROL.I5BEAM;2025-06-30 16:44:43.0000000;19.551892
BN_CONTROL.I5BEAM;2025-06-30 16:44:44.0000000;19.547381
BN_CONTROL.I5BEAM;2025-06-30 16:44:45.0000000;19.535182
BN_CONTROL.I5BEAM;2025-06-30 16:44:46.0000000;19.542033
BN_CONTROL.I5BEAM;2025-06-30 16:44:47.0000000;19.535851
BN_CONTROL.I5BEAM;2025-06-30 16:44:48.0000000;19.52666
BN_CONTROL.I5BEAM;2025-06-30 16:44:49.0000000;19.517135
BN_CONTROL.I5BEAM;2025-06-30 16:44:50.0000000;19.519308
BN_CONTROL.I5BEAM;2025-06-30 16:44:51.0000000;19.512456
BN_CONTROL.I5BEAM;2025-06-30 16:44:52.0000000;19.512958
BN_CONTROL.I5BEAM;2025-06-30 16:44:53.0000000;19.501762
BN_CONTROL.I5BEAM;2025-06-30 16:44:54.0000000;19.499255
BN_CONTROL.I5BEAM;2025-06-30 16:44:55.0000000;19.495245
BN_CONTROL.I5BEAM;2025-06-30 16:44:56.0000000;19.486054
BN_CONTROL.I5BEAM;2025-06-30 16:44:57.0000000;19.482044
BN_CONTROL.I5BEAM;2025-06-30 16:44:58.0000000;19.478201
BN_CONTROL.I5BEAM;2025-06-30 16:44:59.0000000;19.473856
BN_CONTROL.I5BEAM;2025-06-30 16:45:00.0000000;19.470681
BN_CONTROL.I5BEAM;2025-06-30 16:45:01.0000000;19.45865
BN_CONTROL.I5BEAM;2025-06-30 16:45:02.0000000;19.45865
BN_CONTROL.I5BEAM;2025-06-30 16:45:03.0000000;19.454138
BN_CONTROL.I5BEAM;2025-06-30 16:45:04.0000000;19.449125
BN_CONTROL.I5BEAM;2025-06-30 16:45:05.0000000;19.449292
BN_CONTROL.I5BEAM;2025-06-30 16:45:06.0000000;19.439266
BN_CONTROL.I5BEAM;2025-06-30 16:45:07.0000000;19.435423
BN_CONTROL.I5BEAM;2025-06-30 16:45:08.0000000;19.427402
BN_CONTROL.I5BEAM;2025-06-30 16:45:09.0000000;19.425062
BN_CONTROL.I5BEAM;2025-06-30 16:45:10.0000000;19.420383
BN_CONTROL.I5BEAM;2025-06-30 16:45:11.0000000;19.411694
BN_CONTROL.I5BEAM;2025-06-30 16:45:12.0000000;19.404007
BN_CONTROL.I5BEAM;2025-06-30 16:45:13.0000000;19.402336
BN_CONTROL.I5BEAM;2025-06-30 16:45:14.0000000;19.402002
BN_CONTROL.I5BEAM;2025-06-30 16:45:15.0000000;19.388968
BN_CONTROL.I5BEAM;2025-06-30 16:45:16.0000000;19.384122
BN_CONTROL.I5BEAM;2025-06-30 16:45:17.0000000;19.378441
BN_CONTROL.I5BEAM;2025-06-30 16:45:18.0000000;19.37159
BN_CONTROL.I5BEAM;2025-06-30 16:45:19.0000000;19.375433
BN_CONTROL.I5BEAM;2025-06-30 16:45:20.0000000;19.361396
BN_CONTROL.I5BEAM;2025-06-30 16:45:21.0000000;19.365407
BN_CONTROL.I5BEAM;2025-06-30 16:45:22.0000000;19.360227
BN_CONTROL.I5BEAM;2025-06-30 16:45:23.0000000;19.351203
BN_CONTROL.I5BEAM;2025-06-30 16:45:24.0000000;19.350368
BN_CONTROL.I5BEAM;2025-06-30 16:45:25.0000000;19.340509
BN_CONTROL.I5BEAM;2025-06-30 16:45:26.0000000;19.33466
BN_CONTROL.I5BEAM;2025-06-30 16:45:27.0000000;19.328645
BN_CONTROL.I5BEAM;2025-06-30 16:45:28.0000000;19.324467
BN_CONTROL.I5BEAM;2025-06-30 16:45:29.0000000;19.322963
BN_CONTROL.I5BEAM;2025-06-30 16:45:30.0000000;19.319454
BN_CONTROL.I5BEAM;2025-06-30 16:45:31.0000000;19.31277
BN_CONTROL.I5BEAM;2025-06-30 16:45:32.0000000;19.305752
BN_CONTROL.I5BEAM;2025-06-30 16:45:33.0000000;19.299736
BN_CONTROL.I5BEAM;2025-06-30 16:45:34.0000000;19.299068
BN_CONTROL.I5BEAM;2025-06-30 16:45:35.0000000;19.298065
BN_CONTROL.I5BEAM;2025-06-30 16:45:36.0000000;19.284196
BN_CONTROL.I5BEAM;2025-06-30 16:45:37.0000000;19.28854
BN_CONTROL.I5BEAM;2025-06-30 16:45:38.0000000;19.278848
BN_CONTROL.I5BEAM;2025-06-30 16:45:39.0000000;19.267485
BN_CONTROL.I5BEAM;2025-06-30 16:45:40.0000000;19.26665
BN_CONTROL.I5BEAM;2025-06-30 16:45:41.0000000;19.26147
BN_CONTROL.I5BEAM;2025-06-30 16:45:42.0000000;19.258796
BN_CONTROL.I5BEAM;2025-06-30 16:45:43.0000000;19.249773
BN_CONTROL.I5BEAM;2025-06-30 16:45:44.0000000;19.245762
BN_CONTROL.I5BEAM;2025-06-30 16:45:45.0000000;19.244927
BN_CONTROL.I5BEAM;2025-06-30 16:45:46.0000000;19.245094
BN_CONTROL.I5BEAM;2025-06-30 16:45:47.0000000;19.239245
BN_CONTROL.I5BEAM;2025-06-30 16:45:48.0000000;19.23323
BN_CONTROL.I5BEAM;2025-06-30 16:45:49.0000000;19.22972
BN_CONTROL.I5BEAM;2025-06-30 16:45:50.0000000;19.221532
BN_CONTROL.I5BEAM;2025-06-30 16:45:51.0000000;19.217689
BN_CONTROL.I5BEAM;2025-06-30 16:45:52.0000000;19.215183
BN_CONTROL.I5BEAM;2025-06-30 16:45:53.0000000;19.215183
BN_CONTROL.I5BEAM;2025-06-30 16:45:54.0000000;19.208331
BN_CONTROL.I5BEAM;2025-06-30 16:45:55.0000000;19.202984
BN_CONTROL.I5BEAM;2025-06-30 16:45:56.0000000;19.204989
BN_CONTROL.I5BEAM;2025-06-30 16:45:57.0000000;19.195297
BN_CONTROL.I5BEAM;2025-06-30 16:45:58.0000000;19.181929
BN_CONTROL.I5BEAM;2025-06-30 16:45:59.0000000;19.179924
BN_CONTROL.I5BEAM;2025-06-30 16:46:00.0000000;19.174243
BN_CONTROL.I5BEAM;2025-06-30 16:46:01.0000000;19.17441
BN_CONTROL.I5BEAM;2025-06-30 16:46:02.0000000;19.172572
BN_CONTROL.I5BEAM;2025-06-30 16:46:03.0000000;19.162378
BN_CONTROL.I5BEAM;2025-06-30 16:46:04.0000000;19.159371
BN_CONTROL.I5BEAM;2025-06-30 16:46:05.0000000;19.155861
BN_CONTROL.I5BEAM;2025-06-30 16:46:06.0000000;19.148843
BN_CONTROL.I5BEAM;2025-06-30 16:46:07.0000000;19.143997
BN_CONTROL.I5BEAM;2025-06-30 16:46:08.0000000;19.142493
BN_CONTROL.I5BEAM;2025-06-30 16:46:09.0000000;19.132634
BN_CONTROL.I5BEAM;2025-06-30 16:46:10.0000000;19.128123
BN_CONTROL.I5BEAM;2025-06-30 16:46:11.0000000;19.129459
BN_CONTROL.I5BEAM;2025-06-30 16:46:12.0000000;19.121104
BN_CONTROL.I5BEAM;2025-06-30 16:46:13.0000000;19.114754
BN_CONTROL.I5BEAM;2025-06-30 16:46:14.0000000;19.114754
BN_CONTROL.I5BEAM;2025-06-30 16:46:15.0000000;19.107402
BN_CONTROL.I5BEAM;2025-06-30 16:46:16.0000000;19.101888
BN_CONTROL.I5BEAM;2025-06-30 16:46:17.0000000;19.098044
BN_CONTROL.I5BEAM;2025-06-30 16:46:18.0000000;19.088854
BN_CONTROL.I5BEAM;2025-06-30 16:46:19.0000000;19.089689
BN_CONTROL.I5BEAM;2025-06-30 16:46:20.0000000;19.078661
BN_CONTROL.I5BEAM;2025-06-30 16:46:21.0000000;19.078661
BN_CONTROL.I5BEAM;2025-06-30 16:46:22.0000000;19.073815
BN_CONTROL.I5BEAM;2025-06-30 16:46:23.0000000;19.07348
BN_CONTROL.I5BEAM;2025-06-30 16:46:24.0000000;19.066963
BN_CONTROL.I5BEAM;2025-06-30 16:46:25.0000000;19.061115
BN_CONTROL.I5BEAM;2025-06-30 16:46:26.0000000;19.056436
BN_CONTROL.I5BEAM;2025-06-30 16:46:27.0000000;19.043068
BN_CONTROL.I5BEAM;2025-06-30 16:46:28.0000000;19.041397
BN_CONTROL.I5BEAM;2025-06-30 16:46:29.0000000;19.036718
BN_CONTROL.I5BEAM;2025-06-30 16:46:30.0000000;19.034044
BN_CONTROL.I5BEAM;2025-06-30 16:46:31.0000000;19.026358
BN_CONTROL.I5BEAM;2025-06-30 16:46:32.0000000;19.025021
BN_CONTROL.I5BEAM;2025-06-30 16:46:33.0000000;19.018337
BN_CONTROL.I5BEAM;2025-06-30 16:46:34.0000000;19.009982
BN_CONTROL.I5BEAM;2025-06-30 16:46:35.0000000;19.01065
BN_CONTROL.I5BEAM;2025-06-30 16:46:36.0000000;19.003966
BN_CONTROL.I5BEAM;2025-06-30 16:46:37.0000000;18.998452
BN_CONTROL.I5BEAM;2025-06-30 16:46:38.0000000;18.99511
BN_CONTROL.I5BEAM;2025-06-30 16:46:39.0000000;18.987757
BN_CONTROL.I5BEAM;2025-06-30 16:46:40.0000000;18.991768
BN_CONTROL.I5BEAM;2025-06-30 16:46:41.0000000;18.983413
BN_CONTROL.I5BEAM;2025-06-30 16:46:42.0000000;18.988091
BN_CONTROL.I5BEAM;2025-06-30 16:46:43.0000000;18.97723
BN_CONTROL.I5BEAM;2025-06-30 16:46:44.0000000;18.972885
BN_CONTROL.I5BEAM;2025-06-30 16:46:45.0000000;18.962859
BN_CONTROL.I5BEAM;2025-06-30 16:46:46.0000000;18.96052
BN_CONTROL.I5BEAM;2025-06-30 16:46:47.0000000;18.953167
BN_CONTROL.I5BEAM;2025-06-30 16:46:48.0000000;18.949658
BN_CONTROL.I5BEAM;2025-06-30 16:46:49.0000000;18.944979
BN_CONTROL.I5BEAM;2025-06-30 16:46:50.0000000;18.939465
BN_CONTROL.I5BEAM;2025-06-30 16:46:51.0000000;18.938964
BN_CONTROL.I5BEAM;2025-06-30 16:46:52.0000000;18.92994
BN_CONTROL.I5BEAM;2025-06-30 16:46:53.0000000;18.926097
BN_CONTROL.I5BEAM;2025-06-30 16:46:54.0000000;18.917073
BN_CONTROL.I5BEAM;2025-06-30 16:46:55.0000000;18.916906
BN_CONTROL.I5BEAM;2025-06-30 16:46:56.0000000;18.913063
BN_CONTROL.I5BEAM;2025-06-30 16:46:57.0000000;18.910222
BN_CONTROL.I5BEAM;2025-06-30 16:46:58.0000000;18.902703
BN_CONTROL.I5BEAM;2025-06-30 16:46:59.0000000;18.898692
BN_CONTROL.I5BEAM;2025-06-30 16:47:00.0000000;18.897857
BN_CONTROL.I5BEAM;2025-06-30 16:47:01.0000000;18.892844
BN_CONTROL.I5BEAM;2025-06-30 16:47:02.0000000;18.89134
BN_CONTROL.I5BEAM;2025-06-30 16:47:03.0000000;18.88265
BN_CONTROL.I5BEAM;2025-06-30 16:47:04.0000000;18.878974
BN_CONTROL.I5BEAM;2025-06-30 16:47:05.0000000;18.87747
BN_CONTROL.I5BEAM;2025-06-30 16:47:06.0000000;18.871622
BN_CONTROL.I5BEAM;2025-06-30 16:47:07.0000000;18.860426
BN_CONTROL.I5BEAM;2025-06-30 16:47:08.0000000;18.85558
BN_CONTROL.I5BEAM;2025-06-30 16:47:09.0000000;18.8504
BN_CONTROL.I5BEAM;2025-06-30 16:47:10.0000000;18.848227
BN_CONTROL.I5BEAM;2025-06-30 16:47:11.0000000;18.845387
BN_CONTROL.I5BEAM;2025-06-30 16:47:12.0000000;18.845387
BN_CONTROL.I5BEAM;2025-06-30 16:47:13.0000000;18.843381
BN_CONTROL.I5BEAM;2025-06-30 16:47:14.0000000;18.834191
BN_CONTROL.I5BEAM;2025-06-30 16:47:15.0000000;18.832687
BN_CONTROL.I5BEAM;2025-06-30 16:47:16.0000000;18.829011
BN_CONTROL.I5BEAM;2025-06-30 16:47:17.0000000;18.828844
BN_CONTROL.I5BEAM;2025-06-30 16:47:18.0000000;18.819486
BN_CONTROL.I5BEAM;2025-06-30 16:47:19.0000000;18.808457
BN_CONTROL.I5BEAM;2025-06-30 16:47:20.0000000;18.80712
BN_CONTROL.I5BEAM;2025-06-30 16:47:21.0000000;18.803277
BN_CONTROL.I5BEAM;2025-06-30 16:47:22.0000000;18.803277
BN_CONTROL.I5BEAM;2025-06-30 16:47:23.0000000;18.788739
BN_CONTROL.I5BEAM;2025-06-30 16:47:24.0000000;18.787235
BN_CONTROL.I5BEAM;2025-06-30 16:47:25.0000000;18.785899
BN_CONTROL.I5BEAM;2025-06-30 16:47:26.0000000;18.785899
BN_CONTROL.I5BEAM;2025-06-30 16:47:27.0000000;18.780718
BN_CONTROL.I5BEAM;2025-06-30 16:47:28.0000000;18.77253
BN_CONTROL.I5BEAM;2025-06-30 16:47:29.0000000;18.766013
BN_CONTROL.I5BEAM;2025-06-30 16:47:30.0000000;18.761669
BN_CONTROL.I5BEAM;2025-06-30 16:47:31.0000000;18.751643
BN_CONTROL.I5BEAM;2025-06-30 16:47:32.0000000;18.751643
BN_CONTROL.I5BEAM;2025-06-30 16:47:33.0000000;18.751476
BN_CONTROL.I5BEAM;2025-06-30 16:47:34.0000000;18.748301
BN_CONTROL.I5BEAM;2025-06-30 16:47:35.0000000;18.732426
BN_CONTROL.I5BEAM;2025-06-30 16:47:36.0000000;18.732426
BN_CONTROL.I5BEAM;2025-06-30 16:47:37.0000000;18.731089
BN_CONTROL.I5BEAM;2025-06-30 16:47:38.0000000;18.722734
BN_CONTROL.I5BEAM;2025-06-30 16:47:39.0000000;18.722233
BN_CONTROL.I5BEAM;2025-06-30 16:47:40.0000000;18.718891
BN_CONTROL.I5BEAM;2025-06-30 16:47:41.0000000;18.713209
BN_CONTROL.I5BEAM;2025-06-30 16:47:42.0000000;18.714546
BN_CONTROL.I5BEAM;2025-06-30 16:47:43.0000000;18.704687
BN_CONTROL.I5BEAM;2025-06-30 16:47:44.0000000;18.698504
BN_CONTROL.I5BEAM;2025-06-30 16:47:45.0000000;18.693993
BN_CONTROL.I5BEAM;2025-06-30 16:47:46.0000000;18.686974
BN_CONTROL.I5BEAM;2025-06-30 16:47:47.0000000;18.682964
BN_CONTROL.I5BEAM;2025-06-30 16:47:48.0000000;18.684301
BN_CONTROL.I5BEAM;2025-06-30 16:47:49.0000000;18.674609
BN_CONTROL.I5BEAM;2025-06-30 16:47:50.0000000;18.674108
BN_CONTROL.I5BEAM;2025-06-30 16:47:51.0000000;18.667591
BN_CONTROL.I5BEAM;2025-06-30 16:47:52.0000000;18.657564
BN_CONTROL.I5BEAM;2025-06-30 16:47:53.0000000;18.655893
BN_CONTROL.I5BEAM;2025-06-30 16:47:54.0000000;18.654055
BN_CONTROL.I5BEAM;2025-06-30 16:47:55.0000000;18.648875
BN_CONTROL.I5BEAM;2025-06-30 16:47:56.0000000;18.644865
BN_CONTROL.I5BEAM;2025-06-30 16:47:57.0000000;18.644363
BN_CONTROL.I5BEAM;2025-06-30 16:47:58.0000000;18.638682
BN_CONTROL.I5BEAM;2025-06-30 16:47:59.0000000;18.632833
BN_CONTROL.I5BEAM;2025-06-30 16:48:00.0000000;18.627987
BN_CONTROL.I5BEAM;2025-06-30 16:48:01.0000000;18.625314
BN_CONTROL.I5BEAM;2025-06-30 16:48:02.0000000;18.61345
BN_CONTROL.I5BEAM;2025-06-30 16:48:03.0000000;18.612948
BN_CONTROL.I5BEAM;2025-06-30 16:48:04.0000000;18.611612
BN_CONTROL.I5BEAM;2025-06-30 16:48:05.0000000;18.601251
BN_CONTROL.I5BEAM;2025-06-30 16:48:06.0000000;18.594901
BN_CONTROL.I5BEAM;2025-06-30 16:48:07.0000000;18.596739
BN_CONTROL.I5BEAM;2025-06-30 16:48:08.0000000;18.59039
BN_CONTROL.I5BEAM;2025-06-30 16:48:09.0000000;18.586713
BN_CONTROL.I5BEAM;2025-06-30 16:48:10.0000000;18.577189
BN_CONTROL.I5BEAM;2025-06-30 16:48:11.0000000;18.583371
BN_CONTROL.I5BEAM;2025-06-30 16:48:12.0000000;18.578525
BN_CONTROL.I5BEAM;2025-06-30 16:48:13.0000000;18.57652
BN_CONTROL.I5BEAM;2025-06-30 16:48:14.0000000;18.569001
BN_CONTROL.I5BEAM;2025-06-30 16:48:15.0000000;18.560813
BN_CONTROL.I5BEAM;2025-06-30 16:48:16.0000000;18.558975
BN_CONTROL.I5BEAM;2025-06-30 16:48:17.0000000;18.55463
BN_CONTROL.I5BEAM;2025-06-30 16:48:18.0000000;18.553293
BN_CONTROL.I5BEAM;2025-06-30 16:48:19.0000000;18.539089
BN_CONTROL.I5BEAM;2025-06-30 16:48:20.0000000;18.541262
BN_CONTROL.I5BEAM;2025-06-30 16:48:21.0000000;18.536416
BN_CONTROL.I5BEAM;2025-06-30 16:48:22.0000000;18.535246
BN_CONTROL.I5BEAM;2025-06-30 16:48:23.0000000;18.522212
BN_CONTROL.I5BEAM;2025-06-30 16:48:24.0000000;18.531069
BN_CONTROL.I5BEAM;2025-06-30 16:48:25.0000000;18.520207
BN_CONTROL.I5BEAM;2025-06-30 16:48:26.0000000;18.516196
BN_CONTROL.I5BEAM;2025-06-30 16:48:27.0000000;18.513189
BN_CONTROL.I5BEAM;2025-06-30 16:48:28.0000000;18.513189
BN_CONTROL.I5BEAM;2025-06-30 16:48:29.0000000;18.502494
BN_CONTROL.I5BEAM;2025-06-30 16:48:30.0000000;18.501826
BN_CONTROL.I5BEAM;2025-06-30 16:48:31.0000000;18.50216
BN_CONTROL.I5BEAM;2025-06-30 16:48:32.0000000;18.490129
BN_CONTROL.I5BEAM;2025-06-30 16:48:33.0000000;18.493136
BN_CONTROL.I5BEAM;2025-06-30 16:48:34.0000000;18.487956
BN_CONTROL.I5BEAM;2025-06-30 16:48:35.0000000;18.479768
BN_CONTROL.I5BEAM;2025-06-30 16:48:36.0000000;18.480771
BN_CONTROL.I5BEAM;2025-06-30 16:48:37.0000000;18.476426
BN_CONTROL.I5BEAM;2025-06-30 16:48:38.0000000;18.464729
BN_CONTROL.I5BEAM;2025-06-30 16:48:39.0000000;18.459048
BN_CONTROL.I5BEAM;2025-06-30 16:48:40.0000000;18.459048
BN_CONTROL.I5BEAM;2025-06-30 16:48:41.0000000;18.455873
BN_CONTROL.I5BEAM;2025-06-30 16:48:42.0000000;18.446849
BN_CONTROL.I5BEAM;2025-06-30 16:48:43.0000000;18.442839
BN_CONTROL.I5BEAM;2025-06-30 16:48:44.0000000;18.443674
BN_CONTROL.I5BEAM;2025-06-30 16:48:45.0000000;18.435988
BN_CONTROL.I5BEAM;2025-06-30 16:48:46.0000000;18.435988
BN_CONTROL.I5BEAM;2025-06-30 16:48:47.0000000;18.428134
BN_CONTROL.I5BEAM;2025-06-30 16:48:48.0000000;18.428802
BN_CONTROL.I5BEAM;2025-06-30 16:48:49.0000000;18.417272
BN_CONTROL.I5BEAM;2025-06-30 16:48:50.0000000;18.415267
BN_CONTROL.I5BEAM;2025-06-30 16:48:51.0000000;18.41393
BN_CONTROL.I5BEAM;2025-06-30 16:48:52.0000000;18.409084
BN_CONTROL.I5BEAM;2025-06-30 16:48:53.0000000;18.402066
BN_CONTROL.I5BEAM;2025-06-30 16:48:54.0000000;18.389199
BN_CONTROL.I5BEAM;2025-06-30 16:48:55.0000000;18.389199
BN_CONTROL.I5BEAM;2025-06-30 16:48:56.0000000;18.385189
BN_CONTROL.I5BEAM;2025-06-30 16:48:57.0000000;18.385189
BN_CONTROL.I5BEAM;2025-06-30 16:48:58.0000000;18.376834
BN_CONTROL.I5BEAM;2025-06-30 16:48:59.0000000;18.378505
BN_CONTROL.I5BEAM;2025-06-30 16:49:00.0000000;18.372656
BN_CONTROL.I5BEAM;2025-06-30 16:49:01.0000000;18.366808
BN_CONTROL.I5BEAM;2025-06-30 16:49:02.0000000;18.366808
BN_CONTROL.I5BEAM;2025-06-30 16:49:03.0000000;18.355111
BN_CONTROL.I5BEAM;2025-06-30 16:49:04.0000000;18.351768
BN_CONTROL.I5BEAM;2025-06-30 16:49:05.0000000;18.348426
BN_CONTROL.I5BEAM;2025-06-30 16:49:06.0000000;18.34592
BN_CONTROL.I5BEAM;2025-06-30 16:49:07.0000000;18.337398
BN_CONTROL.I5BEAM;2025-06-30 16:49:08.0000000;18.332719
BN_CONTROL.I5BEAM;2025-06-30 16:49:09.0000000;18.329711
BN_CONTROL.I5BEAM;2025-06-30 16:49:10.0000000;18.326703
BN_CONTROL.I5BEAM;2025-06-30 16:49:11.0000000;18.318348
BN_CONTROL.I5BEAM;2025-06-30 16:49:12.0000000;18.317847
BN_CONTROL.I5BEAM;2025-06-30 16:49:13.0000000;18.313669
BN_CONTROL.I5BEAM;2025-06-30 16:49:14.0000000;18.307319
BN_CONTROL.I5BEAM;2025-06-30 16:49:15.0000000;18.305147
BN_CONTROL.I5BEAM;2025-06-30 16:49:16.0000000;18.30097
BN_CONTROL.I5BEAM;2025-06-30 16:49:17.0000000;18.298463
BN_CONTROL.I5BEAM;2025-06-30 16:49:18.0000000;18.293784
BN_CONTROL.I5BEAM;2025-06-30 16:49:19.0000000;18.290944
BN_CONTROL.I5BEAM;2025-06-30 16:49:20.0000000;18.281252
BN_CONTROL.I5BEAM;2025-06-30 16:49:21.0000000;18.273565
BN_CONTROL.I5BEAM;2025-06-30 16:49:22.0000000;18.274233
BN_CONTROL.I5BEAM;2025-06-30 16:49:23.0000000;18.269554
BN_CONTROL.I5BEAM;2025-06-30 16:49:24.0000000;18.267382
BN_CONTROL.I5BEAM;2025-06-30 16:49:25.0000000;18.260531
BN_CONTROL.I5BEAM;2025-06-30 16:49:26.0000000;18.259863
BN_CONTROL.I5BEAM;2025-06-30 16:49:27.0000000;18.25886
BN_CONTROL.I5BEAM;2025-06-30 16:49:28.0000000;18.253346
BN_CONTROL.I5BEAM;2025-06-30 16:49:29.0000000;18.243821
BN_CONTROL.I5BEAM;2025-06-30 16:49:30.0000000;18.240479
BN_CONTROL.I5BEAM;2025-06-30 16:49:31.0000000;18.231121
BN_CONTROL.I5BEAM;2025-06-30 16:49:32.0000000;18.225774
BN_CONTROL.I5BEAM;2025-06-30 16:49:33.0000000;18.232124
BN_CONTROL.I5BEAM;2025-06-30 16:49:34.0000000;18.221763
BN_CONTROL.I5BEAM;2025-06-30 16:49:35.0000000;18.228782
BN_CONTROL.I5BEAM;2025-06-30 16:49:36.0000000;18.218254
BN_CONTROL.I5BEAM;2025-06-30 16:49:37.0000000;18.212072
BN_CONTROL.I5BEAM;2025-06-30 16:49:38.0000000;18.210401
BN_CONTROL.I5BEAM;2025-06-30 16:49:39.0000000;18.20756
BN_CONTROL.I5BEAM;2025-06-30 16:49:40.0000000;18.20004
BN_CONTROL.I5BEAM;2025-06-30 16:49:41.0000000;18.195194
BN_CONTROL.I5BEAM;2025-06-30 16:49:42.0000000;18.192855
BN_CONTROL.I5BEAM;2025-06-30 16:49:43.0000000;18.191518
BN_CONTROL.I5BEAM;2025-06-30 16:49:44.0000000;18.181158
BN_CONTROL.I5BEAM;2025-06-30 16:49:45.0000000;18.181158
BN_CONTROL.I5BEAM;2025-06-30 16:49:46.0000000;18.176813
BN_CONTROL.I5BEAM;2025-06-30 16:49:47.0000000;18.175978
BN_CONTROL.I5BEAM;2025-06-30 16:49:48.0000000;18.175309
BN_CONTROL.I5BEAM;2025-06-30 16:49:49.0000000;18.167455
BN_CONTROL.I5BEAM;2025-06-30 16:49:50.0000000;18.162275
BN_CONTROL.I5BEAM;2025-06-30 16:49:51.0000000;18.159602
BN_CONTROL.I5BEAM;2025-06-30 16:49:52.0000000;18.154087
BN_CONTROL.I5BEAM;2025-06-30 16:49:53.0000000;18.145899
BN_CONTROL.I5BEAM;2025-06-30 16:49:54.0000000;18.146233
BN_CONTROL.I5BEAM;2025-06-30 16:49:55.0000000;18.13721
BN_CONTROL.I5BEAM;2025-06-30 16:49:56.0000000;18.133534
BN_CONTROL.I5BEAM;2025-06-30 16:49:57.0000000;18.133868
BN_CONTROL.I5BEAM;2025-06-30 16:49:58.0000000;18.119497
BN_CONTROL.I5BEAM;2025-06-30 16:49:59.0000000;18.126014
BN_CONTROL.I5BEAM;2025-06-30 16:50:00.0000000;18.118829
BN_CONTROL.I5BEAM;2025-06-30 16:50:01.0000000;18.110808
BN_CONTROL.I5BEAM;2025-06-30 16:50:02.0000000;18.110808
BN_CONTROL.I5BEAM;2025-06-30 16:50:03.0000000;18.110641
BN_CONTROL.I5BEAM;2025-06-30 16:50:04.0000000;18.10145
BN_CONTROL.I5BEAM;2025-06-30 16:50:05.0000000;18.099111
BN_CONTROL.I5BEAM;2025-06-30 16:50:06.0000000;18.093931
BN_CONTROL.I5BEAM;2025-06-30 16:50:07.0000000;18.08992
BN_CONTROL.I5BEAM;2025-06-30 16:50:08.0000000;18.081231
BN_CONTROL.I5BEAM;2025-06-30 16:50:09.0000000;18.086077
BN_CONTROL.I5BEAM;2025-06-30 16:50:10.0000000;18.078724
BN_CONTROL.I5BEAM;2025-06-30 16:50:11.0000000;18.072375
BN_CONTROL.I5BEAM;2025-06-30 16:50:12.0000000;18.06803
BN_CONTROL.I5BEAM;2025-06-30 16:50:13.0000000;18.063685
BN_CONTROL.I5BEAM;2025-06-30 16:50:14.0000000;18.062181
BN_CONTROL.I5BEAM;2025-06-30 16:50:15.0000000;18.055664
BN_CONTROL.I5BEAM;2025-06-30 16:50:16.0000000;18.057001
BN_CONTROL.I5BEAM;2025-06-30 16:50:17.0000000;18.048145
BN_CONTROL.I5BEAM;2025-06-30 16:50:18.0000000;18.038286
BN_CONTROL.I5BEAM;2025-06-30 16:50:19.0000000;18.035779
BN_CONTROL.I5BEAM;2025-06-30 16:50:20.0000000;18.036281
BN_CONTROL.I5BEAM;2025-06-30 16:50:21.0000000;18.033273
BN_CONTROL.I5BEAM;2025-06-30 16:50:22.0000000;18.027257
BN_CONTROL.I5BEAM;2025-06-30 16:50:23.0000000;18.027591
BN_CONTROL.I5BEAM;2025-06-30 16:50:24.0000000;18.020907
BN_CONTROL.I5BEAM;2025-06-30 16:50:25.0000000;18.021743
BN_CONTROL.I5BEAM;2025-06-30 16:50:26.0000000;18.018067
BN_CONTROL.I5BEAM;2025-06-30 16:50:27.0000000;18.007205
BN_CONTROL.I5BEAM;2025-06-30 16:50:28.0000000;18.003696
BN_CONTROL.I5BEAM;2025-06-30 16:50:29.0000000;17.999518
BN_CONTROL.I5BEAM;2025-06-30 16:50:30.0000000;17.996343
BN_CONTROL.I5BEAM;2025-06-30 16:50:31.0000000;17.981471
BN_CONTROL.I5BEAM;2025-06-30 16:50:32.0000000;17.985983
BN_CONTROL.I5BEAM;2025-06-30 16:50:33.0000000;17.979967
BN_CONTROL.I5BEAM;2025-06-30 16:50:34.0000000;17.979967
BN_CONTROL.I5BEAM;2025-06-30 16:50:35.0000000;17.974119
BN_CONTROL.I5BEAM;2025-06-30 16:50:36.0000000;17.971947
BN_CONTROL.I5BEAM;2025-06-30 16:50:37.0000000;17.961252
BN_CONTROL.I5BEAM;2025-06-30 16:50:38.0000000;17.966098
BN_CONTROL.I5BEAM;2025-06-30 16:50:39.0000000;17.957242
BN_CONTROL.I5BEAM;2025-06-30 16:50:40.0000000;17.956573
BN_CONTROL.I5BEAM;2025-06-30 16:50:41.0000000;17.958578
BN_CONTROL.I5BEAM;2025-06-30 16:50:42.0000000;17.947048
BN_CONTROL.I5BEAM;2025-06-30 16:50:43.0000000;17.939863
BN_CONTROL.I5BEAM;2025-06-30 16:50:44.0000000;17.9412
BN_CONTROL.I5BEAM;2025-06-30 16:50:45.0000000;17.940197
BN_CONTROL.I5BEAM;2025-06-30 16:50:46.0000000;17.933012
BN_CONTROL.I5BEAM;2025-06-30 16:50:47.0000000;17.924657
BN_CONTROL.I5BEAM;2025-06-30 16:50:48.0000000;17.926829
BN_CONTROL.I5BEAM;2025-06-30 16:50:49.0000000;17.918474
BN_CONTROL.I5BEAM;2025-06-30 16:50:50.0000000;17.910286
BN_CONTROL.I5BEAM;2025-06-30 16:50:51.0000000;17.914464
BN_CONTROL.I5BEAM;2025-06-30 16:50:52.0000000;17.904103
BN_CONTROL.I5BEAM;2025-06-30 16:50:53.0000000;17.901095
BN_CONTROL.I5BEAM;2025-06-30 16:50:54.0000000;17.895748
BN_CONTROL.I5BEAM;2025-06-30 16:50:55.0000000;17.893075
BN_CONTROL.I5BEAM;2025-06-30 16:50:56.0000000;17.888061
BN_CONTROL.I5BEAM;2025-06-30 16:50:57.0000000;17.885555
BN_CONTROL.I5BEAM;2025-06-30 16:50:58.0000000;17.88639
BN_CONTROL.I5BEAM;2025-06-30 16:50:59.0000000;17.876197
BN_CONTROL.I5BEAM;2025-06-30 16:51:00.0000000;17.875028
BN_CONTROL.I5BEAM;2025-06-30 16:51:01.0000000;17.871351
BN_CONTROL.I5BEAM;2025-06-30 16:51:02.0000000;17.871351
BN_CONTROL.I5BEAM;2025-06-30 16:51:03.0000000;17.865503
BN_CONTROL.I5BEAM;2025-06-30 16:51:04.0000000;17.858986
BN_CONTROL.I5BEAM;2025-06-30 16:51:05.0000000;17.855644
BN_CONTROL.I5BEAM;2025-06-30 16:51:06.0000000;17.853137
BN_CONTROL.I5BEAM;2025-06-30 16:51:07.0000000;17.852803
BN_CONTROL.I5BEAM;2025-06-30 16:51:08.0000000;17.843612
BN_CONTROL.I5BEAM;2025-06-30 16:51:09.0000000;17.846954
BN_CONTROL.I5BEAM;2025-06-30 16:51:10.0000000;17.840438
BN_CONTROL.I5BEAM;2025-06-30 16:51:11.0000000;17.837597
BN_CONTROL.I5BEAM;2025-06-30 16:51:12.0000000;17.829576
BN_CONTROL.I5BEAM;2025-06-30 16:51:13.0000000;17.830579
BN_CONTROL.I5BEAM;2025-06-30 16:51:14.0000000;17.822223
BN_CONTROL.I5BEAM;2025-06-30 16:51:15.0000000;17.818881
BN_CONTROL.I5BEAM;2025-06-30 16:51:16.0000000;17.818213
BN_CONTROL.I5BEAM;2025-06-30 16:51:17.0000000;17.807184
BN_CONTROL.I5BEAM;2025-06-30 16:51:18.0000000;17.804845
BN_CONTROL.I5BEAM;2025-06-30 16:51:19.0000000;17.805012
BN_CONTROL.I5BEAM;2025-06-30 16:51:20.0000000;17.794986
BN_CONTROL.I5BEAM;2025-06-30 16:51:21.0000000;17.793315
BN_CONTROL.I5BEAM;2025-06-30 16:51:22.0000000;17.791978
BN_CONTROL.I5BEAM;2025-06-30 16:51:23.0000000;17.784458
BN_CONTROL.I5BEAM;2025-06-30 16:51:24.0000000;17.783122
BN_CONTROL.I5BEAM;2025-06-30 16:51:25.0000000;17.77744
BN_CONTROL.I5BEAM;2025-06-30 16:51:26.0000000;17.776772
BN_CONTROL.I5BEAM;2025-06-30 16:51:27.0000000;17.769586
BN_CONTROL.I5BEAM;2025-06-30 16:51:28.0000000;17.766913
BN_CONTROL.I5BEAM;2025-06-30 16:51:29.0000000;17.761064
BN_CONTROL.I5BEAM;2025-06-30 16:51:30.0000000;17.759059
BN_CONTROL.I5BEAM;2025-06-30 16:51:31.0000000;17.749701
BN_CONTROL.I5BEAM;2025-06-30 16:51:32.0000000;17.749701
BN_CONTROL.I5BEAM;2025-06-30 16:51:33.0000000;17.749534
BN_CONTROL.I5BEAM;2025-06-30 16:51:34.0000000;17.737837
BN_CONTROL.I5BEAM;2025-06-30 16:51:35.0000000;17.734328
BN_CONTROL.I5BEAM;2025-06-30 16:51:36.0000000;17.723132
BN_CONTROL.I5BEAM;2025-06-30 16:51:37.0000000;17.725305
BN_CONTROL.I5BEAM;2025-06-30 16:51:38.0000000;17.721962
BN_CONTROL.I5BEAM;2025-06-30 16:51:39.0000000;17.716949
BN_CONTROL.I5BEAM;2025-06-30 16:51:40.0000000;17.717284
BN_CONTROL.I5BEAM;2025-06-30 16:51:41.0000000;17.714443
BN_CONTROL.I5BEAM;2025-06-30 16:51:42.0000000;17.710767
BN_CONTROL.I5BEAM;2025-06-30 16:51:43.0000000;17.706923
BN_CONTROL.I5BEAM;2025-06-30 16:51:44.0000000;17.70191
BN_CONTROL.I5BEAM;2025-06-30 16:51:45.0000000;17.698735
BN_CONTROL.I5BEAM;2025-06-30 16:51:46.0000000;17.692385
BN_CONTROL.I5BEAM;2025-06-30 16:51:47.0000000;17.687038
BN_CONTROL.I5BEAM;2025-06-30 16:51:48.0000000;17.686704
BN_CONTROL.I5BEAM;2025-06-30 16:51:49.0000000;17.682192
BN_CONTROL.I5BEAM;2025-06-30 16:51:50.0000000;17.676845
BN_CONTROL.I5BEAM;2025-06-30 16:51:51.0000000;17.673002
BN_CONTROL.I5BEAM;2025-06-30 16:51:52.0000000;17.673837
BN_CONTROL.I5BEAM;2025-06-30 16:51:53.0000000;17.666485
BN_CONTROL.I5BEAM;2025-06-30 16:51:54.0000000;17.665148
BN_CONTROL.I5BEAM;2025-06-30 16:51:55.0000000;17.654453
BN_CONTROL.I5BEAM;2025-06-30 16:51:56.0000000;17.649942
BN_CONTROL.I5BEAM;2025-06-30 16:51:57.0000000;17.647101
BN_CONTROL.I5BEAM;2025-06-30 16:51:58.0000000;17.640083
BN_CONTROL.I5BEAM;2025-06-30 16:51:59.0000000;17.640417
BN_CONTROL.I5BEAM;2025-06-30 16:52:00.0000000;17.640083
BN_CONTROL.I5BEAM;2025-06-30 16:52:01.0000000;17.637576
BN_CONTROL.I5BEAM;2025-06-30 16:52:02.0000000;17.62755
BN_CONTROL.I5BEAM;2025-06-30 16:52:03.0000000;17.624041
BN_CONTROL.I5BEAM;2025-06-30 16:52:04.0000000;17.622537
BN_CONTROL.I5BEAM;2025-06-30 16:52:05.0000000;17.617691
BN_CONTROL.I5BEAM;2025-06-30 16:52:06.0000000;17.613179
BN_CONTROL.I5BEAM;2025-06-30 16:52:07.0000000;17.608668
BN_CONTROL.I5BEAM;2025-06-30 16:52:08.0000000;17.603822
BN_CONTROL.I5BEAM;2025-06-30 16:52:09.0000000;17.595467
BN_CONTROL.I5BEAM;2025-06-30 16:52:10.0000000;17.597305
BN_CONTROL.I5BEAM;2025-06-30 16:52:11.0000000;17.595634
BN_CONTROL.I5BEAM;2025-06-30 16:52:12.0000000;17.598474
BN_CONTROL.I5BEAM;2025-06-30 16:52:13.0000000;17.580929
BN_CONTROL.I5BEAM;2025-06-30 16:52:14.0000000;17.578422
BN_CONTROL.I5BEAM;2025-06-30 16:52:15.0000000;17.579425
BN_CONTROL.I5BEAM;2025-06-30 16:52:16.0000000;17.575749
BN_CONTROL.I5BEAM;2025-06-30 16:52:17.0000000;17.566558
BN_CONTROL.I5BEAM;2025-06-30 16:52:18.0000000;17.570067
BN_CONTROL.I5BEAM;2025-06-30 16:52:19.0000000;17.570067
BN_CONTROL.I5BEAM;2025-06-30 16:52:20.0000000;17.561545
BN_CONTROL.I5BEAM;2025-06-30 16:52:21.0000000;17.55436
BN_CONTROL.I5BEAM;2025-06-30 16:52:22.0000000;17.552689
BN_CONTROL.I5BEAM;2025-06-30 16:52:23.0000000;17.556198
BN_CONTROL.I5BEAM;2025-06-30 16:52:24.0000000;17.546673
BN_CONTROL.I5BEAM;2025-06-30 16:52:25.0000000;17.551185
BN_CONTROL.I5BEAM;2025-06-30 16:52:26.0000000;17.537649
BN_CONTROL.I5BEAM;2025-06-30 16:52:27.0000000;17.534307
BN_CONTROL.I5BEAM;2025-06-30 16:52:28.0000000;17.535811
BN_CONTROL.I5BEAM;2025-06-30 16:52:29.0000000;17.527623
BN_CONTROL.I5BEAM;2025-06-30 16:52:30.0000000;17.525618
BN_CONTROL.I5BEAM;2025-06-30 16:52:31.0000000;17.519602
BN_CONTROL.I5BEAM;2025-06-30 16:52:32.0000000;17.515926
BN_CONTROL.I5BEAM;2025-06-30 16:52:33.0000000;17.515926
BN_CONTROL.I5BEAM;2025-06-30 16:52:34.0000000;17.511582
BN_CONTROL.I5BEAM;2025-06-30 16:52:35.0000000;17.503394
BN_CONTROL.I5BEAM;2025-06-30 16:52:36.0000000;17.501555
BN_CONTROL.I5BEAM;2025-06-30 16:52:37.0000000;17.494871
BN_CONTROL.I5BEAM;2025-06-30 16:52:38.0000000;17.493535
BN_CONTROL.I5BEAM;2025-06-30 16:52:39.0000000;17.488354
BN_CONTROL.I5BEAM;2025-06-30 16:52:40.0000000;17.491028
BN_CONTROL.I5BEAM;2025-06-30 16:52:41.0000000;17.479164
BN_CONTROL.I5BEAM;2025-06-30 16:52:42.0000000;17.479164
BN_CONTROL.I5BEAM;2025-06-30 16:52:43.0000000;17.476156
BN_CONTROL.I5BEAM;2025-06-30 16:52:44.0000000;17.469639
BN_CONTROL.I5BEAM;2025-06-30 16:52:45.0000000;17.468971
BN_CONTROL.I5BEAM;2025-06-30 16:52:46.0000000;17.461952
BN_CONTROL.I5BEAM;2025-06-30 16:52:47.0000000;17.462955
BN_CONTROL.I5BEAM;2025-06-30 16:52:48.0000000;17.456772
BN_CONTROL.I5BEAM;2025-06-30 16:52:49.0000000;17.450757
BN_CONTROL.I5BEAM;2025-06-30 16:52:50.0000000;17.450757
BN_CONTROL.I5BEAM;2025-06-30 16:52:51.0000000;17.445075
BN_CONTROL.I5BEAM;2025-06-30 16:52:52.0000000;17.446746
BN_CONTROL.I5BEAM;2025-06-30 16:52:53.0000000;17.439394
BN_CONTROL.I5BEAM;2025-06-30 16:52:54.0000000;17.436887
BN_CONTROL.I5BEAM;2025-06-30 16:52:55.0000000;17.424187
BN_CONTROL.I5BEAM;2025-06-30 16:52:56.0000000;17.420511
BN_CONTROL.I5BEAM;2025-06-30 16:52:57.0000000;17.422683
BN_CONTROL.I5BEAM;2025-06-30 16:52:58.0000000;17.411153
BN_CONTROL.I5BEAM;2025-06-30 16:52:59.0000000;17.412824
BN_CONTROL.I5BEAM;2025-06-30 16:53:00.0000000;17.40965
BN_CONTROL.I5BEAM;2025-06-30 16:53:01.0000000;17.408313
BN_CONTROL.I5BEAM;2025-06-30 16:53:02.0000000;17.404637
BN_CONTROL.I5BEAM;2025-06-30 16:53:03.0000000;17.399122
BN_CONTROL.I5BEAM;2025-06-30 16:53:04.0000000;17.390433
BN_CONTROL.I5BEAM;2025-06-30 16:53:05.0000000;17.389764
BN_CONTROL.I5BEAM;2025-06-30 16:53:06.0000000;17.384751
BN_CONTROL.I5BEAM;2025-06-30 16:53:07.0000000;17.37907
BN_CONTROL.I5BEAM;2025-06-30 16:53:08.0000000;17.374057
BN_CONTROL.I5BEAM;2025-06-30 16:53:09.0000000;17.378234
BN_CONTROL.I5BEAM;2025-06-30 16:53:10.0000000;17.370046
BN_CONTROL.I5BEAM;2025-06-30 16:53:11.0000000;17.367206
BN_CONTROL.I5BEAM;2025-06-30 16:53:12.0000000;17.365535
BN_CONTROL.I5BEAM;2025-06-30 16:53:13.0000000;17.36002
BN_CONTROL.I5BEAM;2025-06-30 16:53:14.0000000;17.352835
BN_CONTROL.I5BEAM;2025-06-30 16:53:15.0000000;17.349994
BN_CONTROL.I5BEAM;2025-06-30 16:53:16.0000000;17.350663
BN_CONTROL.I5BEAM;2025-06-30 16:53:17.0000000;17.347989
BN_CONTROL.I5BEAM;2025-06-30 16:53:18.0000000;17.341639
BN_CONTROL.I5BEAM;2025-06-30 16:53:19.0000000;17.334621
BN_CONTROL.I5BEAM;2025-06-30 16:53:20.0000000;17.333785
BN_CONTROL.I5BEAM;2025-06-30 16:53:21.0000000;17.329441
BN_CONTROL.I5BEAM;2025-06-30 16:53:22.0000000;17.323091
BN_CONTROL.I5BEAM;2025-06-30 16:53:23.0000000;17.322423
BN_CONTROL.I5BEAM;2025-06-30 16:53:24.0000000;17.321086
BN_CONTROL.I5BEAM;2025-06-30 16:53:25.0000000;17.312396
BN_CONTROL.I5BEAM;2025-06-30 16:53:26.0000000;17.318078
BN_CONTROL.I5BEAM;2025-06-30 16:53:27.0000000;17.305378
BN_CONTROL.I5BEAM;2025-06-30 16:53:28.0000000;17.308887
BN_CONTROL.I5BEAM;2025-06-30 16:53:29.0000000;17.300532
BN_CONTROL.I5BEAM;2025-06-30 16:53:30.0000000;17.301535
BN_CONTROL.I5BEAM;2025-06-30 16:53:31.0000000;17.287665
BN_CONTROL.I5BEAM;2025-06-30 16:53:32.0000000;17.290172
BN_CONTROL.I5BEAM;2025-06-30 16:53:33.0000000;17.289336
BN_CONTROL.I5BEAM;2025-06-30 16:53:34.0000000;17.283822
BN_CONTROL.I5BEAM;2025-06-30 16:53:35.0000000;17.280814
BN_CONTROL.I5BEAM;2025-06-30 16:53:36.0000000;17.277305
BN_CONTROL.I5BEAM;2025-06-30 16:53:37.0000000;17.268282
BN_CONTROL.I5BEAM;2025-06-30 16:53:38.0000000;17.26895
BN_CONTROL.I5BEAM;2025-06-30 16:53:39.0000000;17.265775
BN_CONTROL.I5BEAM;2025-06-30 16:53:40.0000000;17.257587
BN_CONTROL.I5BEAM;2025-06-30 16:53:41.0000000;17.257587
BN_CONTROL.I5BEAM;2025-06-30 16:53:42.0000000;17.256417
BN_CONTROL.I5BEAM;2025-06-30 16:53:43.0000000;17.260929
BN_CONTROL.I5BEAM;2025-06-30 16:53:44.0000000;17.255749
BN_CONTROL.I5BEAM;2025-06-30 16:53:45.0000000;17.249566
BN_CONTROL.I5BEAM;2025-06-30 16:53:46.0000000;17.240376
BN_CONTROL.I5BEAM;2025-06-30 16:53:47.0000000;17.237201
BN_CONTROL.I5BEAM;2025-06-30 16:53:48.0000000;17.237535
BN_CONTROL.I5BEAM;2025-06-30 16:53:49.0000000;17.234694
BN_CONTROL.I5BEAM;2025-06-30 16:53:50.0000000;17.227342
BN_CONTROL.I5BEAM;2025-06-30 16:53:51.0000000;17.223833
BN_CONTROL.I5BEAM;2025-06-30 16:53:52.0000000;17.222162
BN_CONTROL.I5BEAM;2025-06-30 16:53:53.0000000;17.219822
BN_CONTROL.I5BEAM;2025-06-30 16:53:54.0000000;17.215812
BN_CONTROL.I5BEAM;2025-06-30 16:53:55.0000000;17.208793
BN_CONTROL.I5BEAM;2025-06-30 16:53:56.0000000;17.208793
BN_CONTROL.I5BEAM;2025-06-30 16:53:57.0000000;17.204449
BN_CONTROL.I5BEAM;2025-06-30 16:53:58.0000000;17.19977
BN_CONTROL.I5BEAM;2025-06-30 16:53:59.0000000;17.192417
BN_CONTROL.I5BEAM;2025-06-30 16:54:00.0000000;17.190412
BN_CONTROL.I5BEAM;2025-06-30 16:54:01.0000000;17.18707
BN_CONTROL.I5BEAM;2025-06-30 16:54:02.0000000;17.18707
BN_CONTROL.I5BEAM;2025-06-30 16:54:03.0000000;17.175707
BN_CONTROL.I5BEAM;2025-06-30 16:54:04.0000000;17.179885
BN_CONTROL.I5BEAM;2025-06-30 16:54:05.0000000;17.172532
BN_CONTROL.I5BEAM;2025-06-30 16:54:06.0000000;17.171697
BN_CONTROL.I5BEAM;2025-06-30 16:54:07.0000000;17.167352
BN_CONTROL.I5BEAM;2025-06-30 16:54:08.0000000;17.165514
BN_CONTROL.I5BEAM;2025-06-30 16:54:09.0000000;17.159666
BN_CONTROL.I5BEAM;2025-06-30 16:54:10.0000000;17.154151
BN_CONTROL.I5BEAM;2025-06-30 16:54:11.0000000;17.155488
BN_CONTROL.I5BEAM;2025-06-30 16:54:12.0000000;17.149639
BN_CONTROL.I5BEAM;2025-06-30 16:54:13.0000000;17.146632
BN_CONTROL.I5BEAM;2025-06-30 16:54:14.0000000;17.144292
BN_CONTROL.I5BEAM;2025-06-30 16:54:15.0000000;17.137775
BN_CONTROL.I5BEAM;2025-06-30 16:54:16.0000000;17.134433
BN_CONTROL.I5BEAM;2025-06-30 16:54:17.0000000;17.127415
BN_CONTROL.I5BEAM;2025-06-30 16:54:18.0000000;17.126245
BN_CONTROL.I5BEAM;2025-06-30 16:54:19.0000000;17.120898
BN_CONTROL.I5BEAM;2025-06-30 16:54:20.0000000;17.112877
BN_CONTROL.I5BEAM;2025-06-30 16:54:21.0000000;17.116386
BN_CONTROL.I5BEAM;2025-06-30 16:54:22.0000000;17.109201
BN_CONTROL.I5BEAM;2025-06-30 16:54:23.0000000;17.103854
BN_CONTROL.I5BEAM;2025-06-30 16:54:24.0000000;17.101514
BN_CONTROL.I5BEAM;2025-06-30 16:54:25.0000000;17.098005
BN_CONTROL.I5BEAM;2025-06-30 16:54:26.0000000;17.102183
BN_CONTROL.I5BEAM;2025-06-30 16:54:27.0000000;17.093159
BN_CONTROL.I5BEAM;2025-06-30 16:54:28.0000000;17.091822
BN_CONTROL.I5BEAM;2025-06-30 16:54:29.0000000;17.089984
BN_CONTROL.I5BEAM;2025-06-30 16:54:30.0000000;17.086809
BN_CONTROL.I5BEAM;2025-06-30 16:54:31.0000000;17.077619
BN_CONTROL.I5BEAM;2025-06-30 16:54:32.0000000;17.075112
BN_CONTROL.I5BEAM;2025-06-30 16:54:33.0000000;17.073107
BN_CONTROL.I5BEAM;2025-06-30 16:54:34.0000000;17.071937
BN_CONTROL.I5BEAM;2025-06-30 16:54:35.0000000;17.063081
BN_CONTROL.I5BEAM;2025-06-30 16:54:36.0000000;17.059237
BN_CONTROL.I5BEAM;2025-06-30 16:54:37.0000000;17.052888
BN_CONTROL.I5BEAM;2025-06-30 16:54:38.0000000;17.05506
BN_CONTROL.I5BEAM;2025-06-30 16:54:39.0000000;17.050715
BN_CONTROL.I5BEAM;2025-06-30 16:54:40.0000000;17.04871
BN_CONTROL.I5BEAM;2025-06-30 16:54:41.0000000;17.043196
BN_CONTROL.I5BEAM;2025-06-30 16:54:42.0000000;17.036512
BN_CONTROL.I5BEAM;2025-06-30 16:54:43.0000000;17.037514
BN_CONTROL.I5BEAM;2025-06-30 16:54:44.0000000;17.026318
BN_CONTROL.I5BEAM;2025-06-30 16:54:45.0000000;17.029493
BN_CONTROL.I5BEAM;2025-06-30 16:54:46.0000000;17.023311
BN_CONTROL.I5BEAM;2025-06-30 16:54:47.0000000;17.023645
BN_CONTROL.I5BEAM;2025-06-30 16:54:48.0000000;17.014956
BN_CONTROL.I5BEAM;2025-06-30 16:54:49.0000000;17.016125
BN_CONTROL.I5BEAM;2025-06-30 16:54:50.0000000;17.013452
BN_CONTROL.I5BEAM;2025-06-30 16:54:51.0000000;17.010444
BN_CONTROL.I5BEAM;2025-06-30 16:54:52.0000000;17.004261
BN_CONTROL.I5BEAM;2025-06-30 16:54:53.0000000;17.006768
BN_CONTROL.I5BEAM;2025-06-30 16:54:54.0000000;17.000752
BN_CONTROL.I5BEAM;2025-06-30 16:54:55.0000000;16.997076
BN_CONTROL.I5BEAM;2025-06-30 16:54:56.0000000;16.99741
BN_CONTROL.I5BEAM;2025-06-30 16:54:57.0000000;16.988219
BN_CONTROL.I5BEAM;2025-06-30 16:54:58.0000000;16.988219
BN_CONTROL.I5BEAM;2025-06-30 16:54:59.0000000;16.994068
BN_CONTROL.I5BEAM;2025-06-30 16:55:00.0000000;16.986882
BN_CONTROL.I5BEAM;2025-06-30 16:55:01.0000000;16.980198
BN_CONTROL.I5BEAM;2025-06-30 16:55:02.0000000;16.978862
BN_CONTROL.I5BEAM;2025-06-30 16:55:03.0000000;16.967499
BN_CONTROL.I5BEAM;2025-06-30 16:55:04.0000000;16.97201
BN_CONTROL.I5BEAM;2025-06-30 16:55:05.0000000;16.968668
BN_CONTROL.I5BEAM;2025-06-30 16:55:06.0000000;16.962987
BN_CONTROL.I5BEAM;2025-06-30 16:55:07.0000000;16.954966
BN_CONTROL.I5BEAM;2025-06-30 16:55:08.0000000;16.956303
BN_CONTROL.I5BEAM;2025-06-30 16:55:09.0000000;16.949285
BN_CONTROL.I5BEAM;2025-06-30 16:55:10.0000000;16.94895
BN_CONTROL.I5BEAM;2025-06-30 16:55:11.0000000;16.946611
BN_CONTROL.I5BEAM;2025-06-30 16:55:12.0000000;16.93859
BN_CONTROL.I5BEAM;2025-06-30 16:55:13.0000000;16.93742
BN_CONTROL.I5BEAM;2025-06-30 16:55:14.0000000;16.927394
BN_CONTROL.I5BEAM;2025-06-30 16:55:15.0000000;16.927394
BN_CONTROL.I5BEAM;2025-06-30 16:55:16.0000000;16.929232
BN_CONTROL.I5BEAM;2025-06-30 16:55:17.0000000;16.924052
BN_CONTROL.I5BEAM;2025-06-30 16:55:18.0000000;16.917034
BN_CONTROL.I5BEAM;2025-06-30 16:55:19.0000000;16.912021
BN_CONTROL.I5BEAM;2025-06-30 16:55:20.0000000;16.912021
BN_CONTROL.I5BEAM;2025-06-30 16:55:21.0000000;16.907342
BN_CONTROL.I5BEAM;2025-06-30 16:55:22.0000000;16.909013
BN_CONTROL.I5BEAM;2025-06-30 16:55:23.0000000;16.89999
BN_CONTROL.I5BEAM;2025-06-30 16:55:24.0000000;16.894141
BN_CONTROL.I5BEAM;2025-06-30 16:55:25.0000000;16.894141
BN_CONTROL.I5BEAM;2025-06-30 16:55:26.0000000;16.900992
BN_CONTROL.I5BEAM;2025-06-30 16:55:27.0000000;16.886956
BN_CONTROL.I5BEAM;2025-06-30 16:55:28.0000000;16.884449
BN_CONTROL.I5BEAM;2025-06-30 16:55:29.0000000;16.878433
BN_CONTROL.I5BEAM;2025-06-30 16:55:30.0000000;16.874757
BN_CONTROL.I5BEAM;2025-06-30 16:55:31.0000000;16.871582
BN_CONTROL.I5BEAM;2025-06-30 16:55:32.0000000;16.869243
BN_CONTROL.I5BEAM;2025-06-30 16:55:33.0000000;16.863561
BN_CONTROL.I5BEAM;2025-06-30 16:55:34.0000000;16.863394
BN_CONTROL.I5BEAM;2025-06-30 16:55:35.0000000;16.857212
BN_CONTROL.I5BEAM;2025-06-30 16:55:36.0000000;16.852366
BN_CONTROL.I5BEAM;2025-06-30 16:55:37.0000000;16.848522
BN_CONTROL.I5BEAM;2025-06-30 16:55:38.0000000;16.84635
BN_CONTROL.I5BEAM;2025-06-30 16:55:39.0000000;16.836157
BN_CONTROL.I5BEAM;2025-06-30 16:55:40.0000000;16.83883
BN_CONTROL.I5BEAM;2025-06-30 16:55:41.0000000;16.82964
BN_CONTROL.I5BEAM;2025-06-30 16:55:42.0000000;16.836157
BN_CONTROL.I5BEAM;2025-06-30 16:55:43.0000000;16.826632
BN_CONTROL.I5BEAM;2025-06-30 16:55:44.0000000;16.826131
BN_CONTROL.I5BEAM;2025-06-30 16:55:45.0000000;16.818611
BN_CONTROL.I5BEAM;2025-06-30 16:55:46.0000000;16.819447
BN_CONTROL.I5BEAM;2025-06-30 16:55:47.0000000;16.809086
BN_CONTROL.I5BEAM;2025-06-30 16:55:48.0000000;16.809922
BN_CONTROL.I5BEAM;2025-06-30 16:55:49.0000000;16.809922
BN_CONTROL.I5BEAM;2025-06-30 16:55:50.0000000;16.802736
BN_CONTROL.I5BEAM;2025-06-30 16:55:51.0000000;16.798559
BN_CONTROL.I5BEAM;2025-06-30 16:55:52.0000000;16.798726
BN_CONTROL.I5BEAM;2025-06-30 16:55:53.0000000;16.794548
BN_CONTROL.I5BEAM;2025-06-30 16:55:54.0000000;16.789368
BN_CONTROL.I5BEAM;2025-06-30 16:55:55.0000000;16.786862
BN_CONTROL.I5BEAM;2025-06-30 16:55:56.0000000;16.781682
BN_CONTROL.I5BEAM;2025-06-30 16:55:57.0000000;16.778507
BN_CONTROL.I5BEAM;2025-06-30 16:55:58.0000000;16.781849
BN_CONTROL.I5BEAM;2025-06-30 16:55:59.0000000;16.774496
BN_CONTROL.I5BEAM;2025-06-30 16:56:00.0000000;16.773159
BN_CONTROL.I5BEAM;2025-06-30 16:56:01.0000000;16.771823
BN_CONTROL.I5BEAM;2025-06-30 16:56:02.0000000;16.762632
BN_CONTROL.I5BEAM;2025-06-30 16:56:03.0000000;16.763468
BN_CONTROL.I5BEAM;2025-06-30 16:56:04.0000000;16.75411
BN_CONTROL.I5BEAM;2025-06-30 16:56:05.0000000;16.755948
BN_CONTROL.I5BEAM;2025-06-30 16:56:06.0000000;16.752105
BN_CONTROL.I5BEAM;2025-06-30 16:56:07.0000000;16.74258
BN_CONTROL.I5BEAM;2025-06-30 16:56:08.0000000;16.746089
BN_CONTROL.I5BEAM;2025-06-30 16:56:09.0000000;16.740909
BN_CONTROL.I5BEAM;2025-06-30 16:56:10.0000000;16.733556
BN_CONTROL.I5BEAM;2025-06-30 16:56:11.0000000;16.728209
BN_CONTROL.I5BEAM;2025-06-30 16:56:12.0000000;16.724032
BN_CONTROL.I5BEAM;2025-06-30 16:56:13.0000000;16.724032
BN_CONTROL.I5BEAM;2025-06-30 16:56:14.0000000;16.722361
BN_CONTROL.I5BEAM;2025-06-30 16:56:15.0000000;16.721859
BN_CONTROL.I5BEAM;2025-06-30 16:56:16.0000000;16.721024
BN_CONTROL.I5BEAM;2025-06-30 16:56:17.0000000;16.721358
BN_CONTROL.I5BEAM;2025-06-30 16:56:18.0000000;16.713504
BN_CONTROL.I5BEAM;2025-06-30 16:56:19.0000000;16.707321
BN_CONTROL.I5BEAM;2025-06-30 16:56:20.0000000;16.704481
BN_CONTROL.I5BEAM;2025-06-30 16:56:21.0000000;16.697964
BN_CONTROL.I5BEAM;2025-06-30 16:56:22.0000000;16.697462
BN_CONTROL.I5BEAM;2025-06-30 16:56:23.0000000;16.694956
BN_CONTROL.I5BEAM;2025-06-30 16:56:24.0000000;16.693953
BN_CONTROL.I5BEAM;2025-06-30 16:56:25.0000000;16.687269
BN_CONTROL.I5BEAM;2025-06-30 16:56:26.0000000;16.684763
BN_CONTROL.I5BEAM;2025-06-30 16:56:27.0000000;16.683259
BN_CONTROL.I5BEAM;2025-06-30 16:56:28.0000000;16.676909
BN_CONTROL.I5BEAM;2025-06-30 16:56:29.0000000;16.67741
BN_CONTROL.I5BEAM;2025-06-30 16:56:30.0000000;16.673567
BN_CONTROL.I5BEAM;2025-06-30 16:56:31.0000000;16.66822
BN_CONTROL.I5BEAM;2025-06-30 16:56:32.0000000;16.66822
BN_CONTROL.I5BEAM;2025-06-30 16:56:33.0000000;16.662204
BN_CONTROL.I5BEAM;2025-06-30 16:56:34.0000000;16.661536
BN_CONTROL.I5BEAM;2025-06-30 16:56:35.0000000;16.661368
BN_CONTROL.I5BEAM;2025-06-30 16:56:36.0000000;16.649838
BN_CONTROL.I5BEAM;2025-06-30 16:56:37.0000000;16.643823
BN_CONTROL.I5BEAM;2025-06-30 16:56:38.0000000;16.642987
BN_CONTROL.I5BEAM;2025-06-30 16:56:39.0000000;16.638977
BN_CONTROL.I5BEAM;2025-06-30 16:56:40.0000000;16.639979
BN_CONTROL.I5BEAM;2025-06-30 16:56:41.0000000;16.63881
BN_CONTROL.I5BEAM;2025-06-30 16:56:42.0000000;16.633463
BN_CONTROL.I5BEAM;2025-06-30 16:56:43.0000000;16.626611
BN_CONTROL.I5BEAM;2025-06-30 16:56:44.0000000;16.621264
BN_CONTROL.I5BEAM;2025-06-30 16:56:45.0000000;16.621264
BN_CONTROL.I5BEAM;2025-06-30 16:56:46.0000000;16.611071
BN_CONTROL.I5BEAM;2025-06-30 16:56:47.0000000;16.610068
BN_CONTROL.I5BEAM;2025-06-30 16:56:48.0000000;16.607228
BN_CONTROL.I5BEAM;2025-06-30 16:56:49.0000000;16.605222
BN_CONTROL.I5BEAM;2025-06-30 16:56:50.0000000;16.593859
BN_CONTROL.I5BEAM;2025-06-30 16:56:51.0000000;16.5967
BN_CONTROL.I5BEAM;2025-06-30 16:56:52.0000000;16.595029
BN_CONTROL.I5BEAM;2025-06-30 16:56:53.0000000;16.593859
BN_CONTROL.I5BEAM;2025-06-30 16:56:54.0000000;16.590016
BN_CONTROL.I5BEAM;2025-06-30 16:56:55.0000000;16.578987
BN_CONTROL.I5BEAM;2025-06-30 16:56:56.0000000;16.58116
BN_CONTROL.I5BEAM;2025-06-30 16:56:57.0000000;16.581828
BN_CONTROL.I5BEAM;2025-06-30 16:56:58.0000000;16.576648
BN_CONTROL.I5BEAM;2025-06-30 16:56:59.0000000;16.566288
BN_CONTROL.I5BEAM;2025-06-30 16:57:00.0000000;16.562779
BN_CONTROL.I5BEAM;2025-06-30 16:57:01.0000000;16.559938
BN_CONTROL.I5BEAM;2025-06-30 16:57:02.0000000;16.557598
BN_CONTROL.I5BEAM;2025-06-30 16:57:03.0000000;16.553087
BN_CONTROL.I5BEAM;2025-06-30 16:57:04.0000000;16.547238
BN_CONTROL.I5BEAM;2025-06-30 16:57:05.0000000;16.545901
BN_CONTROL.I5BEAM;2025-06-30 16:57:06.0000000;16.546403
BN_CONTROL.I5BEAM;2025-06-30 16:57:07.0000000;16.549243
BN_CONTROL.I5BEAM;2025-06-30 16:57:08.0000000;16.540721
BN_CONTROL.I5BEAM;2025-06-30 16:57:09.0000000;16.538382
BN_CONTROL.I5BEAM;2025-06-30 16:57:10.0000000;16.534371
BN_CONTROL.I5BEAM;2025-06-30 16:57:11.0000000;16.533034
BN_CONTROL.I5BEAM;2025-06-30 16:57:12.0000000;16.524178
BN_CONTROL.I5BEAM;2025-06-30 16:57:13.0000000;16.520168
BN_CONTROL.I5BEAM;2025-06-30 16:57:14.0000000;16.517494
BN_CONTROL.I5BEAM;2025-06-30 16:57:15.0000000;16.515489
BN_CONTROL.I5BEAM;2025-06-30 16:57:16.0000000;16.512982
BN_CONTROL.I5BEAM;2025-06-30 16:57:17.0000000;16.517494
BN_CONTROL.I5BEAM;2025-06-30 16:57:18.0000000;16.514987
BN_CONTROL.I5BEAM;2025-06-30 16:57:19.0000000;16.503457
BN_CONTROL.I5BEAM;2025-06-30 16:57:20.0000000;16.504293
BN_CONTROL.I5BEAM;2025-06-30 16:57:21.0000000;16.502121
BN_CONTROL.I5BEAM;2025-06-30 16:57:22.0000000;16.498277
BN_CONTROL.I5BEAM;2025-06-30 16:57:23.0000000;16.502288
BN_CONTROL.I5BEAM;2025-06-30 16:57:24.0000000;16.493431
BN_CONTROL.I5BEAM;2025-06-30 16:57:25.0000000;16.48257
BN_CONTROL.I5BEAM;2025-06-30 16:57:26.0000000;16.485076
BN_CONTROL.I5BEAM;2025-06-30 16:57:27.0000000;16.476387
BN_CONTROL.I5BEAM;2025-06-30 16:57:28.0000000;16.476387
BN_CONTROL.I5BEAM;2025-06-30 16:57:29.0000000;16.475384
BN_CONTROL.I5BEAM;2025-06-30 16:57:30.0000000;16.470538
BN_CONTROL.I5BEAM;2025-06-30 16:57:31.0000000;16.471374
BN_CONTROL.I5BEAM;2025-06-30 16:57:32.0000000;16.469703
BN_CONTROL.I5BEAM;2025-06-30 16:57:33.0000000;16.461014
BN_CONTROL.I5BEAM;2025-06-30 16:57:34.0000000;16.461014
BN_CONTROL.I5BEAM;2025-06-30 16:57:35.0000000;16.459677
BN_CONTROL.I5BEAM;2025-06-30 16:57:36.0000000;16.455666
BN_CONTROL.I5BEAM;2025-06-30 16:57:37.0000000;16.448648
BN_CONTROL.I5BEAM;2025-06-30 16:57:38.0000000;16.444638
BN_CONTROL.I5BEAM;2025-06-30 16:57:39.0000000;16.438455
BN_CONTROL.I5BEAM;2025-06-30 16:57:40.0000000;16.436784
BN_CONTROL.I5BEAM;2025-06-30 16:57:41.0000000;16.43645
BN_CONTROL.I5BEAM;2025-06-30 16:57:42.0000000;16.431102
BN_CONTROL.I5BEAM;2025-06-30 16:57:43.0000000;16.42776
BN_CONTROL.I5BEAM;2025-06-30 16:57:44.0000000;16.42776
BN_CONTROL.I5BEAM;2025-06-30 16:57:45.0000000;16.419405
BN_CONTROL.I5BEAM;2025-06-30 16:57:46.0000000;16.417901
BN_CONTROL.I5BEAM;2025-06-30 16:57:47.0000000;16.419907
BN_CONTROL.I5BEAM;2025-06-30 16:57:48.0000000;16.408544
BN_CONTROL.I5BEAM;2025-06-30 16:57:49.0000000;16.405035
BN_CONTROL.I5BEAM;2025-06-30 16:57:50.0000000;16.407541
BN_CONTROL.I5BEAM;2025-06-30 16:57:51.0000000;16.402528
BN_CONTROL.I5BEAM;2025-06-30 16:57:52.0000000;16.398852
BN_CONTROL.I5BEAM;2025-06-30 16:57:53.0000000;16.396345
BN_CONTROL.I5BEAM;2025-06-30 16:57:54.0000000;16.392335
BN_CONTROL.I5BEAM;2025-06-30 16:57:55.0000000;16.393839
BN_CONTROL.I5BEAM;2025-06-30 16:57:56.0000000;16.390998
BN_CONTROL.I5BEAM;2025-06-30 16:57:57.0000000;16.378298
BN_CONTROL.I5BEAM;2025-06-30 16:57:58.0000000;16.376293
BN_CONTROL.I5BEAM;2025-06-30 16:57:59.0000000;16.373954
BN_CONTROL.I5BEAM;2025-06-30 16:58:00.0000000;16.366267
BN_CONTROL.I5BEAM;2025-06-30 16:58:01.0000000;16.361588
BN_CONTROL.I5BEAM;2025-06-30 16:58:02.0000000;16.359583
BN_CONTROL.I5BEAM;2025-06-30 16:58:03.0000000;16.355405
BN_CONTROL.I5BEAM;2025-06-30 16:58:04.0000000;16.35975
BN_CONTROL.I5BEAM;2025-06-30 16:58:05.0000000;16.352398
BN_CONTROL.I5BEAM;2025-06-30 16:58:06.0000000;16.346382
BN_CONTROL.I5BEAM;2025-06-30 16:58:07.0000000;16.347217
BN_CONTROL.I5BEAM;2025-06-30 16:58:08.0000000;16.342204
BN_CONTROL.I5BEAM;2025-06-30 16:58:09.0000000;16.34304
BN_CONTROL.I5BEAM;2025-06-30 16:58:10.0000000;16.33034
BN_CONTROL.I5BEAM;2025-06-30 16:58:11.0000000;16.336857
BN_CONTROL.I5BEAM;2025-06-30 16:58:12.0000000;16.330173
BN_CONTROL.I5BEAM;2025-06-30 16:58:13.0000000;16.324325
BN_CONTROL.I5BEAM;2025-06-30 16:58:14.0000000;16.32516
BN_CONTROL.I5BEAM;2025-06-30 16:58:15.0000000;16.320648
BN_CONTROL.I5BEAM;2025-06-30 16:58:16.0000000;16.315635
BN_CONTROL.I5BEAM;2025-06-30 16:58:17.0000000;16.314633
BN_CONTROL.I5BEAM;2025-06-30 16:58:18.0000000;16.307113
BN_CONTROL.I5BEAM;2025-06-30 16:58:19.0000000;16.306278
BN_CONTROL.I5BEAM;2025-06-30 16:58:20.0000000;16.307113
BN_CONTROL.I5BEAM;2025-06-30 16:58:21.0000000;16.309285
BN_CONTROL.I5BEAM;2025-06-30 16:58:22.0000000;16.298424
BN_CONTROL.I5BEAM;2025-06-30 16:58:23.0000000;16.300763
BN_CONTROL.I5BEAM;2025-06-30 16:58:24.0000000;16.294413
BN_CONTROL.I5BEAM;2025-06-30 16:58:25.0000000;16.289734
BN_CONTROL.I5BEAM;2025-06-30 16:58:26.0000000;16.286058
BN_CONTROL.I5BEAM;2025-06-30 16:58:27.0000000;16.287228
BN_CONTROL.I5BEAM;2025-06-30 16:58:28.0000000;16.277202
BN_CONTROL.I5BEAM;2025-06-30 16:58:29.0000000;16.275197
BN_CONTROL.I5BEAM;2025-06-30 16:58:30.0000000;16.275197
BN_CONTROL.I5BEAM;2025-06-30 16:58:31.0000000;16.272189
BN_CONTROL.I5BEAM;2025-06-30 16:58:32.0000000;16.272022
BN_CONTROL.I5BEAM;2025-06-30 16:58:33.0000000;16.263834
BN_CONTROL.I5BEAM;2025-06-30 16:58:34.0000000;16.265672
BN_CONTROL.I5BEAM;2025-06-30 16:58:35.0000000;16.255646
BN_CONTROL.I5BEAM;2025-06-30 16:58:36.0000000;16.253641
BN_CONTROL.I5BEAM;2025-06-30 16:58:37.0000000;16.254309
BN_CONTROL.I5BEAM;2025-06-30 16:58:38.0000000;16.251134
BN_CONTROL.I5BEAM;2025-06-30 16:58:39.0000000;16.24562
BN_CONTROL.I5BEAM;2025-06-30 16:58:40.0000000;16.240105
BN_CONTROL.I5BEAM;2025-06-30 16:58:41.0000000;16.238768
BN_CONTROL.I5BEAM;2025-06-30 16:58:42.0000000;16.238768
BN_CONTROL.I5BEAM;2025-06-30 16:58:43.0000000;16.239938
BN_CONTROL.I5BEAM;2025-06-30 16:58:44.0000000;16.230748
BN_CONTROL.I5BEAM;2025-06-30 16:58:45.0000000;16.227071
BN_CONTROL.I5BEAM;2025-06-30 16:58:46.0000000;16.231583
BN_CONTROL.I5BEAM;2025-06-30 16:58:47.0000000;16.223729
BN_CONTROL.I5BEAM;2025-06-30 16:58:48.0000000;16.219886
BN_CONTROL.I5BEAM;2025-06-30 16:58:49.0000000;16.218549
BN_CONTROL.I5BEAM;2025-06-30 16:58:50.0000000;16.210361
BN_CONTROL.I5BEAM;2025-06-30 16:58:51.0000000;16.212366
BN_CONTROL.I5BEAM;2025-06-30 16:58:52.0000000;16.20468
BN_CONTROL.I5BEAM;2025-06-30 16:58:53.0000000;16.203677
BN_CONTROL.I5BEAM;2025-06-30 16:58:54.0000000;16.202006
BN_CONTROL.I5BEAM;2025-06-30 16:58:55.0000000;16.197327
BN_CONTROL.I5BEAM;2025-06-30 16:58:56.0000000;16.188304
BN_CONTROL.I5BEAM;2025-06-30 16:58:57.0000000;16.187635
BN_CONTROL.I5BEAM;2025-06-30 16:58:58.0000000;16.1868
BN_CONTROL.I5BEAM;2025-06-30 16:58:59.0000000;16.184795
BN_CONTROL.I5BEAM;2025-06-30 16:59:00.0000000;16.182622
BN_CONTROL.I5BEAM;2025-06-30 16:59:01.0000000;16.177442
BN_CONTROL.I5BEAM;2025-06-30 16:59:02.0000000;16.177442
BN_CONTROL.I5BEAM;2025-06-30 16:59:03.0000000;16.165912
BN_CONTROL.I5BEAM;2025-06-30 16:59:04.0000000;16.164742
BN_CONTROL.I5BEAM;2025-06-30 16:59:05.0000000;16.16775
BN_CONTROL.I5BEAM;2025-06-30 16:59:06.0000000;16.166413
BN_CONTROL.I5BEAM;2025-06-30 16:59:07.0000000;16.171259
BN_CONTROL.I5BEAM;2025-06-30 16:59:08.0000000;16.158393
BN_CONTROL.I5BEAM;2025-06-30 16:59:09.0000000;16.154382
BN_CONTROL.I5BEAM;2025-06-30 16:59:10.0000000;16.15338
BN_CONTROL.I5BEAM;2025-06-30 16:59:11.0000000;16.147364
BN_CONTROL.I5BEAM;2025-06-30 16:59:12.0000000;16.140179
BN_CONTROL.I5BEAM;2025-06-30 16:59:13.0000000;16.13834
BN_CONTROL.I5BEAM;2025-06-30 16:59:14.0000000;16.132492
BN_CONTROL.I5BEAM;2025-06-30 16:59:15.0000000;16.13433
BN_CONTROL.I5BEAM;2025-06-30 16:59:16.0000000;16.13433
BN_CONTROL.I5BEAM;2025-06-30 16:59:17.0000000;16.12681
BN_CONTROL.I5BEAM;2025-06-30 16:59:18.0000000;16.124638
BN_CONTROL.I5BEAM;2025-06-30 16:59:19.0000000;16.117119
BN_CONTROL.I5BEAM;2025-06-30 16:59:20.0000000;16.111938
BN_CONTROL.I5BEAM;2025-06-30 16:59:21.0000000;16.108596
BN_CONTROL.I5BEAM;2025-06-30 16:59:22.0000000;16.109432
BN_CONTROL.I5BEAM;2025-06-30 16:59:23.0000000;16.102581
BN_CONTROL.I5BEAM;2025-06-30 16:59:24.0000000;16.097233
BN_CONTROL.I5BEAM;2025-06-30 16:59:25.0000000;16.099239
BN_CONTROL.I5BEAM;2025-06-30 16:59:26.0000000;16.092889
BN_CONTROL.I5BEAM;2025-06-30 16:59:27.0000000;16.090716
BN_CONTROL.I5BEAM;2025-06-30 16:59:28.0000000;16.084032
BN_CONTROL.I5BEAM;2025-06-30 16:59:29.0000000;16.088878
BN_CONTROL.I5BEAM;2025-06-30 16:59:30.0000000;16.08303
BN_CONTROL.I5BEAM;2025-06-30 16:59:31.0000000;16.078184
BN_CONTROL.I5BEAM;2025-06-30 16:59:32.0000000;16.074173
BN_CONTROL.I5BEAM;2025-06-30 16:59:33.0000000;16.075677
BN_CONTROL.I5BEAM;2025-06-30 16:59:34.0000000;16.074173
BN_CONTROL.I5BEAM;2025-06-30 16:59:35.0000000;16.068492
BN_CONTROL.I5BEAM;2025-06-30 16:59:36.0000000;16.062309
BN_CONTROL.I5BEAM;2025-06-30 16:59:37.0000000;16.05763
BN_CONTROL.I5BEAM;2025-06-30 16:59:38.0000000;16.058132
BN_CONTROL.I5BEAM;2025-06-30 16:59:39.0000000;16.053119
BN_CONTROL.I5BEAM;2025-06-30 16:59:40.0000000;16.050612
BN_CONTROL.I5BEAM;2025-06-30 16:59:41.0000000;16.050278
BN_CONTROL.I5BEAM;2025-06-30 16:59:42.0000000;16.044596
BN_CONTROL.I5BEAM;2025-06-30 16:59:43.0000000;16.04326
BN_CONTROL.I5BEAM;2025-06-30 16:59:44.0000000;16.038581
BN_CONTROL.I5BEAM;2025-06-30 16:59:45.0000000;16.037244
BN_CONTROL.I5BEAM;2025-06-30 16:59:46.0000000;16.027719
BN_CONTROL.I5BEAM;2025-06-30 16:59:47.0000000;16.03056
BN_CONTROL.I5BEAM;2025-06-30 16:59:48.0000000;16.021871
BN_CONTROL.I5BEAM;2025-06-30 16:59:49.0000000;16.023876
BN_CONTROL.I5BEAM;2025-06-30 16:59:50.0000000;16.0202
BN_CONTROL.I5BEAM;2025-06-30 16:59:51.0000000;16.015354
BN_CONTROL.I5BEAM;2025-06-30 16:59:52.0000000;16.01669
BN_CONTROL.I5BEAM;2025-06-30 16:59:53.0000000;16.014184
BN_CONTROL.I5BEAM;2025-06-30 16:59:54.0000000;16.007834
BN_CONTROL.I5BEAM;2025-06-30 16:59:55.0000000;15.999479
BN_CONTROL.I5BEAM;2025-06-30 16:59:56.0000000;15.998309
BN_CONTROL.I5BEAM;2025-06-30 16:59:57.0000000;15.993798
BN_CONTROL.I5BEAM;2025-06-30 16:59:58.0000000;15.99597
BN_CONTROL.I5BEAM;2025-06-30 16:59:59.0000000;15.98845
BN_CONTROL.I5BEAM;2025-06-30 17:00:00.0000000;15.988784
BN_CONTROL.I5BEAM;2025-06-30 17:00:01.0000000;15.988784
BN_CONTROL.I5BEAM;2025-06-30 17:00:02.0000000;15.984607
BN_CONTROL.I5BEAM;2025-06-30 17:00:03.0000000;15.984774
BN_CONTROL.I5BEAM;2025-06-30 17:00:04.0000000;15.97926
BN_CONTROL.I5BEAM;2025-06-30 17:00:05.0000000;15.97692
BN_CONTROL.I5BEAM;2025-06-30 17:00:06.0000000;15.978257
BN_CONTROL.I5BEAM;2025-06-30 17:00:07.0000000;15.967228
BN_CONTROL.I5BEAM;2025-06-30 17:00:08.0000000;15.96138
BN_CONTROL.I5BEAM;2025-06-30 17:00:09.0000000;15.965223
BN_CONTROL.I5BEAM;2025-06-30 17:00:10.0000000;15.958372
BN_CONTROL.I5BEAM;2025-06-30 17:00:11.0000000;15.961046
BN_CONTROL.I5BEAM;2025-06-30 17:00:12.0000000;15.953693
BN_CONTROL.I5BEAM;2025-06-30 17:00:13.0000000;15.946341
BN_CONTROL.I5BEAM;2025-06-30 17:00:14.0000000;15.950351
BN_CONTROL.I5BEAM;2025-06-30 17:00:15.0000000;15.949181
BN_CONTROL.I5BEAM;2025-06-30 17:00:16.0000000;15.941495
BN_CONTROL.I5BEAM;2025-06-30 17:00:17.0000000;15.942497
BN_CONTROL.I5BEAM;2025-06-30 17:00:18.0000000;15.940325
BN_CONTROL.I5BEAM;2025-06-30 17:00:19.0000000;15.93197
BN_CONTROL.I5BEAM;2025-06-30 17:00:20.0000000;15.927291
BN_CONTROL.I5BEAM;2025-06-30 17:00:21.0000000;15.928461
BN_CONTROL.I5BEAM;2025-06-30 17:00:22.0000000;15.92562
BN_CONTROL.I5BEAM;2025-06-30 17:00:23.0000000;15.921108
BN_CONTROL.I5BEAM;2025-06-30 17:00:24.0000000;15.92562
BN_CONTROL.I5BEAM;2025-06-30 17:00:25.0000000;15.921443
BN_CONTROL.I5BEAM;2025-06-30 17:00:26.0000000;15.908409
BN_CONTROL.I5BEAM;2025-06-30 17:00:27.0000000;15.905234
BN_CONTROL.I5BEAM;2025-06-30 17:00:28.0000000;15.905234
BN_CONTROL.I5BEAM;2025-06-30 17:00:29.0000000;15.905067
BN_CONTROL.I5BEAM;2025-06-30 17:00:30.0000000;15.900221
BN_CONTROL.I5BEAM;2025-06-30 17:00:31.0000000;15.894706
BN_CONTROL.I5BEAM;2025-06-30 17:00:32.0000000;15.891698
BN_CONTROL.I5BEAM;2025-06-30 17:00:33.0000000;15.884847
BN_CONTROL.I5BEAM;2025-06-30 17:00:34.0000000;15.884847
BN_CONTROL.I5BEAM;2025-06-30 17:00:35.0000000;15.881672
BN_CONTROL.I5BEAM;2025-06-30 17:00:36.0000000;15.871312
BN_CONTROL.I5BEAM;2025-06-30 17:00:37.0000000;15.878832
BN_CONTROL.I5BEAM;2025-06-30 17:00:38.0000000;15.869641
BN_CONTROL.I5BEAM;2025-06-30 17:00:39.0000000;15.868304
BN_CONTROL.I5BEAM;2025-06-30 17:00:40.0000000;15.863124
BN_CONTROL.I5BEAM;2025-06-30 17:00:41.0000000;15.869307
BN_CONTROL.I5BEAM;2025-06-30 17:00:42.0000000;15.85761
BN_CONTROL.I5BEAM;2025-06-30 17:00:43.0000000;15.855437
BN_CONTROL.I5BEAM;2025-06-30 17:00:44.0000000;15.848753
BN_CONTROL.I5BEAM;2025-06-30 17:00:45.0000000;15.846247
BN_CONTROL.I5BEAM;2025-06-30 17:00:46.0000000;15.852597
BN_CONTROL.I5BEAM;2025-06-30 17:00:47.0000000;15.843239
BN_CONTROL.I5BEAM;2025-06-30 17:00:48.0000000;15.836889
BN_CONTROL.I5BEAM;2025-06-30 17:00:49.0000000;15.834048
BN_CONTROL.I5BEAM;2025-06-30 17:00:50.0000000;15.833213
BN_CONTROL.I5BEAM;2025-06-30 17:00:51.0000000;15.830205
BN_CONTROL.I5BEAM;2025-06-30 17:00:52.0000000;15.831709
BN_CONTROL.I5BEAM;2025-06-30 17:00:53.0000000;15.82302
BN_CONTROL.I5BEAM;2025-06-30 17:00:54.0000000;15.823688
BN_CONTROL.I5BEAM;2025-06-30 17:00:55.0000000;15.815834
BN_CONTROL.I5BEAM;2025-06-30 17:00:56.0000000;15.814999
BN_CONTROL.I5BEAM;2025-06-30 17:00:57.0000000;15.805808
BN_CONTROL.I5BEAM;2025-06-30 17:00:58.0000000;15.810821
BN_CONTROL.I5BEAM;2025-06-30 17:00:59.0000000;15.803803
BN_CONTROL.I5BEAM;2025-06-30 17:01:00.0000000;15.800628
BN_CONTROL.I5BEAM;2025-06-30 17:01:01.0000000;15.802132
BN_CONTROL.I5BEAM;2025-06-30 17:01:02.0000000;15.79645
BN_CONTROL.I5BEAM;2025-06-30 17:01:03.0000000;15.794111
BN_CONTROL.I5BEAM;2025-06-30 17:01:04.0000000;15.786759
BN_CONTROL.I5BEAM;2025-06-30 17:01:05.0000000;15.78609
BN_CONTROL.I5BEAM;2025-06-30 17:01:06.0000000;15.781578
BN_CONTROL.I5BEAM;2025-06-30 17:01:07.0000000;15.781244
BN_CONTROL.I5BEAM;2025-06-30 17:01:08.0000000;15.776565
BN_CONTROL.I5BEAM;2025-06-30 17:01:09.0000000;15.771887
BN_CONTROL.I5BEAM;2025-06-30 17:01:10.0000000;15.768712
BN_CONTROL.I5BEAM;2025-06-30 17:01:11.0000000;15.762529
BN_CONTROL.I5BEAM;2025-06-30 17:01:12.0000000;15.765704
BN_CONTROL.I5BEAM;2025-06-30 17:01:13.0000000;15.76186
BN_CONTROL.I5BEAM;2025-06-30 17:01:14.0000000;15.762529
BN_CONTROL.I5BEAM;2025-06-30 17:01:15.0000000;15.754174
BN_CONTROL.I5BEAM;2025-06-30 17:01:16.0000000;15.753505
BN_CONTROL.I5BEAM;2025-06-30 17:01:17.0000000;15.754508
BN_CONTROL.I5BEAM;2025-06-30 17:01:18.0000000;15.742644
BN_CONTROL.I5BEAM;2025-06-30 17:01:19.0000000;15.740137
BN_CONTROL.I5BEAM;2025-06-30 17:01:20.0000000;15.740137
BN_CONTROL.I5BEAM;2025-06-30 17:01:21.0000000;15.741808
BN_CONTROL.I5BEAM;2025-06-30 17:01:22.0000000;15.730111
BN_CONTROL.I5BEAM;2025-06-30 17:01:23.0000000;15.730445
BN_CONTROL.I5BEAM;2025-06-30 17:01:24.0000000;15.730947
BN_CONTROL.I5BEAM;2025-06-30 17:01:25.0000000;15.725098
BN_CONTROL.I5BEAM;2025-06-30 17:01:26.0000000;15.722424
BN_CONTROL.I5BEAM;2025-06-30 17:01:27.0000000;15.724263
BN_CONTROL.I5BEAM;2025-06-30 17:01:28.0000000;15.711563
BN_CONTROL.I5BEAM;2025-06-30 17:01:29.0000000;15.719082
BN_CONTROL.I5BEAM;2025-06-30 17:01:30.0000000;15.713902
BN_CONTROL.I5BEAM;2025-06-30 17:01:31.0000000;15.705213
BN_CONTROL.I5BEAM;2025-06-30 17:01:32.0000000;15.705213
BN_CONTROL.I5BEAM;2025-06-30 17:01:33.0000000;15.703542
BN_CONTROL.I5BEAM;2025-06-30 17:01:34.0000000;15.70538
BN_CONTROL.I5BEAM;2025-06-30 17:01:35.0000000;15.701537
BN_CONTROL.I5BEAM;2025-06-30 17:01:36.0000000;15.693516
BN_CONTROL.I5BEAM;2025-06-30 17:01:37.0000000;15.691511
BN_CONTROL.I5BEAM;2025-06-30 17:01:38.0000000;15.686665
BN_CONTROL.I5BEAM;2025-06-30 17:01:39.0000000;15.67714
BN_CONTROL.I5BEAM;2025-06-30 17:01:40.0000000;15.68349
BN_CONTROL.I5BEAM;2025-06-30 17:01:41.0000000;15.680816
BN_CONTROL.I5BEAM;2025-06-30 17:01:42.0000000;15.676304
BN_CONTROL.I5BEAM;2025-06-30 17:01:43.0000000;15.672127
BN_CONTROL.I5BEAM;2025-06-30 17:01:44.0000000;15.675302
BN_CONTROL.I5BEAM;2025-06-30 17:01:45.0000000;15.67079
BN_CONTROL.I5BEAM;2025-06-30 17:01:46.0000000;15.667782
BN_CONTROL.I5BEAM;2025-06-30 17:01:47.0000000;15.664106
BN_CONTROL.I5BEAM;2025-06-30 17:01:48.0000000;15.658257
BN_CONTROL.I5BEAM;2025-06-30 17:01:49.0000000;15.662769
BN_CONTROL.I5BEAM;2025-06-30 17:01:50.0000000;15.657422
BN_CONTROL.I5BEAM;2025-06-30 17:01:51.0000000;15.651239
BN_CONTROL.I5BEAM;2025-06-30 17:01:52.0000000;15.647897
BN_CONTROL.I5BEAM;2025-06-30 17:01:53.0000000;15.646727
BN_CONTROL.I5BEAM;2025-06-30 17:01:54.0000000;15.638539
BN_CONTROL.I5BEAM;2025-06-30 17:01:55.0000000;15.634696
BN_CONTROL.I5BEAM;2025-06-30 17:01:56.0000000;15.62868
BN_CONTROL.I5BEAM;2025-06-30 17:01:57.0000000;15.625338
BN_CONTROL.I5BEAM;2025-06-30 17:01:58.0000000;15.630853
BN_CONTROL.I5BEAM;2025-06-30 17:01:59.0000000;15.623166
BN_CONTROL.I5BEAM;2025-06-30 17:02:00.0000000;15.616649
BN_CONTROL.I5BEAM;2025-06-30 17:02:01.0000000;15.61197
BN_CONTROL.I5BEAM;2025-06-30 17:02:02.0000000;15.608795
BN_CONTROL.I5BEAM;2025-06-30 17:02:03.0000000;15.605955
BN_CONTROL.I5BEAM;2025-06-30 17:02:04.0000000;15.605453
BN_CONTROL.I5BEAM;2025-06-30 17:02:05.0000000;15.607459
BN_CONTROL.I5BEAM;2025-06-30 17:02:06.0000000;15.594592
BN_CONTROL.I5BEAM;2025-06-30 17:02:07.0000000;15.593589
BN_CONTROL.I5BEAM;2025-06-30 17:02:08.0000000;15.5976
BN_CONTROL.I5BEAM;2025-06-30 17:02:09.0000000;15.586404
BN_CONTROL.I5BEAM;2025-06-30 17:02:10.0000000;15.589412
BN_CONTROL.I5BEAM;2025-06-30 17:02:11.0000000;15.59008
BN_CONTROL.I5BEAM;2025-06-30 17:02:12.0000000;15.580388
BN_CONTROL.I5BEAM;2025-06-30 17:02:13.0000000;15.576712
BN_CONTROL.I5BEAM;2025-06-30 17:02:14.0000000;15.578216
BN_CONTROL.I5BEAM;2025-06-30 17:02:15.0000000;15.568691
BN_CONTROL.I5BEAM;2025-06-30 17:02:16.0000000;15.570696
BN_CONTROL.I5BEAM;2025-06-30 17:02:17.0000000;15.561506
BN_CONTROL.I5BEAM;2025-06-30 17:02:18.0000000;15.55666
BN_CONTROL.I5BEAM;2025-06-30 17:02:19.0000000;15.548973
BN_CONTROL.I5BEAM;2025-06-30 17:02:20.0000000;15.549809
BN_CONTROL.I5BEAM;2025-06-30 17:02:21.0000000;15.556493
BN_CONTROL.I5BEAM;2025-06-30 17:02:22.0000000;15.545965
BN_CONTROL.I5BEAM;2025-06-30 17:02:23.0000000;15.534101
BN_CONTROL.I5BEAM;2025-06-30 17:02:24.0000000;15.534435
BN_CONTROL.I5BEAM;2025-06-30 17:02:25.0000000;15.535605
BN_CONTROL.I5BEAM;2025-06-30 17:02:26.0000000;15.525245
BN_CONTROL.I5BEAM;2025-06-30 17:02:27.0000000;15.525077
BN_CONTROL.I5BEAM;2025-06-30 17:02:28.0000000;15.512545
BN_CONTROL.I5BEAM;2025-06-30 17:02:29.0000000;15.520064
BN_CONTROL.I5BEAM;2025-06-30 17:02:30.0000000;15.514884
BN_CONTROL.I5BEAM;2025-06-30 17:02:31.0000000;15.507365
BN_CONTROL.I5BEAM;2025-06-30 17:02:32.0000000;15.509036
BN_CONTROL.I5BEAM;2025-06-30 17:02:33.0000000;15.505025
BN_CONTROL.I5BEAM;2025-06-30 17:02:34.0000000;15.505025
BN_CONTROL.I5BEAM;2025-06-30 17:02:35.0000000;15.502686
BN_CONTROL.I5BEAM;2025-06-30 17:02:36.0000000;15.491824
BN_CONTROL.I5BEAM;2025-06-30 17:02:37.0000000;15.488649
BN_CONTROL.I5BEAM;2025-06-30 17:02:38.0000000;15.485474
BN_CONTROL.I5BEAM;2025-06-30 17:02:39.0000000;15.482801
BN_CONTROL.I5BEAM;2025-06-30 17:02:40.0000000;15.479292
BN_CONTROL.I5BEAM;2025-06-30 17:02:41.0000000;15.471605
BN_CONTROL.I5BEAM;2025-06-30 17:02:42.0000000;15.467093
BN_CONTROL.I5BEAM;2025-06-30 17:02:43.0000000;15.470602
BN_CONTROL.I5BEAM;2025-06-30 17:02:44.0000000;15.465255
BN_CONTROL.I5BEAM;2025-06-30 17:02:45.0000000;15.456399
BN_CONTROL.I5BEAM;2025-06-30 17:02:46.0000000;15.455396
BN_CONTROL.I5BEAM;2025-06-30 17:02:47.0000000;15.450717
BN_CONTROL.I5BEAM;2025-06-30 17:02:48.0000000;15.445871
BN_CONTROL.I5BEAM;2025-06-30 17:02:49.0000000;15.444367
BN_CONTROL.I5BEAM;2025-06-30 17:02:50.0000000;15.439856
BN_CONTROL.I5BEAM;2025-06-30 17:02:51.0000000;15.439187
BN_CONTROL.I5BEAM;2025-06-30 17:02:52.0000000;15.430331
BN_CONTROL.I5BEAM;2025-06-30 17:02:53.0000000;15.429495
BN_CONTROL.I5BEAM;2025-06-30 17:02:54.0000000;15.429161
BN_CONTROL.I5BEAM;2025-06-30 17:02:55.0000000;15.425151
BN_CONTROL.I5BEAM;2025-06-30 17:02:56.0000000;15.419971
BN_CONTROL.I5BEAM;2025-06-30 17:02:57.0000000;15.414289
BN_CONTROL.I5BEAM;2025-06-30 17:02:58.0000000;15.409276
BN_CONTROL.I5BEAM;2025-06-30 17:02:59.0000000;15.406602
BN_CONTROL.I5BEAM;2025-06-30 17:03:00.0000000;15.408608
BN_CONTROL.I5BEAM;2025-06-30 17:03:01.0000000;15.396075
BN_CONTROL.I5BEAM;2025-06-30 17:03:02.0000000;15.393401
BN_CONTROL.I5BEAM;2025-06-30 17:03:03.0000000;15.393401
BN_CONTROL.I5BEAM;2025-06-30 17:03:04.0000000;15.386717
BN_CONTROL.I5BEAM;2025-06-30 17:03:05.0000000;15.381704
BN_CONTROL.I5BEAM;2025-06-30 17:03:06.0000000;15.378028
BN_CONTROL.I5BEAM;2025-06-30 17:03:07.0000000;15.375187
BN_CONTROL.I5BEAM;2025-06-30 17:03:08.0000000;15.372012
BN_CONTROL.I5BEAM;2025-06-30 17:03:09.0000000;15.361318
BN_CONTROL.I5BEAM;2025-06-30 17:03:10.0000000;15.355135
BN_CONTROL.I5BEAM;2025-06-30 17:03:11.0000000;15.353464
BN_CONTROL.I5BEAM;2025-06-30 17:03:12.0000000;15.348117
BN_CONTROL.I5BEAM;2025-06-30 17:03:13.0000000;15.348952
BN_CONTROL.I5BEAM;2025-06-30 17:03:14.0000000;15.342937
BN_CONTROL.I5BEAM;2025-06-30 17:03:15.0000000;15.33525
BN_CONTROL.I5BEAM;2025-06-30 17:03:16.0000000;15.333412
BN_CONTROL.I5BEAM;2025-06-30 17:03:17.0000000;15.332409
BN_CONTROL.I5BEAM;2025-06-30 17:03:18.0000000;15.329903
BN_CONTROL.I5BEAM;2025-06-30 17:03:19.0000000;15.318039
BN_CONTROL.I5BEAM;2025-06-30 17:03:20.0000000;15.319542
BN_CONTROL.I5BEAM;2025-06-30 17:03:21.0000000;15.316368
BN_CONTROL.I5BEAM;2025-06-30 17:03:22.0000000;15.313527
BN_CONTROL.I5BEAM;2025-06-30 17:03:23.0000000;15.304503
BN_CONTROL.I5BEAM;2025-06-30 17:03:24.0000000;15.308514
BN_CONTROL.I5BEAM;2025-06-30 17:03:25.0000000;15.296817
BN_CONTROL.I5BEAM;2025-06-30 17:03:26.0000000;15.296148
BN_CONTROL.I5BEAM;2025-06-30 17:03:27.0000000;15.289297
BN_CONTROL.I5BEAM;2025-06-30 17:03:28.0000000;15.282947
BN_CONTROL.I5BEAM;2025-06-30 17:03:29.0000000;15.280775
BN_CONTROL.I5BEAM;2025-06-30 17:03:30.0000000;15.282947
BN_CONTROL.I5BEAM;2025-06-30 17:03:31.0000000;15.271919
BN_CONTROL.I5BEAM;2025-06-30 17:03:32.0000000;15.27008
BN_CONTROL.I5BEAM;2025-06-30 17:03:33.0000000;15.266738
BN_CONTROL.I5BEAM;2025-06-30 17:03:34.0000000;15.259386
BN_CONTROL.I5BEAM;2025-06-30 17:03:35.0000000;15.258717
BN_CONTROL.I5BEAM;2025-06-30 17:03:36.0000000;15.253203
BN_CONTROL.I5BEAM;2025-06-30 17:03:37.0000000;15.250864
BN_CONTROL.I5BEAM;2025-06-30 17:03:38.0000000;15.244681
BN_CONTROL.I5BEAM;2025-06-30 17:03:39.0000000;15.242174
BN_CONTROL.I5BEAM;2025-06-30 17:03:40.0000000;15.237997
BN_CONTROL.I5BEAM;2025-06-30 17:03:41.0000000;15.229308
BN_CONTROL.I5BEAM;2025-06-30 17:03:42.0000000;15.220117
BN_CONTROL.I5BEAM;2025-06-30 17:03:43.0000000;15.219783
BN_CONTROL.I5BEAM;2025-06-30 17:03:44.0000000;15.215271
BN_CONTROL.I5BEAM;2025-06-30 17:03:45.0000000;15.213099
BN_CONTROL.I5BEAM;2025-06-30 17:03:46.0000000;15.211261
BN_CONTROL.I5BEAM;2025-06-30 17:03:47.0000000;15.205579
BN_CONTROL.I5BEAM;2025-06-30 17:03:48.0000000;15.203073
BN_CONTROL.I5BEAM;2025-06-30 17:03:49.0000000;15.194718
BN_CONTROL.I5BEAM;2025-06-30 17:03:50.0000000;15.194718
BN_CONTROL.I5BEAM;2025-06-30 17:03:51.0000000;15.191877
BN_CONTROL.I5BEAM;2025-06-30 17:03:52.0000000;15.183856
BN_CONTROL.I5BEAM;2025-06-30 17:03:53.0000000;15.183522
BN_CONTROL.I5BEAM;2025-06-30 17:03:54.0000000;15.178007
BN_CONTROL.I5BEAM;2025-06-30 17:03:55.0000000;15.174331
BN_CONTROL.I5BEAM;2025-06-30 17:03:56.0000000;15.175835
BN_CONTROL.I5BEAM;2025-06-30 17:03:57.0000000;15.164806
BN_CONTROL.I5BEAM;2025-06-30 17:03:58.0000000;15.157955
BN_CONTROL.I5BEAM;2025-06-30 17:03:59.0000000;15.159459
BN_CONTROL.I5BEAM;2025-06-30 17:04:00.0000000;15.149099
BN_CONTROL.I5BEAM;2025-06-30 17:04:01.0000000;15.150101
BN_CONTROL.I5BEAM;2025-06-30 17:04:02.0000000;15.150101
BN_CONTROL.I5BEAM;2025-06-30 17:04:03.0000000;15.142582
BN_CONTROL.I5BEAM;2025-06-30 17:04:04.0000000;15.128211
BN_CONTROL.I5BEAM;2025-06-30 17:04:05.0000000;15.128211
BN_CONTROL.I5BEAM;2025-06-30 17:04:06.0000000;15.130885
BN_CONTROL.I5BEAM;2025-06-30 17:04:07.0000000;15.121694
BN_CONTROL.I5BEAM;2025-06-30 17:04:08.0000000;15.123699
BN_CONTROL.I5BEAM;2025-06-30 17:04:09.0000000;15.12019
BN_CONTROL.I5BEAM;2025-06-30 17:04:10.0000000;15.111167
BN_CONTROL.I5BEAM;2025-06-30 17:04:11.0000000;15.106321
BN_CONTROL.I5BEAM;2025-06-30 17:04:12.0000000;15.103981
BN_CONTROL.I5BEAM;2025-06-30 17:04:13.0000000;15.095793
BN_CONTROL.I5BEAM;2025-06-30 17:04:14.0000000;15.094457
BN_CONTROL.I5BEAM;2025-06-30 17:04:15.0000000;15.088608
BN_CONTROL.I5BEAM;2025-06-30 17:04:16.0000000;15.087605
BN_CONTROL.I5BEAM;2025-06-30 17:04:17.0000000;15.070895
BN_CONTROL.I5BEAM;2025-06-30 17:04:18.0000000;15.073402
BN_CONTROL.I5BEAM;2025-06-30 17:04:19.0000000;15.073402
BN_CONTROL.I5BEAM;2025-06-30 17:04:20.0000000;15.064211
BN_CONTROL.I5BEAM;2025-06-30 17:04:21.0000000;15.064211
BN_CONTROL.I5BEAM;2025-06-30 17:04:22.0000000;15.060535
BN_CONTROL.I5BEAM;2025-06-30 17:04:23.0000000;15.048671
BN_CONTROL.I5BEAM;2025-06-30 17:04:24.0000000;15.044326
BN_CONTROL.I5BEAM;2025-06-30 17:04:25.0000000;15.039647
BN_CONTROL.I5BEAM;2025-06-30 17:04:26.0000000;15.036974
BN_CONTROL.I5BEAM;2025-06-30 17:04:27.0000000;15.033297
BN_CONTROL.I5BEAM;2025-06-30 17:04:28.0000000;15.02912
BN_CONTROL.I5BEAM;2025-06-30 17:04:29.0000000;15.027783
BN_CONTROL.I5BEAM;2025-06-30 17:04:30.0000000;15.025778
BN_CONTROL.I5BEAM;2025-06-30 17:04:31.0000000;15.009736
BN_CONTROL.I5BEAM;2025-06-30 17:04:32.0000000;15.01876
BN_CONTROL.I5BEAM;2025-06-30 17:04:33.0000000;15.011073
BN_CONTROL.I5BEAM;2025-06-30 17:04:34.0000000;15.007397
BN_CONTROL.I5BEAM;2025-06-30 17:04:35.0000000;15.001047
BN_CONTROL.I5BEAM;2025-06-30 17:04:36.0000000;14.994697
BN_CONTROL.I5BEAM;2025-06-30 17:04:37.0000000;14.986342
BN_CONTROL.I5BEAM;2025-06-30 17:04:38.0000000;14.98066
BN_CONTROL.I5BEAM;2025-06-30 17:04:39.0000000;14.978989
BN_CONTROL.I5BEAM;2025-06-30 17:04:40.0000000;14.977653
BN_CONTROL.I5BEAM;2025-06-30 17:04:41.0000000;14.970133
BN_CONTROL.I5BEAM;2025-06-30 17:04:42.0000000;14.966958
BN_CONTROL.I5BEAM;2025-06-30 17:04:43.0000000;14.962948
BN_CONTROL.I5BEAM;2025-06-30 17:04:44.0000000;14.95877
BN_CONTROL.I5BEAM;2025-06-30 17:04:45.0000000;14.950415
BN_CONTROL.I5BEAM;2025-06-30 17:04:46.0000000;14.945235
BN_CONTROL.I5BEAM;2025-06-30 17:04:47.0000000;14.940222
BN_CONTROL.I5BEAM;2025-06-30 17:04:48.0000000;14.942895
BN_CONTROL.I5BEAM;2025-06-30 17:04:49.0000000;14.931365
BN_CONTROL.I5BEAM;2025-06-30 17:04:50.0000000;14.9317
BN_CONTROL.I5BEAM;2025-06-30 17:04:51.0000000;14.926687
BN_CONTROL.I5BEAM;2025-06-30 17:04:52.0000000;14.918164
BN_CONTROL.I5BEAM;2025-06-30 17:04:53.0000000;14.912149
BN_CONTROL.I5BEAM;2025-06-30 17:04:54.0000000;14.914488
BN_CONTROL.I5BEAM;2025-06-30 17:04:55.0000000;14.910143
BN_CONTROL.I5BEAM;2025-06-30 17:04:56.0000000;14.905799
BN_CONTROL.I5BEAM;2025-06-30 17:04:57.0000000;14.89711
BN_CONTROL.I5BEAM;2025-06-30 17:04:58.0000000;14.891595
BN_CONTROL.I5BEAM;2025-06-30 17:04:59.0000000;14.889423
BN_CONTROL.I5BEAM;2025-06-30 17:05:00.0000000;14.88207
BN_CONTROL.I5BEAM;2025-06-30 17:05:01.0000000;14.87689
BN_CONTROL.I5BEAM;2025-06-30 17:05:02.0000000;14.87405
BN_CONTROL.I5BEAM;2025-06-30 17:05:03.0000000;14.866363
BN_CONTROL.I5BEAM;2025-06-30 17:05:04.0000000;14.863021
BN_CONTROL.I5BEAM;2025-06-30 17:05:05.0000000;14.86018
BN_CONTROL.I5BEAM;2025-06-30 17:05:06.0000000;14.856838
BN_CONTROL.I5BEAM;2025-06-30 17:05:07.0000000;14.856838
BN_CONTROL.I5BEAM;2025-06-30 17:05:08.0000000;14.845809
BN_CONTROL.I5BEAM;2025-06-30 17:05:09.0000000;14.844974
BN_CONTROL.I5BEAM;2025-06-30 17:05:10.0000000;14.836953
BN_CONTROL.I5BEAM;2025-06-30 17:05:11.0000000;14.829768
BN_CONTROL.I5BEAM;2025-06-30 17:05:12.0000000;14.827094
BN_CONTROL.I5BEAM;2025-06-30 17:05:13.0000000;14.822582
BN_CONTROL.I5BEAM;2025-06-30 17:05:14.0000000;14.816901
BN_CONTROL.I5BEAM;2025-06-30 17:05:15.0000000;14.812556
BN_CONTROL.I5BEAM;2025-06-30 17:05:16.0000000;14.81005
BN_CONTROL.I5BEAM;2025-06-30 17:05:17.0000000;14.805371
BN_CONTROL.I5BEAM;2025-06-30 17:05:18.0000000;14.791501
BN_CONTROL.I5BEAM;2025-06-30 17:05:19.0000000;14.791501
BN_CONTROL.I5BEAM;2025-06-30 17:05:20.0000000;14.78983
BN_CONTROL.I5BEAM;2025-06-30 17:05:21.0000000;14.783815
BN_CONTROL.I5BEAM;2025-06-30 17:05:22.0000000;14.778969
BN_CONTROL.I5BEAM;2025-06-30 17:05:23.0000000;14.768274
BN_CONTROL.I5BEAM;2025-06-30 17:05:24.0000000;14.768274
BN_CONTROL.I5BEAM;2025-06-30 17:05:25.0000000;14.765935
BN_CONTROL.I5BEAM;2025-06-30 17:05:26.0000000;14.756744
BN_CONTROL.I5BEAM;2025-06-30 17:05:27.0000000;14.755574
BN_CONTROL.I5BEAM;2025-06-30 17:05:28.0000000;14.749392
BN_CONTROL.I5BEAM;2025-06-30 17:05:29.0000000;14.743543
BN_CONTROL.I5BEAM;2025-06-30 17:05:30.0000000;14.739533
BN_CONTROL.I5BEAM;2025-06-30 17:05:31.0000000;14.729841
BN_CONTROL.I5BEAM;2025-06-30 17:05:32.0000000;14.729841
BN_CONTROL.I5BEAM;2025-06-30 17:05:33.0000000;14.730509
BN_CONTROL.I5BEAM;2025-06-30 17:05:34.0000000;14.712629
BN_CONTROL.I5BEAM;2025-06-30 17:05:35.0000000;14.715971
BN_CONTROL.I5BEAM;2025-06-30 17:05:36.0000000;14.703272
BN_CONTROL.I5BEAM;2025-06-30 17:05:37.0000000;14.701768
BN_CONTROL.I5BEAM;2025-06-30 17:05:38.0000000;14.702269
BN_CONTROL.I5BEAM;2025-06-30 17:05:39.0000000;14.694582
BN_CONTROL.I5BEAM;2025-06-30 17:05:40.0000000;14.67687
BN_CONTROL.I5BEAM;2025-06-30 17:05:41.0000000;14.677872
BN_CONTROL.I5BEAM;2025-06-30 17:05:42.0000000;14.671355
BN_CONTROL.I5BEAM;2025-06-30 17:05:43.0000000;14.670854
BN_CONTROL.I5BEAM;2025-06-30 17:05:44.0000000;14.653308
BN_CONTROL.I5BEAM;2025-06-30 17:05:45.0000000;14.653308
BN_CONTROL.I5BEAM;2025-06-30 17:05:46.0000000;14.650969
BN_CONTROL.I5BEAM;2025-06-30 17:05:47.0000000;14.636097
BN_CONTROL.I5BEAM;2025-06-30 17:05:48.0000000;14.633925
BN_CONTROL.I5BEAM;2025-06-30 17:05:49.0000000;14.63359
BN_CONTROL.I5BEAM;2025-06-30 17:05:50.0000000;14.624233
BN_CONTROL.I5BEAM;2025-06-30 17:05:51.0000000;14.625068
BN_CONTROL.I5BEAM;2025-06-30 17:05:52.0000000;14.618885
BN_CONTROL.I5BEAM;2025-06-30 17:05:53.0000000;14.613037
BN_CONTROL.I5BEAM;2025-06-30 17:05:54.0000000;14.60652
BN_CONTROL.I5BEAM;2025-06-30 17:05:55.0000000;14.60418
BN_CONTROL.I5BEAM;2025-06-30 17:05:56.0000000;14.59616
BN_CONTROL.I5BEAM;2025-06-30 17:05:57.0000000;14.584797
BN_CONTROL.I5BEAM;2025-06-30 17:05:58.0000000;14.583627
BN_CONTROL.I5BEAM;2025-06-30 17:05:59.0000000;14.576776
BN_CONTROL.I5BEAM;2025-06-30 17:06:00.0000000;14.574269
BN_CONTROL.I5BEAM;2025-06-30 17:06:01.0000000;14.564577
BN_CONTROL.I5BEAM;2025-06-30 17:06:02.0000000;14.564744
BN_CONTROL.I5BEAM;2025-06-30 17:06:03.0000000;14.556055
BN_CONTROL.I5BEAM;2025-06-30 17:06:04.0000000;14.545026
BN_CONTROL.I5BEAM;2025-06-30 17:06:05.0000000;14.547032
BN_CONTROL.I5BEAM;2025-06-30 17:06:06.0000000;14.539679
BN_CONTROL.I5BEAM;2025-06-30 17:06:07.0000000;14.533496
BN_CONTROL.I5BEAM;2025-06-30 17:06:08.0000000;14.525977
BN_CONTROL.I5BEAM;2025-06-30 17:06:09.0000000;14.521465
BN_CONTROL.I5BEAM;2025-06-30 17:06:10.0000000;14.51311
BN_CONTROL.I5BEAM;2025-06-30 17:06:11.0000000;14.509768
BN_CONTROL.I5BEAM;2025-06-30 17:06:12.0000000;14.500745
BN_CONTROL.I5BEAM;2025-06-30 17:06:13.0000000;14.501246
BN_CONTROL.I5BEAM;2025-06-30 17:06:14.0000000;14.494395
BN_CONTROL.I5BEAM;2025-06-30 17:06:15.0000000;14.48604
BN_CONTROL.I5BEAM;2025-06-30 17:06:16.0000000;14.483366
BN_CONTROL.I5BEAM;2025-06-30 17:06:17.0000000;14.473507
BN_CONTROL.I5BEAM;2025-06-30 17:06:18.0000000;14.468494
BN_CONTROL.I5BEAM;2025-06-30 17:06:19.0000000;14.463147
BN_CONTROL.I5BEAM;2025-06-30 17:06:20.0000000;14.450113
BN_CONTROL.I5BEAM;2025-06-30 17:06:21.0000000;14.449946
BN_CONTROL.I5BEAM;2025-06-30 17:06:22.0000000;14.446938
BN_CONTROL.I5BEAM;2025-06-30 17:06:23.0000000;14.442927
BN_CONTROL.I5BEAM;2025-06-30 17:06:24.0000000;14.442927
BN_CONTROL.I5BEAM;2025-06-30 17:06:25.0000000;14.429559
BN_CONTROL.I5BEAM;2025-06-30 17:06:26.0000000;14.424212
BN_CONTROL.I5BEAM;2025-06-30 17:06:27.0000000;14.423711
BN_CONTROL.I5BEAM;2025-06-30 17:06:28.0000000;14.417027
BN_CONTROL.I5BEAM;2025-06-30 17:06:29.0000000;14.414353
BN_CONTROL.I5BEAM;2025-06-30 17:06:30.0000000;14.406833
BN_CONTROL.I5BEAM;2025-06-30 17:06:31.0000000;14.400484
BN_CONTROL.I5BEAM;2025-06-30 17:06:32.0000000;14.396306
BN_CONTROL.I5BEAM;2025-06-30 17:06:33.0000000;14.387115
BN_CONTROL.I5BEAM;2025-06-30 17:06:34.0000000;14.381267
BN_CONTROL.I5BEAM;2025-06-30 17:06:35.0000000;14.366061
BN_CONTROL.I5BEAM;2025-06-30 17:06:36.0000000;14.366061
BN_CONTROL.I5BEAM;2025-06-30 17:06:37.0000000;14.357706
BN_CONTROL.I5BEAM;2025-06-30 17:06:38.0000000;14.357706
BN_CONTROL.I5BEAM;2025-06-30 17:06:39.0000000;14.353194
BN_CONTROL.I5BEAM;2025-06-30 17:06:40.0000000;14.34133
BN_CONTROL.I5BEAM;2025-06-30 17:06:41.0000000;14.335982
BN_CONTROL.I5BEAM;2025-06-30 17:06:42.0000000;14.334813
BN_CONTROL.I5BEAM;2025-06-30 17:06:43.0000000;14.331805
BN_CONTROL.I5BEAM;2025-06-30 17:06:44.0000000;14.323784
BN_CONTROL.I5BEAM;2025-06-30 17:06:45.0000000;14.316599
BN_CONTROL.I5BEAM;2025-06-30 17:06:46.0000000;14.311084
BN_CONTROL.I5BEAM;2025-06-30 17:06:47.0000000;14.310583
BN_CONTROL.I5BEAM;2025-06-30 17:06:48.0000000;14.299721
BN_CONTROL.I5BEAM;2025-06-30 17:06:49.0000000;14.293706
BN_CONTROL.I5BEAM;2025-06-30 17:06:50.0000000;14.291533
BN_CONTROL.I5BEAM;2025-06-30 17:06:51.0000000;14.285852
BN_CONTROL.I5BEAM;2025-06-30 17:06:52.0000000;14.272317
BN_CONTROL.I5BEAM;2025-06-30 17:06:53.0000000;14.267638
BN_CONTROL.I5BEAM;2025-06-30 17:06:54.0000000;14.267972
BN_CONTROL.I5BEAM;2025-06-30 17:06:55.0000000;14.263962
BN_CONTROL.I5BEAM;2025-06-30 17:06:56.0000000;14.250593
BN_CONTROL.I5BEAM;2025-06-30 17:06:57.0000000;14.246583
BN_CONTROL.I5BEAM;2025-06-30 17:06:58.0000000;14.24792
BN_CONTROL.I5BEAM;2025-06-30 17:06:59.0000000;14.235888
BN_CONTROL.I5BEAM;2025-06-30 17:07:00.0000000;14.232379
BN_CONTROL.I5BEAM;2025-06-30 17:07:01.0000000;14.228536
BN_CONTROL.I5BEAM;2025-06-30 17:07:02.0000000;14.21216
BN_CONTROL.I5BEAM;2025-06-30 17:07:03.0000000;14.208317
BN_CONTROL.I5BEAM;2025-06-30 17:07:04.0000000;14.206144
BN_CONTROL.I5BEAM;2025-06-30 17:07:05.0000000;14.184421
BN_CONTROL.I5BEAM;2025-06-30 17:07:06.0000000;14.181413
BN_CONTROL.I5BEAM;2025-06-30 17:07:07.0000000;14.172223
BN_CONTROL.I5BEAM;2025-06-30 17:07:08.0000000;14.172724
BN_CONTROL.I5BEAM;2025-06-30 17:07:09.0000000;14.16487
BN_CONTROL.I5BEAM;2025-06-30 17:07:10.0000000;14.161862
BN_CONTROL.I5BEAM;2025-06-30 17:07:11.0000000;14.15568
BN_CONTROL.I5BEAM;2025-06-30 17:07:12.0000000;14.158019
BN_CONTROL.I5BEAM;2025-06-30 17:07:13.0000000;14.150834
BN_CONTROL.I5BEAM;2025-06-30 17:07:14.0000000;14.142646
BN_CONTROL.I5BEAM;2025-06-30 17:07:15.0000000;14.141309
BN_CONTROL.I5BEAM;2025-06-30 17:07:16.0000000;14.135795
BN_CONTROL.I5BEAM;2025-06-30 17:07:17.0000000;14.127105
BN_CONTROL.I5BEAM;2025-06-30 17:07:18.0000000;14.122928
BN_CONTROL.I5BEAM;2025-06-30 17:07:19.0000000;14.119753
BN_CONTROL.I5BEAM;2025-06-30 17:07:20.0000000;14.115241
BN_CONTROL.I5BEAM;2025-06-30 17:07:21.0000000;14.104212
BN_CONTROL.I5BEAM;2025-06-30 17:07:22.0000000;14.106719
BN_CONTROL.I5BEAM;2025-06-30 17:07:23.0000000;14.100202
BN_CONTROL.I5BEAM;2025-06-30 17:07:24.0000000;14.098531
BN_CONTROL.I5BEAM;2025-06-30 17:07:25.0000000;14.084996
BN_CONTROL.I5BEAM;2025-06-30 17:07:26.0000000;14.083158
BN_CONTROL.I5BEAM;2025-06-30 17:07:27.0000000;14.079816
BN_CONTROL.I5BEAM;2025-06-30 17:07:28.0000000;14.075304
BN_CONTROL.I5BEAM;2025-06-30 17:07:29.0000000;14.072964
BN_CONTROL.I5BEAM;2025-06-30 17:07:30.0000000;14.069288
BN_CONTROL.I5BEAM;2025-06-30 17:07:31.0000000;14.062437
BN_CONTROL.I5BEAM;2025-06-30 17:07:32.0000000;14.066113
BN_CONTROL.I5BEAM;2025-06-30 17:07:33.0000000;14.055753
BN_CONTROL.I5BEAM;2025-06-30 17:07:34.0000000;14.048066
BN_CONTROL.I5BEAM;2025-06-30 17:07:35.0000000;14.046729
BN_CONTROL.I5BEAM;2025-06-30 17:07:36.0000000;14.039544
BN_CONTROL.I5BEAM;2025-06-30 17:07:37.0000000;14.037539
BN_CONTROL.I5BEAM;2025-06-30 17:07:38.0000000;14.03403
BN_CONTROL.I5BEAM;2025-06-30 17:07:39.0000000;14.027513
BN_CONTROL.I5BEAM;2025-06-30 17:07:40.0000000;14.022834
BN_CONTROL.I5BEAM;2025-06-30 17:07:41.0000000;14.016317
BN_CONTROL.I5BEAM;2025-06-30 17:07:42.0000000;14.016818
BN_CONTROL.I5BEAM;2025-06-30 17:07:43.0000000;14.017152
BN_CONTROL.I5BEAM;2025-06-30 17:07:44.0000000;14.011471
BN_CONTROL.I5BEAM;2025-06-30 17:07:45.0000000;14.011471
BN_CONTROL.I5BEAM;2025-06-30 17:07:46.0000000;14.000776
BN_CONTROL.I5BEAM;2025-06-30 17:07:47.0000000;13.990583
BN_CONTROL.I5BEAM;2025-06-30 17:07:48.0000000;13.995429
BN_CONTROL.I5BEAM;2025-06-30 17:07:49.0000000;13.994427
BN_CONTROL.I5BEAM;2025-06-30 17:07:50.0000000;13.985904
BN_CONTROL.I5BEAM;2025-06-30 17:07:51.0000000;13.978719
BN_CONTROL.I5BEAM;2025-06-30 17:07:52.0000000;13.981226
BN_CONTROL.I5BEAM;2025-06-30 17:07:53.0000000;13.974207
BN_CONTROL.I5BEAM;2025-06-30 17:07:54.0000000;13.97003
BN_CONTROL.I5BEAM;2025-06-30 17:07:55.0000000;13.966855
BN_CONTROL.I5BEAM;2025-06-30 17:07:56.0000000;13.964014
BN_CONTROL.I5BEAM;2025-06-30 17:07:57.0000000;13.960839
BN_CONTROL.I5BEAM;2025-06-30 17:07:58.0000000;13.95733
BN_CONTROL.I5BEAM;2025-06-30 17:07:59.0000000;13.955826
BN_CONTROL.I5BEAM;2025-06-30 17:08:00.0000000;13.955993
BN_CONTROL.I5BEAM;2025-06-30 17:08:01.0000000;13.9458
BN_CONTROL.I5BEAM;2025-06-30 17:08:02.0000000;13.944965
BN_CONTROL.I5BEAM;2025-06-30 17:08:03.0000000;13.937779
BN_CONTROL.I5BEAM;2025-06-30 17:08:04.0000000;13.9331
BN_CONTROL.I5BEAM;2025-06-30 17:08:05.0000000;13.92909
BN_CONTROL.I5BEAM;2025-06-30 17:08:06.0000000;13.927586
BN_CONTROL.I5BEAM;2025-06-30 17:08:07.0000000;13.921905
BN_CONTROL.I5BEAM;2025-06-30 17:08:08.0000000;13.922072
BN_CONTROL.I5BEAM;2025-06-30 17:08:09.0000000;13.916724
BN_CONTROL.I5BEAM;2025-06-30 17:08:10.0000000;13.908035
BN_CONTROL.I5BEAM;2025-06-30 17:08:11.0000000;13.909873
BN_CONTROL.I5BEAM;2025-06-30 17:08:12.0000000;13.90486
BN_CONTROL.I5BEAM;2025-06-30 17:08:13.0000000;13.904693
BN_CONTROL.I5BEAM;2025-06-30 17:08:14.0000000;13.903356
BN_CONTROL.I5BEAM;2025-06-30 17:08:15.0000000;13.892996
BN_CONTROL.I5BEAM;2025-06-30 17:08:16.0000000;13.885142
BN_CONTROL.I5BEAM;2025-06-30 17:08:17.0000000;13.887147
BN_CONTROL.I5BEAM;2025-06-30 17:08:18.0000000;13.884307
BN_CONTROL.I5BEAM;2025-06-30 17:08:19.0000000;13.872777
BN_CONTROL.I5BEAM;2025-06-30 17:08:20.0000000;13.878124
BN_CONTROL.I5BEAM;2025-06-30 17:08:21.0000000;13.866093
BN_CONTROL.I5BEAM;2025-06-30 17:08:22.0000000;13.866093
BN_CONTROL.I5BEAM;2025-06-30 17:08:23.0000000;13.868265
BN_CONTROL.I5BEAM;2025-06-30 17:08:24.0000000;13.860578
BN_CONTROL.I5BEAM;2025-06-30 17:08:25.0000000;13.857905
BN_CONTROL.I5BEAM;2025-06-30 17:08:26.0000000;13.848714
BN_CONTROL.I5BEAM;2025-06-30 17:08:27.0000000;13.85473
BN_CONTROL.I5BEAM;2025-06-30 17:08:28.0000000;13.847544
BN_CONTROL.I5BEAM;2025-06-30 17:08:29.0000000;13.842531
BN_CONTROL.I5BEAM;2025-06-30 17:08:30.0000000;13.844871
BN_CONTROL.I5BEAM;2025-06-30 17:08:31.0000000;13.839523
BN_CONTROL.I5BEAM;2025-06-30 17:08:32.0000000;13.832839
BN_CONTROL.I5BEAM;2025-06-30 17:08:33.0000000;13.830834
BN_CONTROL.I5BEAM;2025-06-30 17:08:34.0000000;13.824986
BN_CONTROL.I5BEAM;2025-06-30 17:08:35.0000000;13.822813
BN_CONTROL.I5BEAM;2025-06-30 17:08:36.0000000;13.821644
BN_CONTROL.I5BEAM;2025-06-30 17:08:37.0000000;13.816463
BN_CONTROL.I5BEAM;2025-06-30 17:08:38.0000000;13.812787
BN_CONTROL.I5BEAM;2025-06-30 17:08:39.0000000;13.806604
BN_CONTROL.I5BEAM;2025-06-30 17:08:40.0000000;13.804265
BN_CONTROL.I5BEAM;2025-06-30 17:08:41.0000000;13.799419
BN_CONTROL.I5BEAM;2025-06-30 17:08:42.0000000;13.796578
BN_CONTROL.I5BEAM;2025-06-30 17:08:43.0000000;13.799252
BN_CONTROL.I5BEAM;2025-06-30 17:08:44.0000000;13.79073
BN_CONTROL.I5BEAM;2025-06-30 17:08:45.0000000;13.786218
BN_CONTROL.I5BEAM;2025-06-30 17:08:46.0000000;13.783711
BN_CONTROL.I5BEAM;2025-06-30 17:08:47.0000000;13.783377
BN_CONTROL.I5BEAM;2025-06-30 17:08:48.0000000;13.777863
BN_CONTROL.I5BEAM;2025-06-30 17:08:49.0000000;13.772014
BN_CONTROL.I5BEAM;2025-06-30 17:08:50.0000000;13.770845
BN_CONTROL.I5BEAM;2025-06-30 17:08:51.0000000;13.763659
BN_CONTROL.I5BEAM;2025-06-30 17:08:52.0000000;13.769174
BN_CONTROL.I5BEAM;2025-06-30 17:08:53.0000000;13.764328
BN_CONTROL.I5BEAM;2025-06-30 17:08:54.0000000;13.757477
BN_CONTROL.I5BEAM;2025-06-30 17:08:55.0000000;13.748453
BN_CONTROL.I5BEAM;2025-06-30 17:08:56.0000000;13.755137
BN_CONTROL.I5BEAM;2025-06-30 17:08:57.0000000;13.751461
BN_CONTROL.I5BEAM;2025-06-30 17:08:58.0000000;13.751461
BN_CONTROL.I5BEAM;2025-06-30 17:08:59.0000000;13.742939
BN_CONTROL.I5BEAM;2025-06-30 17:09:00.0000000;13.741936
BN_CONTROL.I5BEAM;2025-06-30 17:09:01.0000000;13.740098
BN_CONTROL.I5BEAM;2025-06-30 17:09:02.0000000;13.731409
BN_CONTROL.I5BEAM;2025-06-30 17:09:03.0000000;13.734416
BN_CONTROL.I5BEAM;2025-06-30 17:09:04.0000000;13.730907
BN_CONTROL.I5BEAM;2025-06-30 17:09:05.0000000;13.726897
BN_CONTROL.I5BEAM;2025-06-30 17:09:06.0000000;13.721048
BN_CONTROL.I5BEAM;2025-06-30 17:09:07.0000000;13.714197
BN_CONTROL.I5BEAM;2025-06-30 17:09:08.0000000;13.714197
BN_CONTROL.I5BEAM;2025-06-30 17:09:09.0000000;13.709351
BN_CONTROL.I5BEAM;2025-06-30 17:09:10.0000000;13.70885
BN_CONTROL.I5BEAM;2025-06-30 17:09:11.0000000;13.706343
BN_CONTROL.I5BEAM;2025-06-30 17:09:12.0000000;13.704505
BN_CONTROL.I5BEAM;2025-06-30 17:09:13.0000000;13.704171
BN_CONTROL.I5BEAM;2025-06-30 17:09:14.0000000;13.690636
BN_CONTROL.I5BEAM;2025-06-30 17:09:15.0000000;13.690636
BN_CONTROL.I5BEAM;2025-06-30 17:09:16.0000000;13.689633
BN_CONTROL.I5BEAM;2025-06-30 17:09:17.0000000;13.685122
BN_CONTROL.I5BEAM;2025-06-30 17:09:18.0000000;13.682949
BN_CONTROL.I5BEAM;2025-06-30 17:09:19.0000000;13.682448
BN_CONTROL.I5BEAM;2025-06-30 17:09:20.0000000;13.680108
BN_CONTROL.I5BEAM;2025-06-30 17:09:21.0000000;13.675597
BN_CONTROL.I5BEAM;2025-06-30 17:09:22.0000000;13.669414
BN_CONTROL.I5BEAM;2025-06-30 17:09:23.0000000;13.664234
BN_CONTROL.I5BEAM;2025-06-30 17:09:24.0000000;13.668411
BN_CONTROL.I5BEAM;2025-06-30 17:09:25.0000000;13.656714
BN_CONTROL.I5BEAM;2025-06-30 17:09:26.0000000;13.656714
BN_CONTROL.I5BEAM;2025-06-30 17:09:27.0000000;13.656714
BN_CONTROL.I5BEAM;2025-06-30 17:09:28.0000000;13.6512
BN_CONTROL.I5BEAM;2025-06-30 17:09:29.0000000;13.649529
BN_CONTROL.I5BEAM;2025-06-30 17:09:30.0000000;13.650531
BN_CONTROL.I5BEAM;2025-06-30 17:09:31.0000000;13.644015
BN_CONTROL.I5BEAM;2025-06-30 17:09:32.0000000;13.644015
BN_CONTROL.I5BEAM;2025-06-30 17:09:33.0000000;13.636829
BN_CONTROL.I5BEAM;2025-06-30 17:09:34.0000000;13.632652
BN_CONTROL.I5BEAM;2025-06-30 17:09:35.0000000;13.628307
BN_CONTROL.I5BEAM;2025-06-30 17:09:36.0000000;13.624297
BN_CONTROL.I5BEAM;2025-06-30 17:09:37.0000000;13.622793
BN_CONTROL.I5BEAM;2025-06-30 17:09:38.0000000;13.618949
BN_CONTROL.I5BEAM;2025-06-30 17:09:39.0000000;13.611095
BN_CONTROL.I5BEAM;2025-06-30 17:09:40.0000000;13.610427
BN_CONTROL.I5BEAM;2025-06-30 17:09:41.0000000;13.611597
BN_CONTROL.I5BEAM;2025-06-30 17:09:42.0000000;13.599733
BN_CONTROL.I5BEAM;2025-06-30 17:09:43.0000000;13.601236
BN_CONTROL.I5BEAM;2025-06-30 17:09:44.0000000;13.597226
BN_CONTROL.I5BEAM;2025-06-30 17:09:45.0000000;13.605414
BN_CONTROL.I5BEAM;2025-06-30 17:09:46.0000000;13.601236
BN_CONTROL.I5BEAM;2025-06-30 17:09:47.0000000;13.601069
BN_CONTROL.I5BEAM;2025-06-30 17:09:48.0000000;13.59472
BN_CONTROL.I5BEAM;2025-06-30 17:09:49.0000000;13.592881
BN_CONTROL.I5BEAM;2025-06-30 17:09:50.0000000;13.584693
BN_CONTROL.I5BEAM;2025-06-30 17:09:51.0000000;13.58085
BN_CONTROL.I5BEAM;2025-06-30 17:09:52.0000000;13.580349
BN_CONTROL.I5BEAM;2025-06-30 17:09:53.0000000;13.575503
BN_CONTROL.I5BEAM;2025-06-30 17:09:54.0000000;13.571994
BN_CONTROL.I5BEAM;2025-06-30 17:09:55.0000000;13.565477
BN_CONTROL.I5BEAM;2025-06-30 17:09:56.0000000;13.566479
BN_CONTROL.I5BEAM;2025-06-30 17:09:57.0000000;13.560631
BN_CONTROL.I5BEAM;2025-06-30 17:09:58.0000000;13.555451
BN_CONTROL.I5BEAM;2025-06-30 17:09:59.0000000;13.552777
BN_CONTROL.I5BEAM;2025-06-30 17:10:00.0000000;13.555618
BN_CONTROL.I5BEAM;2025-06-30 17:10:01.0000000;13.552944
BN_CONTROL.I5BEAM;2025-06-30 17:10:02.0000000;13.547096
BN_CONTROL.I5BEAM;2025-06-30 17:10:03.0000000;13.543419
BN_CONTROL.I5BEAM;2025-06-30 17:10:04.0000000;13.540579
BN_CONTROL.I5BEAM;2025-06-30 17:10:05.0000000;13.539075
BN_CONTROL.I5BEAM;2025-06-30 17:10:06.0000000;13.537237
BN_CONTROL.I5BEAM;2025-06-30 17:10:07.0000000;13.539743
BN_CONTROL.I5BEAM;2025-06-30 17:10:08.0000000;13.528213
BN_CONTROL.I5BEAM;2025-06-30 17:10:09.0000000;13.524537
BN_CONTROL.I5BEAM;2025-06-30 17:10:10.0000000;13.521863
BN_CONTROL.I5BEAM;2025-06-30 17:10:11.0000000;13.516182
BN_CONTROL.I5BEAM;2025-06-30 17:10:12.0000000;13.512673
BN_CONTROL.I5BEAM;2025-06-30 17:10:13.0000000;13.509163
BN_CONTROL.I5BEAM;2025-06-30 17:10:14.0000000;13.503482
BN_CONTROL.I5BEAM;2025-06-30 17:10:15.0000000;13.506991
BN_CONTROL.I5BEAM;2025-06-30 17:10:16.0000000;13.506991
BN_CONTROL.I5BEAM;2025-06-30 17:10:17.0000000;13.508328
BN_CONTROL.I5BEAM;2025-06-30 17:10:18.0000000;13.502145
BN_CONTROL.I5BEAM;2025-06-30 17:10:19.0000000;13.496297
BN_CONTROL.I5BEAM;2025-06-30 17:10:20.0000000;13.497466
BN_CONTROL.I5BEAM;2025-06-30 17:10:21.0000000;13.491117
BN_CONTROL.I5BEAM;2025-06-30 17:10:22.0000000;13.490949
BN_CONTROL.I5BEAM;2025-06-30 17:10:23.0000000;13.4846
BN_CONTROL.I5BEAM;2025-06-30 17:10:24.0000000;13.483931
BN_CONTROL.I5BEAM;2025-06-30 17:10:25.0000000;13.480589
BN_CONTROL.I5BEAM;2025-06-30 17:10:26.0000000;13.478584
BN_CONTROL.I5BEAM;2025-06-30 17:10:27.0000000;13.478584
BN_CONTROL.I5BEAM;2025-06-30 17:10:28.0000000;13.473404
BN_CONTROL.I5BEAM;2025-06-30 17:10:29.0000000;13.472902
BN_CONTROL.I5BEAM;2025-06-30 17:10:30.0000000;13.465049
BN_CONTROL.I5BEAM;2025-06-30 17:10:31.0000000;13.458532
BN_CONTROL.I5BEAM;2025-06-30 17:10:32.0000000;13.458532
BN_CONTROL.I5BEAM;2025-06-30 17:10:33.0000000;13.456526
BN_CONTROL.I5BEAM;2025-06-30 17:10:34.0000000;13.451179
BN_CONTROL.I5BEAM;2025-06-30 17:10:35.0000000;13.455691
BN_CONTROL.I5BEAM;2025-06-30 17:10:36.0000000;13.448004
BN_CONTROL.I5BEAM;2025-06-30 17:10:37.0000000;13.448004
BN_CONTROL.I5BEAM;2025-06-30 17:10:38.0000000;13.444161
BN_CONTROL.I5BEAM;2025-06-30 17:10:39.0000000;13.439482
BN_CONTROL.I5BEAM;2025-06-30 17:10:40.0000000;13.433466
BN_CONTROL.I5BEAM;2025-06-30 17:10:41.0000000;13.428788
BN_CONTROL.I5BEAM;2025-06-30 17:10:42.0000000;13.423273
BN_CONTROL.I5BEAM;2025-06-30 17:10:43.0000000;13.424777
BN_CONTROL.I5BEAM;2025-06-30 17:10:44.0000000;13.421435
BN_CONTROL.I5BEAM;2025-06-30 17:10:45.0000000;13.417258
BN_CONTROL.I5BEAM;2025-06-30 17:10:46.0000000;13.412913
BN_CONTROL.I5BEAM;2025-06-30 17:10:47.0000000;13.416088
BN_CONTROL.I5BEAM;2025-06-30 17:10:48.0000000;13.411576
BN_CONTROL.I5BEAM;2025-06-30 17:10:49.0000000;13.410239
BN_CONTROL.I5BEAM;2025-06-30 17:10:50.0000000;13.401216
BN_CONTROL.I5BEAM;2025-06-30 17:10:51.0000000;13.398876
BN_CONTROL.I5BEAM;2025-06-30 17:10:52.0000000;13.396704
BN_CONTROL.I5BEAM;2025-06-30 17:10:53.0000000;13.394198
BN_CONTROL.I5BEAM;2025-06-30 17:10:54.0000000;13.384673
BN_CONTROL.I5BEAM;2025-06-30 17:10:55.0000000;13.381164
BN_CONTROL.I5BEAM;2025-06-30 17:10:56.0000000;13.383336
BN_CONTROL.I5BEAM;2025-06-30 17:10:57.0000000;13.380161
BN_CONTROL.I5BEAM;2025-06-30 17:10:58.0000000;13.375315
BN_CONTROL.I5BEAM;2025-06-30 17:10:59.0000000;13.373477
BN_CONTROL.I5BEAM;2025-06-30 17:11:00.0000000;13.375148
BN_CONTROL.I5BEAM;2025-06-30 17:11:01.0000000;13.368798
BN_CONTROL.I5BEAM;2025-06-30 17:11:02.0000000;13.36696
BN_CONTROL.I5BEAM;2025-06-30 17:11:03.0000000;13.363618
BN_CONTROL.I5BEAM;2025-06-30 17:11:04.0000000;13.355931
BN_CONTROL.I5BEAM;2025-06-30 17:11:05.0000000;13.355096
BN_CONTROL.I5BEAM;2025-06-30 17:11:06.0000000;13.351085
BN_CONTROL.I5BEAM;2025-06-30 17:11:07.0000000;13.3439
BN_CONTROL.I5BEAM;2025-06-30 17:11:08.0000000;13.344568
BN_CONTROL.I5BEAM;2025-06-30 17:11:09.0000000;13.340224
BN_CONTROL.I5BEAM;2025-06-30 17:11:10.0000000;13.33989
BN_CONTROL.I5BEAM;2025-06-30 17:11:11.0000000;13.328025
BN_CONTROL.I5BEAM;2025-06-30 17:11:12.0000000;13.322344
BN_CONTROL.I5BEAM;2025-06-30 17:11:13.0000000;13.327357
BN_CONTROL.I5BEAM;2025-06-30 17:11:14.0000000;13.32836
BN_CONTROL.I5BEAM;2025-06-30 17:11:15.0000000;13.323179
BN_CONTROL.I5BEAM;2025-06-30 17:11:16.0000000;13.318668
BN_CONTROL.I5BEAM;2025-06-30 17:11:17.0000000;13.314824
BN_CONTROL.I5BEAM;2025-06-30 17:11:18.0000000;13.309644
BN_CONTROL.I5BEAM;2025-06-30 17:11:19.0000000;13.308809
BN_CONTROL.I5BEAM;2025-06-30 17:11:20.0000000;13.298281
BN_CONTROL.I5BEAM;2025-06-30 17:11:21.0000000;13.298448
BN_CONTROL.I5BEAM;2025-06-30 17:11:22.0000000;13.293602
BN_CONTROL.I5BEAM;2025-06-30 17:11:23.0000000;13.291764
BN_CONTROL.I5BEAM;2025-06-30 17:11:24.0000000;13.281738
BN_CONTROL.I5BEAM;2025-06-30 17:11:25.0000000;13.280401
BN_CONTROL.I5BEAM;2025-06-30 17:11:26.0000000;13.276391
BN_CONTROL.I5BEAM;2025-06-30 17:11:27.0000000;13.276725
BN_CONTROL.I5BEAM;2025-06-30 17:11:28.0000000;13.269874
BN_CONTROL.I5BEAM;2025-06-30 17:11:29.0000000;13.265529
BN_CONTROL.I5BEAM;2025-06-30 17:11:30.0000000;13.256005
BN_CONTROL.I5BEAM;2025-06-30 17:11:31.0000000;13.260182
BN_CONTROL.I5BEAM;2025-06-30 17:11:32.0000000;13.254166
BN_CONTROL.I5BEAM;2025-06-30 17:11:33.0000000;13.254166
BN_CONTROL.I5BEAM;2025-06-30 17:11:34.0000000;13.25166
BN_CONTROL.I5BEAM;2025-06-30 17:11:35.0000000;13.248318
BN_CONTROL.I5BEAM;2025-06-30 17:11:36.0000000;13.243639
BN_CONTROL.I5BEAM;2025-06-30 17:11:37.0000000;13.243639
BN_CONTROL.I5BEAM;2025-06-30 17:11:38.0000000;13.244809
BN_CONTROL.I5BEAM;2025-06-30 17:11:39.0000000;13.236955
BN_CONTROL.I5BEAM;2025-06-30 17:11:40.0000000;13.235451
BN_CONTROL.I5BEAM;2025-06-30 17:11:41.0000000;13.232109
BN_CONTROL.I5BEAM;2025-06-30 17:11:42.0000000;13.223253
BN_CONTROL.I5BEAM;2025-06-30 17:11:43.0000000;13.216569
BN_CONTROL.I5BEAM;2025-06-30 17:11:44.0000000;13.216569
BN_CONTROL.I5BEAM;2025-06-30 17:11:45.0000000;13.211221
BN_CONTROL.I5BEAM;2025-06-30 17:11:46.0000000;13.206877
BN_CONTROL.I5BEAM;2025-06-30 17:11:47.0000000;13.205373
BN_CONTROL.I5BEAM;2025-06-30 17:11:48.0000000;13.195681
BN_CONTROL.I5BEAM;2025-06-30 17:11:49.0000000;13.199524
BN_CONTROL.I5BEAM;2025-06-30 17:11:50.0000000;13.19284
BN_CONTROL.I5BEAM;2025-06-30 17:11:51.0000000;13.188997
BN_CONTROL.I5BEAM;2025-06-30 17:11:52.0000000;13.183984
BN_CONTROL.I5BEAM;2025-06-30 17:11:53.0000000;13.175796
BN_CONTROL.I5BEAM;2025-06-30 17:11:54.0000000;13.176464
BN_CONTROL.I5BEAM;2025-06-30 17:11:55.0000000;13.170281
BN_CONTROL.I5BEAM;2025-06-30 17:11:56.0000000;13.172788
BN_CONTROL.I5BEAM;2025-06-30 17:11:57.0000000;13.166271
BN_CONTROL.I5BEAM;2025-06-30 17:11:58.0000000;13.155744
BN_CONTROL.I5BEAM;2025-06-30 17:11:59.0000000;13.155744
BN_CONTROL.I5BEAM;2025-06-30 17:12:00.0000000;13.149394
BN_CONTROL.I5BEAM;2025-06-30 17:12:01.0000000;13.153571
BN_CONTROL.I5BEAM;2025-06-30 17:12:02.0000000;13.141039
BN_CONTROL.I5BEAM;2025-06-30 17:12:03.0000000;13.139869
BN_CONTROL.I5BEAM;2025-06-30 17:12:04.0000000;13.133018
BN_CONTROL.I5BEAM;2025-06-30 17:12:05.0000000;13.133018
BN_CONTROL.I5BEAM;2025-06-30 17:12:06.0000000;13.129509
BN_CONTROL.I5BEAM;2025-06-30 17:12:07.0000000;13.129843
BN_CONTROL.I5BEAM;2025-06-30 17:12:08.0000000;13.127002
BN_CONTROL.I5BEAM;2025-06-30 17:12:09.0000000;13.119984
BN_CONTROL.I5BEAM;2025-06-30 17:12:10.0000000;13.114469
BN_CONTROL.I5BEAM;2025-06-30 17:12:11.0000000;13.109791
BN_CONTROL.I5BEAM;2025-06-30 17:12:12.0000000;13.110626
BN_CONTROL.I5BEAM;2025-06-30 17:12:13.0000000;13.110626
BN_CONTROL.I5BEAM;2025-06-30 17:12:14.0000000;13.1006
BN_CONTROL.I5BEAM;2025-06-30 17:12:15.0000000;13.094751
BN_CONTROL.I5BEAM;2025-06-30 17:12:16.0000000;13.094919
BN_CONTROL.I5BEAM;2025-06-30 17:12:17.0000000;13.087065
BN_CONTROL.I5BEAM;2025-06-30 17:12:18.0000000;13.084224
BN_CONTROL.I5BEAM;2025-06-30 17:12:19.0000000;13.084558
BN_CONTROL.I5BEAM;2025-06-30 17:12:20.0000000;13.074866
BN_CONTROL.I5BEAM;2025-06-30 17:12:21.0000000;13.071691
BN_CONTROL.I5BEAM;2025-06-30 17:12:22.0000000;13.07002
BN_CONTROL.I5BEAM;2025-06-30 17:12:23.0000000;13.070689
BN_CONTROL.I5BEAM;2025-06-30 17:12:24.0000000;13.065007
BN_CONTROL.I5BEAM;2025-06-30 17:12:25.0000000;13.061498
BN_CONTROL.I5BEAM;2025-06-30 17:12:26.0000000;13.053477
BN_CONTROL.I5BEAM;2025-06-30 17:12:27.0000000;13.055315
BN_CONTROL.I5BEAM;2025-06-30 17:12:28.0000000;13.051973
BN_CONTROL.I5BEAM;2025-06-30 17:12:29.0000000;13.046125
BN_CONTROL.I5BEAM;2025-06-30 17:12:30.0000000;13.036266
BN_CONTROL.I5BEAM;2025-06-30 17:12:31.0000000;13.041613
BN_CONTROL.I5BEAM;2025-06-30 17:12:32.0000000;13.037101
BN_CONTROL.I5BEAM;2025-06-30 17:12:33.0000000;13.033091
BN_CONTROL.I5BEAM;2025-06-30 17:12:34.0000000;13.032924
BN_CONTROL.I5BEAM;2025-06-30 17:12:35.0000000;13.025237
BN_CONTROL.I5BEAM;2025-06-30 17:12:36.0000000;13.024402
BN_CONTROL.I5BEAM;2025-06-30 17:12:37.0000000;13.021227
BN_CONTROL.I5BEAM;2025-06-30 17:12:38.0000000;13.017216
BN_CONTROL.I5BEAM;2025-06-30 17:12:39.0000000;13.010699
BN_CONTROL.I5BEAM;2025-06-30 17:12:40.0000000;13.008527
BN_CONTROL.I5BEAM;2025-06-30 17:12:41.0000000;13.008527
BN_CONTROL.I5BEAM;2025-06-30 17:12:42.0000000;13.000673
BN_CONTROL.I5BEAM;2025-06-30 17:12:43.0000000;12.99683
BN_CONTROL.I5BEAM;2025-06-30 17:12:44.0000000;12.992151
BN_CONTROL.I5BEAM;2025-06-30 17:12:45.0000000;12.991984
BN_CONTROL.I5BEAM;2025-06-30 17:12:46.0000000;12.984464
BN_CONTROL.I5BEAM;2025-06-30 17:12:47.0000000;12.978449
BN_CONTROL.I5BEAM;2025-06-30 17:12:48.0000000;12.977446
BN_CONTROL.I5BEAM;2025-06-30 17:12:49.0000000;12.970929
BN_CONTROL.I5BEAM;2025-06-30 17:12:50.0000000;12.970929
BN_CONTROL.I5BEAM;2025-06-30 17:12:51.0000000;12.968924
BN_CONTROL.I5BEAM;2025-06-30 17:12:52.0000000;12.965916
BN_CONTROL.I5BEAM;2025-06-30 17:12:53.0000000;12.958397
BN_CONTROL.I5BEAM;2025-06-30 17:12:54.0000000;12.954386
BN_CONTROL.I5BEAM;2025-06-30 17:12:55.0000000;12.955389
BN_CONTROL.I5BEAM;2025-06-30 17:12:56.0000000;12.953384
BN_CONTROL.I5BEAM;2025-06-30 17:12:57.0000000;12.945864
BN_CONTROL.I5BEAM;2025-06-30 17:12:58.0000000;12.942689
BN_CONTROL.I5BEAM;2025-06-30 17:12:59.0000000;12.940015
BN_CONTROL.I5BEAM;2025-06-30 17:13:00.0000000;12.936506
BN_CONTROL.I5BEAM;2025-06-30 17:13:01.0000000;12.932496
BN_CONTROL.I5BEAM;2025-06-30 17:13:02.0000000;12.925478
BN_CONTROL.I5BEAM;2025-06-30 17:13:03.0000000;12.927316
BN_CONTROL.I5BEAM;2025-06-30 17:13:04.0000000;12.914783
BN_CONTROL.I5BEAM;2025-06-30 17:13:05.0000000;12.910438
BN_CONTROL.I5BEAM;2025-06-30 17:13:06.0000000;12.910438
BN_CONTROL.I5BEAM;2025-06-30 17:13:07.0000000;12.907932
BN_CONTROL.I5BEAM;2025-06-30 17:13:08.0000000;12.896402
BN_CONTROL.I5BEAM;2025-06-30 17:13:09.0000000;12.893895
BN_CONTROL.I5BEAM;2025-06-30 17:13:10.0000000;12.896068
BN_CONTROL.I5BEAM;2025-06-30 17:13:11.0000000;12.889049
BN_CONTROL.I5BEAM;2025-06-30 17:13:12.0000000;12.885874
BN_CONTROL.I5BEAM;2025-06-30 17:13:13.0000000;12.878188
BN_CONTROL.I5BEAM;2025-06-30 17:13:14.0000000;12.873008
BN_CONTROL.I5BEAM;2025-06-30 17:13:15.0000000;12.868997
BN_CONTROL.I5BEAM;2025-06-30 17:13:16.0000000;12.869164
BN_CONTROL.I5BEAM;2025-06-30 17:13:17.0000000;12.864653
BN_CONTROL.I5BEAM;2025-06-30 17:13:18.0000000;12.860475
BN_CONTROL.I5BEAM;2025-06-30 17:13:19.0000000;12.850616
BN_CONTROL.I5BEAM;2025-06-30 17:13:20.0000000;12.848611
BN_CONTROL.I5BEAM;2025-06-30 17:13:21.0000000;12.847608
BN_CONTROL.I5BEAM;2025-06-30 17:13:22.0000000;12.841425
BN_CONTROL.I5BEAM;2025-06-30 17:13:23.0000000;12.83942
BN_CONTROL.I5BEAM;2025-06-30 17:13:24.0000000;12.829895
BN_CONTROL.I5BEAM;2025-06-30 17:13:25.0000000;12.829561
BN_CONTROL.I5BEAM;2025-06-30 17:13:26.0000000;12.831065
BN_CONTROL.I5BEAM;2025-06-30 17:13:27.0000000;12.818365
BN_CONTROL.I5BEAM;2025-06-30 17:13:28.0000000;12.819034
BN_CONTROL.I5BEAM;2025-06-30 17:13:29.0000000;12.818532
BN_CONTROL.I5BEAM;2025-06-30 17:13:30.0000000;12.816193
BN_CONTROL.I5BEAM;2025-06-30 17:13:31.0000000;12.808339
BN_CONTROL.I5BEAM;2025-06-30 17:13:32.0000000;12.803828
BN_CONTROL.I5BEAM;2025-06-30 17:13:33.0000000;12.799149
BN_CONTROL.I5BEAM;2025-06-30 17:13:34.0000000;12.796308
BN_CONTROL.I5BEAM;2025-06-30 17:13:35.0000000;12.789958
BN_CONTROL.I5BEAM;2025-06-30 17:13:36.0000000;12.784277
BN_CONTROL.I5BEAM;2025-06-30 17:13:37.0000000;12.785279
BN_CONTROL.I5BEAM;2025-06-30 17:13:38.0000000;12.77776
BN_CONTROL.I5BEAM;2025-06-30 17:13:39.0000000;12.769572
BN_CONTROL.I5BEAM;2025-06-30 17:13:40.0000000;12.766063
BN_CONTROL.I5BEAM;2025-06-30 17:13:41.0000000;12.763222
BN_CONTROL.I5BEAM;2025-06-30 17:13:42.0000000;12.758042
BN_CONTROL.I5BEAM;2025-06-30 17:13:43.0000000;12.756036
BN_CONTROL.I5BEAM;2025-06-30 17:13:44.0000000;12.747681
BN_CONTROL.I5BEAM;2025-06-30 17:13:45.0000000;12.749687
BN_CONTROL.I5BEAM;2025-06-30 17:13:46.0000000;12.738658
BN_CONTROL.I5BEAM;2025-06-30 17:13:47.0000000;12.740329
BN_CONTROL.I5BEAM;2025-06-30 17:13:48.0000000;12.734146
BN_CONTROL.I5BEAM;2025-06-30 17:13:49.0000000;12.734313
BN_CONTROL.I5BEAM;2025-06-30 17:13:50.0000000;12.727295
BN_CONTROL.I5BEAM;2025-06-30 17:13:51.0000000;12.72011
BN_CONTROL.I5BEAM;2025-06-30 17:13:52.0000000;12.715598
BN_CONTROL.I5BEAM;2025-06-30 17:13:53.0000000;12.710919
BN_CONTROL.I5BEAM;2025-06-30 17:13:54.0000000;12.702564
BN_CONTROL.I5BEAM;2025-06-30 17:13:55.0000000;12.701227
BN_CONTROL.I5BEAM;2025-06-30 17:13:56.0000000;12.703734
BN_CONTROL.I5BEAM;2025-06-30 17:13:57.0000000;12.694376
BN_CONTROL.I5BEAM;2025-06-30 17:13:58.0000000;12.694877
BN_CONTROL.I5BEAM;2025-06-30 17:13:59.0000000;12.691535
BN_CONTROL.I5BEAM;2025-06-30 17:14:00.0000000;12.686689
BN_CONTROL.I5BEAM;2025-06-30 17:14:01.0000000;12.681676
BN_CONTROL.I5BEAM;2025-06-30 17:14:02.0000000;12.674992
BN_CONTROL.I5BEAM;2025-06-30 17:14:03.0000000;12.670648
BN_CONTROL.I5BEAM;2025-06-30 17:14:04.0000000;12.665635
BN_CONTROL.I5BEAM;2025-06-30 17:14:05.0000000;12.665635
BN_CONTROL.I5BEAM;2025-06-30 17:14:06.0000000;12.65895
BN_CONTROL.I5BEAM;2025-06-30 17:14:07.0000000;12.651765
BN_CONTROL.I5BEAM;2025-06-30 17:14:08.0000000;12.648757
BN_CONTROL.I5BEAM;2025-06-30 17:14:09.0000000;12.643243
BN_CONTROL.I5BEAM;2025-06-30 17:14:10.0000000;12.641238
BN_CONTROL.I5BEAM;2025-06-30 17:14:11.0000000;12.636058
BN_CONTROL.I5BEAM;2025-06-30 17:14:12.0000000;12.63071
BN_CONTROL.I5BEAM;2025-06-30 17:14:13.0000000;12.629206
BN_CONTROL.I5BEAM;2025-06-30 17:14:14.0000000;12.624528
BN_CONTROL.I5BEAM;2025-06-30 17:14:15.0000000;12.619849
BN_CONTROL.I5BEAM;2025-06-30 17:14:16.0000000;12.616172
BN_CONTROL.I5BEAM;2025-06-30 17:14:17.0000000;12.610157
BN_CONTROL.I5BEAM;2025-06-30 17:14:18.0000000;12.602303
BN_CONTROL.I5BEAM;2025-06-30 17:14:19.0000000;12.596622
BN_CONTROL.I5BEAM;2025-06-30 17:14:20.0000000;12.591441
BN_CONTROL.I5BEAM;2025-06-30 17:14:21.0000000;12.592277
BN_CONTROL.I5BEAM;2025-06-30 17:14:22.0000000;12.585259
BN_CONTROL.I5BEAM;2025-06-30 17:14:23.0000000;12.584256
BN_CONTROL.I5BEAM;2025-06-30 17:14:24.0000000;12.576904
BN_CONTROL.I5BEAM;2025-06-30 17:14:25.0000000;12.57423
BN_CONTROL.I5BEAM;2025-06-30 17:14:26.0000000;12.565708
BN_CONTROL.I5BEAM;2025-06-30 17:14:27.0000000;12.564872
BN_CONTROL.I5BEAM;2025-06-30 17:14:28.0000000;12.561363
BN_CONTROL.I5BEAM;2025-06-30 17:14:29.0000000;12.554679
BN_CONTROL.I5BEAM;2025-06-30 17:14:30.0000000;12.553008
BN_CONTROL.I5BEAM;2025-06-30 17:14:31.0000000;12.548162
BN_CONTROL.I5BEAM;2025-06-30 17:14:32.0000000;12.541645
BN_CONTROL.I5BEAM;2025-06-30 17:14:33.0000000;12.534627
BN_CONTROL.I5BEAM;2025-06-30 17:14:34.0000000;12.533624
BN_CONTROL.I5BEAM;2025-06-30 17:14:35.0000000;12.522596
BN_CONTROL.I5BEAM;2025-06-30 17:14:36.0000000;12.520757
BN_CONTROL.I5BEAM;2025-06-30 17:14:37.0000000;12.523431
BN_CONTROL.I5BEAM;2025-06-30 17:14:38.0000000;12.507055
BN_CONTROL.I5BEAM;2025-06-30 17:14:39.0000000;12.504047
BN_CONTROL.I5BEAM;2025-06-30 17:14:40.0000000;12.498032
BN_CONTROL.I5BEAM;2025-06-30 17:14:41.0000000;12.494857
BN_CONTROL.I5BEAM;2025-06-30 17:14:42.0000000;12.490178
BN_CONTROL.I5BEAM;2025-06-30 17:14:43.0000000;12.484162
BN_CONTROL.I5BEAM;2025-06-30 17:14:44.0000000;12.479985
BN_CONTROL.I5BEAM;2025-06-30 17:14:45.0000000;12.479985
BN_CONTROL.I5BEAM;2025-06-30 17:14:46.0000000;12.473969
BN_CONTROL.I5BEAM;2025-06-30 17:14:47.0000000;12.467118
BN_CONTROL.I5BEAM;2025-06-30 17:14:48.0000000;12.463776
BN_CONTROL.I5BEAM;2025-06-30 17:14:49.0000000;12.459264
BN_CONTROL.I5BEAM;2025-06-30 17:14:50.0000000;12.456757
BN_CONTROL.I5BEAM;2025-06-30 17:14:51.0000000;12.455588
BN_CONTROL.I5BEAM;2025-06-30 17:14:52.0000000;12.444058
BN_CONTROL.I5BEAM;2025-06-30 17:14:53.0000000;12.443389
BN_CONTROL.I5BEAM;2025-06-30 17:14:54.0000000;12.438878
BN_CONTROL.I5BEAM;2025-06-30 17:14:55.0000000;12.435368
BN_CONTROL.I5BEAM;2025-06-30 17:14:56.0000000;12.43069
BN_CONTROL.I5BEAM;2025-06-30 17:14:57.0000000;12.426846
BN_CONTROL.I5BEAM;2025-06-30 17:14:58.0000000;12.423337
BN_CONTROL.I5BEAM;2025-06-30 17:14:59.0000000;12.419327
BN_CONTROL.I5BEAM;2025-06-30 17:15:00.0000000;12.40763
BN_CONTROL.I5BEAM;2025-06-30 17:15:01.0000000;12.401781
BN_CONTROL.I5BEAM;2025-06-30 17:15:02.0000000;12.408465
BN_CONTROL.I5BEAM;2025-06-30 17:15:03.0000000;12.395264
BN_CONTROL.I5BEAM;2025-06-30 17:15:04.0000000;12.376215
BN_CONTROL.I5BEAM;2025-06-30 17:15:05.0000000;12.360173
BN_CONTROL.I5BEAM;2025-06-30 17:15:06.0000000;12.350147
BN_CONTROL.I5BEAM;2025-06-30 17:15:07.0000000;12.344131
BN_CONTROL.I5BEAM;2025-06-30 17:15:08.0000000;12.341457
BN_CONTROL.I5BEAM;2025-06-30 17:15:09.0000000;12.334105
BN_CONTROL.I5BEAM;2025-06-30 17:15:10.0000000;12.331933
BN_CONTROL.I5BEAM;2025-06-30 17:15:11.0000000;12.329593
BN_CONTROL.I5BEAM;2025-06-30 17:15:12.0000000;12.324413
BN_CONTROL.I5BEAM;2025-06-30 17:15:13.0000000;12.322575
BN_CONTROL.I5BEAM;2025-06-30 17:15:14.0000000;12.317562
BN_CONTROL.I5BEAM;2025-06-30 17:15:15.0000000;12.310878
BN_CONTROL.I5BEAM;2025-06-30 17:15:16.0000000;12.308204
BN_CONTROL.I5BEAM;2025-06-30 17:15:17.0000000;12.308204
BN_CONTROL.I5BEAM;2025-06-30 17:15:18.0000000;12.299014
BN_CONTROL.I5BEAM;2025-06-30 17:15:19.0000000;12.268768
BN_CONTROL.I5BEAM;2025-06-30 17:15:20.0000000;12.264424
BN_CONTROL.I5BEAM;2025-06-30 17:15:21.0000000;12.261081
BN_CONTROL.I5BEAM;2025-06-30 17:15:22.0000000;12.254397
BN_CONTROL.I5BEAM;2025-06-30 17:15:23.0000000;12.248716
BN_CONTROL.I5BEAM;2025-06-30 17:15:24.0000000;12.248716
BN_CONTROL.I5BEAM;2025-06-30 17:15:25.0000000;12.25139
BN_CONTROL.I5BEAM;2025-06-30 17:15:26.0000000;12.241865
BN_CONTROL.I5BEAM;2025-06-30 17:15:27.0000000;12.236016
BN_CONTROL.I5BEAM;2025-06-30 17:15:28.0000000;12.24504
BN_CONTROL.I5BEAM;2025-06-30 17:15:29.0000000;12.235348
BN_CONTROL.I5BEAM;2025-06-30 17:15:30.0000000;12.232006
BN_CONTROL.I5BEAM;2025-06-30 17:15:31.0000000;12.225656
BN_CONTROL.I5BEAM;2025-06-30 17:15:32.0000000;12.22081
BN_CONTROL.I5BEAM;2025-06-30 17:15:33.0000000;12.219473
BN_CONTROL.I5BEAM;2025-06-30 17:15:34.0000000;12.213625
BN_CONTROL.I5BEAM;2025-06-30 17:15:35.0000000;12.211619
BN_CONTROL.I5BEAM;2025-06-30 17:15:36.0000000;12.199922
BN_CONTROL.I5BEAM;2025-06-30 17:15:37.0000000;12.199922
BN_CONTROL.I5BEAM;2025-06-30 17:15:38.0000000;12.200758
BN_CONTROL.I5BEAM;2025-06-30 17:15:39.0000000;12.193405
BN_CONTROL.I5BEAM;2025-06-30 17:15:40.0000000;12.185886
BN_CONTROL.I5BEAM;2025-06-30 17:15:41.0000000;12.185886
BN_CONTROL.I5BEAM;2025-06-30 17:15:42.0000000;12.18505
BN_CONTROL.I5BEAM;2025-06-30 17:15:43.0000000;12.179202
BN_CONTROL.I5BEAM;2025-06-30 17:15:44.0000000;12.173687
BN_CONTROL.I5BEAM;2025-06-30 17:15:45.0000000;12.170512
BN_CONTROL.I5BEAM;2025-06-30 17:15:46.0000000;12.165666
BN_CONTROL.I5BEAM;2025-06-30 17:15:47.0000000;12.168674
BN_CONTROL.I5BEAM;2025-06-30 17:15:48.0000000;12.157478
BN_CONTROL.I5BEAM;2025-06-30 17:15:49.0000000;12.159149
BN_CONTROL.I5BEAM;2025-06-30 17:15:50.0000000;12.146951
BN_CONTROL.I5BEAM;2025-06-30 17:15:51.0000000;12.146951
BN_CONTROL.I5BEAM;2025-06-30 17:15:52.0000000;12.14645
BN_CONTROL.I5BEAM;2025-06-30 17:15:53.0000000;12.142941
BN_CONTROL.I5BEAM;2025-06-30 17:15:54.0000000;12.139097
BN_CONTROL.I5BEAM;2025-06-30 17:15:55.0000000;12.136758
BN_CONTROL.I5BEAM;2025-06-30 17:15:56.0000000;12.130575
BN_CONTROL.I5BEAM;2025-06-30 17:15:57.0000000;12.12623
BN_CONTROL.I5BEAM;2025-06-30 17:15:58.0000000;12.12339
BN_CONTROL.I5BEAM;2025-06-30 17:15:59.0000000;12.109855
BN_CONTROL.I5BEAM;2025-06-30 17:16:00.0000000;12.110189
BN_CONTROL.I5BEAM;2025-06-30 17:16:01.0000000;12.105176
BN_CONTROL.I5BEAM;2025-06-30 17:16:02.0000000;12.10033
BN_CONTROL.I5BEAM;2025-06-30 17:16:03.0000000;12.103003
BN_CONTROL.I5BEAM;2025-06-30 17:16:04.0000000;12.095818
BN_CONTROL.I5BEAM;2025-06-30 17:16:05.0000000;12.097656
BN_CONTROL.I5BEAM;2025-06-30 17:16:06.0000000;12.085792
BN_CONTROL.I5BEAM;2025-06-30 17:16:07.0000000;12.08646
BN_CONTROL.I5BEAM;2025-06-30 17:16:08.0000000;12.080946
BN_CONTROL.I5BEAM;2025-06-30 17:16:09.0000000;12.075097
BN_CONTROL.I5BEAM;2025-06-30 17:16:10.0000000;12.072758
BN_CONTROL.I5BEAM;2025-06-30 17:16:11.0000000;12.066241
BN_CONTROL.I5BEAM;2025-06-30 17:16:12.0000000;12.069082
BN_CONTROL.I5BEAM;2025-06-30 17:16:13.0000000;12.064069
BN_CONTROL.I5BEAM;2025-06-30 17:16:14.0000000;12.066074
BN_CONTROL.I5BEAM;2025-06-30 17:16:15.0000000;12.061562
BN_CONTROL.I5BEAM;2025-06-30 17:16:16.0000000;12.05705
BN_CONTROL.I5BEAM;2025-06-30 17:16:17.0000000;12.047024
BN_CONTROL.I5BEAM;2025-06-30 17:16:18.0000000;12.048695
BN_CONTROL.I5BEAM;2025-06-30 17:16:19.0000000;12.042345
BN_CONTROL.I5BEAM;2025-06-30 17:16:20.0000000;12.039171
BN_CONTROL.I5BEAM;2025-06-30 17:16:21.0000000;12.038001
BN_CONTROL.I5BEAM;2025-06-30 17:16:22.0000000;12.030815
BN_CONTROL.I5BEAM;2025-06-30 17:16:23.0000000;12.032486
BN_CONTROL.I5BEAM;2025-06-30 17:16:24.0000000;12.025301
BN_CONTROL.I5BEAM;2025-06-30 17:16:25.0000000;12.025802
BN_CONTROL.I5BEAM;2025-06-30 17:16:26.0000000;12.019118
BN_CONTROL.I5BEAM;2025-06-30 17:16:27.0000000;12.016612
BN_CONTROL.I5BEAM;2025-06-30 17:16:28.0000000;12.014941
BN_CONTROL.I5BEAM;2025-06-30 17:16:29.0000000;12.014439
BN_CONTROL.I5BEAM;2025-06-30 17:16:30.0000000;12.00575
BN_CONTROL.I5BEAM;2025-06-30 17:16:31.0000000;12.001907
BN_CONTROL.I5BEAM;2025-06-30 17:16:32.0000000;11.997729
BN_CONTROL.I5BEAM;2025-06-30 17:16:33.0000000;11.997896
BN_CONTROL.I5BEAM;2025-06-30 17:16:34.0000000;11.995557
BN_CONTROL.I5BEAM;2025-06-30 17:16:35.0000000;11.990377
BN_CONTROL.I5BEAM;2025-06-30 17:16:36.0000000;11.990043
BN_CONTROL.I5BEAM;2025-06-30 17:16:37.0000000;11.984361
BN_CONTROL.I5BEAM;2025-06-30 17:16:38.0000000;11.984528
BN_CONTROL.I5BEAM;2025-06-30 17:16:39.0000000;11.984528
BN_CONTROL.I5BEAM;2025-06-30 17:16:40.0000000;11.979682
BN_CONTROL.I5BEAM;2025-06-30 17:16:41.0000000;11.975171
BN_CONTROL.I5BEAM;2025-06-30 17:16:42.0000000;11.97116
BN_CONTROL.I5BEAM;2025-06-30 17:16:43.0000000;11.968152
BN_CONTROL.I5BEAM;2025-06-30 17:16:44.0000000;11.965145
BN_CONTROL.I5BEAM;2025-06-30 17:16:45.0000000;11.963808
BN_CONTROL.I5BEAM;2025-06-30 17:16:46.0000000;11.961802
BN_CONTROL.I5BEAM;2025-06-30 17:16:47.0000000;11.956622
BN_CONTROL.I5BEAM;2025-06-30 17:16:48.0000000;11.948267
BN_CONTROL.I5BEAM;2025-06-30 17:16:49.0000000;11.948601
BN_CONTROL.I5BEAM;2025-06-30 17:16:50.0000000;11.945427
BN_CONTROL.I5BEAM;2025-06-30 17:16:51.0000000;11.943421
BN_CONTROL.I5BEAM;2025-06-30 17:16:52.0000000;11.942252
BN_CONTROL.I5BEAM;2025-06-30 17:16:53.0000000;11.939077
BN_CONTROL.I5BEAM;2025-06-30 17:16:54.0000000;11.933562
BN_CONTROL.I5BEAM;2025-06-30 17:16:55.0000000;11.92738
BN_CONTROL.I5BEAM;2025-06-30 17:16:56.0000000;11.922199
BN_CONTROL.I5BEAM;2025-06-30 17:16:57.0000000;11.920863
BN_CONTROL.I5BEAM;2025-06-30 17:16:58.0000000;11.915682
BN_CONTROL.I5BEAM;2025-06-30 17:16:59.0000000;11.917353
BN_CONTROL.I5BEAM;2025-06-30 17:17:00.0000000;11.917353
BN_CONTROL.I5BEAM;2025-06-30 17:17:01.0000000;11.909667
BN_CONTROL.I5BEAM;2025-06-30 17:17:02.0000000;11.911505
BN_CONTROL.I5BEAM;2025-06-30 17:17:03.0000000;11.895463
BN_CONTROL.I5BEAM;2025-06-30 17:17:04.0000000;11.89797
BN_CONTROL.I5BEAM;2025-06-30 17:17:05.0000000;11.895964
BN_CONTROL.I5BEAM;2025-06-30 17:17:06.0000000;11.895964
BN_CONTROL.I5BEAM;2025-06-30 17:17:07.0000000;11.894628
BN_CONTROL.I5BEAM;2025-06-30 17:17:08.0000000;11.886105
BN_CONTROL.I5BEAM;2025-06-30 17:17:09.0000000;11.883265
BN_CONTROL.I5BEAM;2025-06-30 17:17:10.0000000;11.878252
BN_CONTROL.I5BEAM;2025-06-30 17:17:11.0000000;11.878252
BN_CONTROL.I5BEAM;2025-06-30 17:17:12.0000000;11.875244
BN_CONTROL.I5BEAM;2025-06-30 17:17:13.0000000;11.874408
BN_CONTROL.I5BEAM;2025-06-30 17:17:14.0000000;11.86104
BN_CONTROL.I5BEAM;2025-06-30 17:17:15.0000000;11.863045
BN_CONTROL.I5BEAM;2025-06-30 17:17:16.0000000;11.854022
BN_CONTROL.I5BEAM;2025-06-30 17:17:17.0000000;11.851014
BN_CONTROL.I5BEAM;2025-06-30 17:17:18.0000000;11.852351
BN_CONTROL.I5BEAM;2025-06-30 17:17:19.0000000;11.846335
BN_CONTROL.I5BEAM;2025-06-30 17:17:20.0000000;11.844831
BN_CONTROL.I5BEAM;2025-06-30 17:17:21.0000000;11.841824
BN_CONTROL.I5BEAM;2025-06-30 17:17:22.0000000;11.840654
BN_CONTROL.I5BEAM;2025-06-30 17:17:23.0000000;11.833134
BN_CONTROL.I5BEAM;2025-06-30 17:17:24.0000000;11.833468
BN_CONTROL.I5BEAM;2025-06-30 17:17:25.0000000;11.829959
BN_CONTROL.I5BEAM;2025-06-30 17:17:26.0000000;11.82244
BN_CONTROL.I5BEAM;2025-06-30 17:17:27.0000000;11.826283
BN_CONTROL.I5BEAM;2025-06-30 17:17:28.0000000;11.810743
BN_CONTROL.I5BEAM;2025-06-30 17:17:29.0000000;11.812414
BN_CONTROL.I5BEAM;2025-06-30 17:17:30.0000000;11.81375
BN_CONTROL.I5BEAM;2025-06-30 17:17:31.0000000;11.80339
BN_CONTROL.I5BEAM;2025-06-30 17:17:32.0000000;11.808737
BN_CONTROL.I5BEAM;2025-06-30 17:17:33.0000000;11.802053
BN_CONTROL.I5BEAM;2025-06-30 17:17:34.0000000;11.800717
BN_CONTROL.I5BEAM;2025-06-30 17:17:35.0000000;11.796038
BN_CONTROL.I5BEAM;2025-06-30 17:17:36.0000000;11.790523
BN_CONTROL.I5BEAM;2025-06-30 17:17:37.0000000;11.788351
BN_CONTROL.I5BEAM;2025-06-30 17:17:38.0000000;11.789855
BN_CONTROL.I5BEAM;2025-06-30 17:17:39.0000000;11.781834
BN_CONTROL.I5BEAM;2025-06-30 17:17:40.0000000;11.784842
BN_CONTROL.I5BEAM;2025-06-30 17:17:41.0000000;11.778659
BN_CONTROL.I5BEAM;2025-06-30 17:17:42.0000000;11.774816
BN_CONTROL.I5BEAM;2025-06-30 17:17:43.0000000;11.770638
BN_CONTROL.I5BEAM;2025-06-30 17:17:44.0000000;11.765291
BN_CONTROL.I5BEAM;2025-06-30 17:17:45.0000000;11.770638
BN_CONTROL.I5BEAM;2025-06-30 17:17:46.0000000;11.763286
BN_CONTROL.I5BEAM;2025-06-30 17:17:47.0000000;11.763286
BN_CONTROL.I5BEAM;2025-06-30 17:17:48.0000000;11.758941
BN_CONTROL.I5BEAM;2025-06-30 17:17:49.0000000;11.756435
BN_CONTROL.I5BEAM;2025-06-30 17:17:50.0000000;11.750586
BN_CONTROL.I5BEAM;2025-06-30 17:17:51.0000000;11.752591
BN_CONTROL.I5BEAM;2025-06-30 17:17:52.0000000;11.747411
BN_CONTROL.I5BEAM;2025-06-30 17:17:53.0000000;11.743401
BN_CONTROL.I5BEAM;2025-06-30 17:17:54.0000000;11.741897
BN_CONTROL.I5BEAM;2025-06-30 17:17:55.0000000;11.731704
BN_CONTROL.I5BEAM;2025-06-30 17:17:56.0000000;11.731704
BN_CONTROL.I5BEAM;2025-06-30 17:17:57.0000000;11.738555
BN_CONTROL.I5BEAM;2025-06-30 17:17:58.0000000;11.733709
BN_CONTROL.I5BEAM;2025-06-30 17:17:59.0000000;11.727359
BN_CONTROL.I5BEAM;2025-06-30 17:18:00.0000000;11.726691
BN_CONTROL.I5BEAM;2025-06-30 17:18:01.0000000;11.726523
BN_CONTROL.I5BEAM;2025-06-30 17:18:02.0000000;11.721343
BN_CONTROL.I5BEAM;2025-06-30 17:18:03.0000000;11.718168
BN_CONTROL.I5BEAM;2025-06-30 17:18:04.0000000;11.716664
BN_CONTROL.I5BEAM;2025-06-30 17:18:05.0000000;11.713322
BN_CONTROL.I5BEAM;2025-06-30 17:18:06.0000000;11.706471
BN_CONTROL.I5BEAM;2025-06-30 17:18:07.0000000;11.70363
BN_CONTROL.I5BEAM;2025-06-30 17:18:08.0000000;11.702294
BN_CONTROL.I5BEAM;2025-06-30 17:18:09.0000000;11.698617
BN_CONTROL.I5BEAM;2025-06-30 17:18:10.0000000;11.697949
BN_CONTROL.I5BEAM;2025-06-30 17:18:11.0000000;11.696946
BN_CONTROL.I5BEAM;2025-06-30 17:18:12.0000000;11.686586
BN_CONTROL.I5BEAM;2025-06-30 17:18:13.0000000;11.683411
BN_CONTROL.I5BEAM;2025-06-30 17:18:14.0000000;11.682409
BN_CONTROL.I5BEAM;2025-06-30 17:18:15.0000000;11.67255
BN_CONTROL.I5BEAM;2025-06-30 17:18:16.0000000;11.67255
BN_CONTROL.I5BEAM;2025-06-30 17:18:17.0000000;11.662691
BN_CONTROL.I5BEAM;2025-06-30 17:18:18.0000000;11.660184
BN_CONTROL.I5BEAM;2025-06-30 17:18:19.0000000;11.657176
BN_CONTROL.I5BEAM;2025-06-30 17:18:20.0000000;11.651996
BN_CONTROL.I5BEAM;2025-06-30 17:18:21.0000000;11.652664
BN_CONTROL.I5BEAM;2025-06-30 17:18:22.0000000;11.647317
BN_CONTROL.I5BEAM;2025-06-30 17:18:23.0000000;11.647317
BN_CONTROL.I5BEAM;2025-06-30 17:18:24.0000000;11.636456
BN_CONTROL.I5BEAM;2025-06-30 17:18:25.0000000;11.636957
BN_CONTROL.I5BEAM;2025-06-30 17:18:26.0000000;11.635954
BN_CONTROL.I5BEAM;2025-06-30 17:18:27.0000000;11.629939
BN_CONTROL.I5BEAM;2025-06-30 17:18:28.0000000;11.62292
BN_CONTROL.I5BEAM;2025-06-30 17:18:29.0000000;11.619913
BN_CONTROL.I5BEAM;2025-06-30 17:18:30.0000000;11.604873
BN_CONTROL.I5BEAM;2025-06-30 17:18:31.0000000;11.61139
BN_CONTROL.I5BEAM;2025-06-30 17:18:32.0000000;11.605375
BN_CONTROL.I5BEAM;2025-06-30 17:18:33.0000000;11.59702
BN_CONTROL.I5BEAM;2025-06-30 17:18:34.0000000;11.595683
BN_CONTROL.I5BEAM;2025-06-30 17:18:35.0000000;11.586158
BN_CONTROL.I5BEAM;2025-06-30 17:18:36.0000000;11.579808
BN_CONTROL.I5BEAM;2025-06-30 17:18:37.0000000;11.578304
BN_CONTROL.I5BEAM;2025-06-30 17:18:38.0000000;11.576132
BN_CONTROL.I5BEAM;2025-06-30 17:18:39.0000000;11.567108
BN_CONTROL.I5BEAM;2025-06-30 17:18:40.0000000;11.567777
BN_CONTROL.I5BEAM;2025-06-30 17:18:41.0000000;11.561427
BN_CONTROL.I5BEAM;2025-06-30 17:18:42.0000000;11.553072
BN_CONTROL.I5BEAM;2025-06-30 17:18:43.0000000;11.552738
BN_CONTROL.I5BEAM;2025-06-30 17:18:44.0000000;11.547223
BN_CONTROL.I5BEAM;2025-06-30 17:18:45.0000000;11.541041
BN_CONTROL.I5BEAM;2025-06-30 17:18:46.0000000;11.531683
BN_CONTROL.I5BEAM;2025-06-30 17:18:47.0000000;11.534022
BN_CONTROL.I5BEAM;2025-06-30 17:18:48.0000000;11.525667
BN_CONTROL.I5BEAM;2025-06-30 17:18:49.0000000;11.526169
BN_CONTROL.I5BEAM;2025-06-30 17:18:50.0000000;11.523495
BN_CONTROL.I5BEAM;2025-06-30 17:18:51.0000000;11.516142
BN_CONTROL.I5BEAM;2025-06-30 17:18:52.0000000;11.507286
BN_CONTROL.I5BEAM;2025-06-30 17:18:53.0000000;11.507954
BN_CONTROL.I5BEAM;2025-06-30 17:18:54.0000000;11.50361
BN_CONTROL.I5BEAM;2025-06-30 17:18:55.0000000;11.495255
BN_CONTROL.I5BEAM;2025-06-30 17:18:56.0000000;11.491913
BN_CONTROL.I5BEAM;2025-06-30 17:18:57.0000000;11.484894
BN_CONTROL.I5BEAM;2025-06-30 17:18:58.0000000;11.480049
BN_CONTROL.I5BEAM;2025-06-30 17:18:59.0000000;11.481385
BN_CONTROL.I5BEAM;2025-06-30 17:19:00.0000000;11.476372
BN_CONTROL.I5BEAM;2025-06-30 17:19:01.0000000;11.476706
BN_CONTROL.I5BEAM;2025-06-30 17:19:02.0000000;11.467516
BN_CONTROL.I5BEAM;2025-06-30 17:19:03.0000000;11.459328
BN_CONTROL.I5BEAM;2025-06-30 17:19:04.0000000;11.457824
BN_CONTROL.I5BEAM;2025-06-30 17:19:05.0000000;11.453145
BN_CONTROL.I5BEAM;2025-06-30 17:19:06.0000000;11.447464
BN_CONTROL.I5BEAM;2025-06-30 17:19:07.0000000;11.440947
BN_CONTROL.I5BEAM;2025-06-30 17:19:08.0000000;11.431088
BN_CONTROL.I5BEAM;2025-06-30 17:19:09.0000000;11.434263
BN_CONTROL.I5BEAM;2025-06-30 17:19:10.0000000;11.427579
BN_CONTROL.I5BEAM;2025-06-30 17:19:11.0000000;11.425239
BN_CONTROL.I5BEAM;2025-06-30 17:19:12.0000000;11.420226
BN_CONTROL.I5BEAM;2025-06-30 17:19:13.0000000;11.415547
BN_CONTROL.I5BEAM;2025-06-30 17:19:14.0000000;11.415547
BN_CONTROL.I5BEAM;2025-06-30 17:19:15.0000000;11.412038
BN_CONTROL.I5BEAM;2025-06-30 17:19:16.0000000;11.406357
BN_CONTROL.I5BEAM;2025-06-30 17:19:17.0000000;11.400341
BN_CONTROL.I5BEAM;2025-06-30 17:19:18.0000000;11.389647
BN_CONTROL.I5BEAM;2025-06-30 17:19:19.0000000;11.388477
BN_CONTROL.I5BEAM;2025-06-30 17:19:20.0000000;11.388644
BN_CONTROL.I5BEAM;2025-06-30 17:19:21.0000000;11.383965
BN_CONTROL.I5BEAM;2025-06-30 17:19:22.0000000;11.377949
BN_CONTROL.I5BEAM;2025-06-30 17:19:23.0000000;11.371934
BN_CONTROL.I5BEAM;2025-06-30 17:19:24.0000000;11.371934
BN_CONTROL.I5BEAM;2025-06-30 17:19:25.0000000;11.366419
BN_CONTROL.I5BEAM;2025-06-30 17:19:26.0000000;11.361573
BN_CONTROL.I5BEAM;2025-06-30 17:19:27.0000000;11.35255
BN_CONTROL.I5BEAM;2025-06-30 17:19:28.0000000;11.351882
BN_CONTROL.I5BEAM;2025-06-30 17:19:29.0000000;11.346033
BN_CONTROL.I5BEAM;2025-06-30 17:19:30.0000000;11.345532
BN_CONTROL.I5BEAM;2025-06-30 17:19:31.0000000;11.335339
BN_CONTROL.I5BEAM;2025-06-30 17:19:32.0000000;11.338179
BN_CONTROL.I5BEAM;2025-06-30 17:19:33.0000000;11.331996
BN_CONTROL.I5BEAM;2025-06-30 17:19:34.0000000;11.322806
BN_CONTROL.I5BEAM;2025-06-30 17:19:35.0000000;11.320801
BN_CONTROL.I5BEAM;2025-06-30 17:19:36.0000000;11.311109
BN_CONTROL.I5BEAM;2025-06-30 17:19:37.0000000;11.310607
BN_CONTROL.I5BEAM;2025-06-30 17:19:38.0000000;11.305762
BN_CONTROL.I5BEAM;2025-06-30 17:19:39.0000000;11.299579
BN_CONTROL.I5BEAM;2025-06-30 17:19:40.0000000;11.292895
BN_CONTROL.I5BEAM;2025-06-30 17:19:41.0000000;11.295067
BN_CONTROL.I5BEAM;2025-06-30 17:19:42.0000000;11.286211
BN_CONTROL.I5BEAM;2025-06-30 17:19:43.0000000;11.280863
BN_CONTROL.I5BEAM;2025-06-30 17:19:44.0000000;11.280863
BN_CONTROL.I5BEAM;2025-06-30 17:19:45.0000000;11.27184
BN_CONTROL.I5BEAM;2025-06-30 17:19:46.0000000;11.27184
BN_CONTROL.I5BEAM;2025-06-30 17:19:47.0000000;11.265323
BN_CONTROL.I5BEAM;2025-06-30 17:19:48.0000000;11.259809
BN_CONTROL.I5BEAM;2025-06-30 17:19:49.0000000;11.253292
BN_CONTROL.I5BEAM;2025-06-30 17:19:50.0000000;11.251286
BN_CONTROL.I5BEAM;2025-06-30 17:19:51.0000000;11.243433
BN_CONTROL.I5BEAM;2025-06-30 17:19:52.0000000;11.240425
BN_CONTROL.I5BEAM;2025-06-30 17:19:53.0000000;11.23491
BN_CONTROL.I5BEAM;2025-06-30 17:19:54.0000000;11.233239
BN_CONTROL.I5BEAM;2025-06-30 17:19:55.0000000;11.224383
BN_CONTROL.I5BEAM;2025-06-30 17:19:56.0000000;11.223213
BN_CONTROL.I5BEAM;2025-06-30 17:19:57.0000000;11.220373
BN_CONTROL.I5BEAM;2025-06-30 17:19:58.0000000;11.212853
BN_CONTROL.I5BEAM;2025-06-30 17:19:59.0000000;11.205835
BN_CONTROL.I5BEAM;2025-06-30 17:20:00.0000000;11.207172
BN_CONTROL.I5BEAM;2025-06-30 17:20:01.0000000;11.20149
BN_CONTROL.I5BEAM;2025-06-30 17:20:02.0000000;11.194806
BN_CONTROL.I5BEAM;2025-06-30 17:20:03.0000000;11.1923
BN_CONTROL.I5BEAM;2025-06-30 17:20:04.0000000;11.190628
BN_CONTROL.I5BEAM;2025-06-30 17:20:05.0000000;11.185783
BN_CONTROL.I5BEAM;2025-06-30 17:20:06.0000000;11.184446
BN_CONTROL.I5BEAM;2025-06-30 17:20:07.0000000;11.1796
BN_CONTROL.I5BEAM;2025-06-30 17:20:08.0000000;11.172749
BN_CONTROL.I5BEAM;2025-06-30 17:20:09.0000000;11.170743
BN_CONTROL.I5BEAM;2025-06-30 17:20:10.0000000;11.161219
BN_CONTROL.I5BEAM;2025-06-30 17:20:11.0000000;11.160216
BN_CONTROL.I5BEAM;2025-06-30 17:20:12.0000000;11.151193
BN_CONTROL.I5BEAM;2025-06-30 17:20:13.0000000;11.146681
BN_CONTROL.I5BEAM;2025-06-30 17:20:14.0000000;11.145344
BN_CONTROL.I5BEAM;2025-06-30 17:20:15.0000000;11.145344
BN_CONTROL.I5BEAM;2025-06-30 17:20:16.0000000;11.141334
BN_CONTROL.I5BEAM;2025-06-30 17:20:17.0000000;11.139495
BN_CONTROL.I5BEAM;2025-06-30 17:20:18.0000000;11.131475
BN_CONTROL.I5BEAM;2025-06-30 17:20:19.0000000;11.127297
BN_CONTROL.I5BEAM;2025-06-30 17:20:20.0000000;11.121114
BN_CONTROL.I5BEAM;2025-06-30 17:20:21.0000000;11.114764
BN_CONTROL.I5BEAM;2025-06-30 17:20:22.0000000;11.11443
BN_CONTROL.I5BEAM;2025-06-30 17:20:23.0000000;11.109083
BN_CONTROL.I5BEAM;2025-06-30 17:20:24.0000000;11.111422
BN_CONTROL.I5BEAM;2025-06-30 17:20:25.0000000;11.103569
BN_CONTROL.I5BEAM;2025-06-30 17:20:26.0000000;11.100227
BN_CONTROL.I5BEAM;2025-06-30 17:20:27.0000000;11.097887
BN_CONTROL.I5BEAM;2025-06-30 17:20:28.0000000;11.09772
BN_CONTROL.I5BEAM;2025-06-30 17:20:29.0000000;11.09772
BN_CONTROL.I5BEAM;2025-06-30 17:20:30.0000000;11.099224
BN_CONTROL.I5BEAM;2025-06-30 17:20:31.0000000;11.089699
BN_CONTROL.I5BEAM;2025-06-30 17:20:32.0000000;11.088195
BN_CONTROL.I5BEAM;2025-06-30 17:20:33.0000000;11.085187
BN_CONTROL.I5BEAM;2025-06-30 17:20:34.0000000;11.078002
BN_CONTROL.I5BEAM;2025-06-30 17:20:35.0000000;11.076164
BN_CONTROL.I5BEAM;2025-06-30 17:20:36.0000000;11.071819
BN_CONTROL.I5BEAM;2025-06-30 17:20:37.0000000;11.074326
BN_CONTROL.I5BEAM;2025-06-30 17:20:38.0000000;11.066472
BN_CONTROL.I5BEAM;2025-06-30 17:20:39.0000000;11.059955
BN_CONTROL.I5BEAM;2025-06-30 17:20:40.0000000;11.058451
BN_CONTROL.I5BEAM;2025-06-30 17:20:41.0000000;11.052937
BN_CONTROL.I5BEAM;2025-06-30 17:20:42.0000000;11.04642
BN_CONTROL.I5BEAM;2025-06-30 17:20:43.0000000;11.043913
BN_CONTROL.I5BEAM;2025-06-30 17:20:44.0000000;11.040237
BN_CONTROL.I5BEAM;2025-06-30 17:20:45.0000000;11.028707
BN_CONTROL.I5BEAM;2025-06-30 17:20:46.0000000;11.030879
BN_CONTROL.I5BEAM;2025-06-30 17:20:47.0000000;11.031548
BN_CONTROL.I5BEAM;2025-06-30 17:20:48.0000000;11.031548
BN_CONTROL.I5BEAM;2025-06-30 17:20:49.0000000;11.025699
BN_CONTROL.I5BEAM;2025-06-30 17:20:50.0000000;11.024028
BN_CONTROL.I5BEAM;2025-06-30 17:20:51.0000000;11.021856
BN_CONTROL.I5BEAM;2025-06-30 17:20:52.0000000;11.016843
BN_CONTROL.I5BEAM;2025-06-30 17:20:53.0000000;11.007485
BN_CONTROL.I5BEAM;2025-06-30 17:20:54.0000000;11.005814
BN_CONTROL.I5BEAM;2025-06-30 17:20:55.0000000;10.997626
BN_CONTROL.I5BEAM;2025-06-30 17:20:56.0000000;11.003308
BN_CONTROL.I5BEAM;2025-06-30 17:20:57.0000000;11.001804
BN_CONTROL.I5BEAM;2025-06-30 17:20:58.0000000;10.996958
BN_CONTROL.I5BEAM;2025-06-30 17:20:59.0000000;10.994451
BN_CONTROL.I5BEAM;2025-06-30 17:21:00.0000000;10.989939
BN_CONTROL.I5BEAM;2025-06-30 17:21:01.0000000;10.983255
BN_CONTROL.I5BEAM;2025-06-30 17:21:02.0000000;10.978409
BN_CONTROL.I5BEAM;2025-06-30 17:21:03.0000000;10.982587
BN_CONTROL.I5BEAM;2025-06-30 17:21:04.0000000;10.968718
BN_CONTROL.I5BEAM;2025-06-30 17:21:05.0000000;10.969052
BN_CONTROL.I5BEAM;2025-06-30 17:21:06.0000000;10.961198
BN_CONTROL.I5BEAM;2025-06-30 17:21:07.0000000;10.964373
BN_CONTROL.I5BEAM;2025-06-30 17:21:08.0000000;10.957188
BN_CONTROL.I5BEAM;2025-06-30 17:21:09.0000000;10.95418
BN_CONTROL.I5BEAM;2025-06-30 17:21:10.0000000;10.946159
BN_CONTROL.I5BEAM;2025-06-30 17:21:11.0000000;10.947161
BN_CONTROL.I5BEAM;2025-06-30 17:21:12.0000000;10.946827
BN_CONTROL.I5BEAM;2025-06-30 17:21:13.0000000;10.939308
BN_CONTROL.I5BEAM;2025-06-30 17:21:14.0000000;10.935631
BN_CONTROL.I5BEAM;2025-06-30 17:21:15.0000000;10.929616
BN_CONTROL.I5BEAM;2025-06-30 17:21:16.0000000;10.935297
BN_CONTROL.I5BEAM;2025-06-30 17:21:17.0000000;10.925772
BN_CONTROL.I5BEAM;2025-06-30 17:21:18.0000000;10.922765
BN_CONTROL.I5BEAM;2025-06-30 17:21:19.0000000;10.913574
BN_CONTROL.I5BEAM;2025-06-30 17:21:20.0000000;10.913908
BN_CONTROL.I5BEAM;2025-06-30 17:21:21.0000000;10.909229
BN_CONTROL.I5BEAM;2025-06-30 17:21:22.0000000;10.910566
BN_CONTROL.I5BEAM;2025-06-30 17:21:23.0000000;10.908561
BN_CONTROL.I5BEAM;2025-06-30 17:21:24.0000000;10.89653
BN_CONTROL.I5BEAM;2025-06-30 17:21:25.0000000;10.899537
BN_CONTROL.I5BEAM;2025-06-30 17:21:26.0000000;10.898535
BN_CONTROL.I5BEAM;2025-06-30 17:21:27.0000000;10.888007
BN_CONTROL.I5BEAM;2025-06-30 17:21:28.0000000;10.883496
BN_CONTROL.I5BEAM;2025-06-30 17:21:29.0000000;10.882326
BN_CONTROL.I5BEAM;2025-06-30 17:21:30.0000000;10.873971
BN_CONTROL.I5BEAM;2025-06-30 17:21:31.0000000;10.874305
BN_CONTROL.I5BEAM;2025-06-30 17:21:32.0000000;10.870295
BN_CONTROL.I5BEAM;2025-06-30 17:21:33.0000000;10.863945
BN_CONTROL.I5BEAM;2025-06-30 17:21:34.0000000;10.864947
BN_CONTROL.I5BEAM;2025-06-30 17:21:35.0000000;10.855088
BN_CONTROL.I5BEAM;2025-06-30 17:21:36.0000000;10.855924
BN_CONTROL.I5BEAM;2025-06-30 17:21:37.0000000;10.851746
BN_CONTROL.I5BEAM;2025-06-30 17:21:38.0000000;10.843726
BN_CONTROL.I5BEAM;2025-06-30 17:21:39.0000000;10.844561
BN_CONTROL.I5BEAM;2025-06-30 17:21:40.0000000;10.838712
BN_CONTROL.I5BEAM;2025-06-30 17:21:41.0000000;10.835538
BN_CONTROL.I5BEAM;2025-06-30 17:21:42.0000000;10.838211
BN_CONTROL.I5BEAM;2025-06-30 17:21:43.0000000;10.829021
BN_CONTROL.I5BEAM;2025-06-30 17:21:44.0000000;10.822169
BN_CONTROL.I5BEAM;2025-06-30 17:21:45.0000000;10.822002
BN_CONTROL.I5BEAM;2025-06-30 17:21:46.0000000;10.81866
BN_CONTROL.I5BEAM;2025-06-30 17:21:47.0000000;10.81866
BN_CONTROL.I5BEAM;2025-06-30 17:21:48.0000000;10.815652
BN_CONTROL.I5BEAM;2025-06-30 17:21:49.0000000;10.808801
BN_CONTROL.I5BEAM;2025-06-30 17:21:50.0000000;10.811475
BN_CONTROL.I5BEAM;2025-06-30 17:21:51.0000000;10.805125
BN_CONTROL.I5BEAM;2025-06-30 17:21:52.0000000;10.802786
BN_CONTROL.I5BEAM;2025-06-30 17:21:53.0000000;10.795767
BN_CONTROL.I5BEAM;2025-06-30 17:21:54.0000000;10.802786
BN_CONTROL.I5BEAM;2025-06-30 17:21:55.0000000;10.788248
BN_CONTROL.I5BEAM;2025-06-30 17:21:56.0000000;10.782065
BN_CONTROL.I5BEAM;2025-06-30 17:21:57.0000000;10.777219
BN_CONTROL.I5BEAM;2025-06-30 17:21:58.0000000;10.776049
BN_CONTROL.I5BEAM;2025-06-30 17:21:59.0000000;10.766692
BN_CONTROL.I5BEAM;2025-06-30 17:22:00.0000000;10.764854
BN_CONTROL.I5BEAM;2025-06-30 17:22:01.0000000;10.761846
BN_CONTROL.I5BEAM;2025-06-30 17:22:02.0000000;10.753825
BN_CONTROL.I5BEAM;2025-06-30 17:22:03.0000000;10.753825
BN_CONTROL.I5BEAM;2025-06-30 17:22:04.0000000;10.752321
BN_CONTROL.I5BEAM;2025-06-30 17:22:05.0000000;10.744467
BN_CONTROL.I5BEAM;2025-06-30 17:22:06.0000000;10.740624
BN_CONTROL.I5BEAM;2025-06-30 17:22:07.0000000;10.73394
BN_CONTROL.I5BEAM;2025-06-30 17:22:08.0000000;10.732603
BN_CONTROL.I5BEAM;2025-06-30 17:22:09.0000000;10.731433
BN_CONTROL.I5BEAM;2025-06-30 17:22:10.0000000;10.721574
BN_CONTROL.I5BEAM;2025-06-30 17:22:11.0000000;10.71723
BN_CONTROL.I5BEAM;2025-06-30 17:22:12.0000000;10.717898
BN_CONTROL.I5BEAM;2025-06-30 17:22:13.0000000;10.715224
BN_CONTROL.I5BEAM;2025-06-30 17:22:14.0000000;10.708373
BN_CONTROL.I5BEAM;2025-06-30 17:22:15.0000000;10.707036
BN_CONTROL.I5BEAM;2025-06-30 17:22:16.0000000;10.702023
BN_CONTROL.I5BEAM;2025-06-30 17:22:17.0000000;10.69935
BN_CONTROL.I5BEAM;2025-06-30 17:22:18.0000000;10.698347
BN_CONTROL.I5BEAM;2025-06-30 17:22:19.0000000;10.683475
BN_CONTROL.I5BEAM;2025-06-30 17:22:20.0000000;10.684812
BN_CONTROL.I5BEAM;2025-06-30 17:22:21.0000000;10.678128
BN_CONTROL.I5BEAM;2025-06-30 17:22:22.0000000;10.66994
BN_CONTROL.I5BEAM;2025-06-30 17:22:23.0000000;10.665929
BN_CONTROL.I5BEAM;2025-06-30 17:22:24.0000000;10.668937
BN_CONTROL.I5BEAM;2025-06-30 17:22:25.0000000;10.660749
BN_CONTROL.I5BEAM;2025-06-30 17:22:26.0000000;10.656906
BN_CONTROL.I5BEAM;2025-06-30 17:22:27.0000000;10.653397
BN_CONTROL.I5BEAM;2025-06-30 17:22:28.0000000;10.659245
BN_CONTROL.I5BEAM;2025-06-30 17:22:29.0000000;10.65206
BN_CONTROL.I5BEAM;2025-06-30 17:22:30.0000000;10.637522
BN_CONTROL.I5BEAM;2025-06-30 17:22:31.0000000;10.639862
BN_CONTROL.I5BEAM;2025-06-30 17:22:32.0000000;10.63936
BN_CONTROL.I5BEAM;2025-06-30 17:22:33.0000000;10.632342
BN_CONTROL.I5BEAM;2025-06-30 17:22:34.0000000;10.626995
BN_CONTROL.I5BEAM;2025-06-30 17:22:35.0000000;10.620144
BN_CONTROL.I5BEAM;2025-06-30 17:22:36.0000000;10.614295
BN_CONTROL.I5BEAM;2025-06-30 17:22:37.0000000;10.608614
BN_CONTROL.I5BEAM;2025-06-30 17:22:38.0000000;10.608279
BN_CONTROL.I5BEAM;2025-06-30 17:22:39.0000000;10.604603
BN_CONTROL.I5BEAM;2025-06-30 17:22:40.0000000;10.599924
BN_CONTROL.I5BEAM;2025-06-30 17:22:41.0000000;10.596415
BN_CONTROL.I5BEAM;2025-06-30 17:22:42.0000000;10.591235
BN_CONTROL.I5BEAM;2025-06-30 17:22:43.0000000;10.589063
BN_CONTROL.I5BEAM;2025-06-30 17:22:44.0000000;10.588394
BN_CONTROL.I5BEAM;2025-06-30 17:22:45.0000000;10.579705
BN_CONTROL.I5BEAM;2025-06-30 17:22:46.0000000;10.577366
BN_CONTROL.I5BEAM;2025-06-30 17:22:47.0000000;10.572687
BN_CONTROL.I5BEAM;2025-06-30 17:22:48.0000000;10.564666
BN_CONTROL.I5BEAM;2025-06-30 17:22:49.0000000;10.565836
BN_CONTROL.I5BEAM;2025-06-30 17:22:50.0000000;10.56383
BN_CONTROL.I5BEAM;2025-06-30 17:22:51.0000000;10.557648
BN_CONTROL.I5BEAM;2025-06-30 17:22:52.0000000;10.549961
BN_CONTROL.I5BEAM;2025-06-30 17:22:53.0000000;10.54829
BN_CONTROL.I5BEAM;2025-06-30 17:22:54.0000000;10.541104
BN_CONTROL.I5BEAM;2025-06-30 17:22:55.0000000;10.53442
BN_CONTROL.I5BEAM;2025-06-30 17:22:56.0000000;10.526734
BN_CONTROL.I5BEAM;2025-06-30 17:22:57.0000000;10.528739
BN_CONTROL.I5BEAM;2025-06-30 17:22:58.0000000;10.523058
BN_CONTROL.I5BEAM;2025-06-30 17:22:59.0000000;10.513533
BN_CONTROL.I5BEAM;2025-06-30 17:23:00.0000000;10.511193
BN_CONTROL.I5BEAM;2025-06-30 17:23:01.0000000;10.504676
BN_CONTROL.I5BEAM;2025-06-30 17:23:02.0000000;10.506347
BN_CONTROL.I5BEAM;2025-06-30 17:23:03.0000000;10.506347
BN_CONTROL.I5BEAM;2025-06-30 17:23:04.0000000;10.501669
BN_CONTROL.I5BEAM;2025-06-30 17:23:05.0000000;10.502671
BN_CONTROL.I5BEAM;2025-06-30 17:23:06.0000000;10.493648
BN_CONTROL.I5BEAM;2025-06-30 17:23:07.0000000;10.485961
BN_CONTROL.I5BEAM;2025-06-30 17:23:08.0000000;10.486295
BN_CONTROL.I5BEAM;2025-06-30 17:23:09.0000000;10.481115
BN_CONTROL.I5BEAM;2025-06-30 17:23:10.0000000;10.483956
BN_CONTROL.I5BEAM;2025-06-30 17:23:11.0000000;10.476436
BN_CONTROL.I5BEAM;2025-06-30 17:23:12.0000000;10.469418
BN_CONTROL.I5BEAM;2025-06-30 17:23:13.0000000;10.465407
BN_CONTROL.I5BEAM;2025-06-30 17:23:14.0000000;10.463569
BN_CONTROL.I5BEAM;2025-06-30 17:23:15.0000000;10.460394
BN_CONTROL.I5BEAM;2025-06-30 17:23:16.0000000;10.450535
BN_CONTROL.I5BEAM;2025-06-30 17:23:17.0000000;10.447695
BN_CONTROL.I5BEAM;2025-06-30 17:23:18.0000000;10.44218
BN_CONTROL.I5BEAM;2025-06-30 17:23:19.0000000;10.443183
BN_CONTROL.I5BEAM;2025-06-30 17:23:20.0000000;10.43583
BN_CONTROL.I5BEAM;2025-06-30 17:23:21.0000000;10.436833
BN_CONTROL.I5BEAM;2025-06-30 17:23:22.0000000;10.421627
BN_CONTROL.I5BEAM;2025-06-30 17:23:23.0000000;10.421627
BN_CONTROL.I5BEAM;2025-06-30 17:23:24.0000000;10.427642
BN_CONTROL.I5BEAM;2025-06-30 17:23:25.0000000;10.41511
BN_CONTROL.I5BEAM;2025-06-30 17:23:26.0000000;10.416781
BN_CONTROL.I5BEAM;2025-06-30 17:23:27.0000000;10.407256
BN_CONTROL.I5BEAM;2025-06-30 17:23:28.0000000;10.405251
BN_CONTROL.I5BEAM;2025-06-30 17:23:29.0000000;10.394723
BN_CONTROL.I5BEAM;2025-06-30 17:23:30.0000000;10.394723
BN_CONTROL.I5BEAM;2025-06-30 17:23:31.0000000;10.393554
BN_CONTROL.I5BEAM;2025-06-30 17:23:32.0000000;10.393554
BN_CONTROL.I5BEAM;2025-06-30 17:23:33.0000000;10.392384
BN_CONTROL.I5BEAM;2025-06-30 17:23:34.0000000;10.39088
BN_CONTROL.I5BEAM;2025-06-30 17:23:35.0000000;10.376008
BN_CONTROL.I5BEAM;2025-06-30 17:23:36.0000000;10.376008
BN_CONTROL.I5BEAM;2025-06-30 17:23:37.0000000;10.377178
BN_CONTROL.I5BEAM;2025-06-30 17:23:38.0000000;10.371496
BN_CONTROL.I5BEAM;2025-06-30 17:23:39.0000000;10.369324
BN_CONTROL.I5BEAM;2025-06-30 17:23:40.0000000;10.359131
BN_CONTROL.I5BEAM;2025-06-30 17:23:41.0000000;10.359632
BN_CONTROL.I5BEAM;2025-06-30 17:23:42.0000000;10.35228
BN_CONTROL.I5BEAM;2025-06-30 17:23:43.0000000;10.353282
BN_CONTROL.I5BEAM;2025-06-30 17:23:44.0000000;10.353282
BN_CONTROL.I5BEAM;2025-06-30 17:23:45.0000000;10.348938
BN_CONTROL.I5BEAM;2025-06-30 17:23:46.0000000;10.343089
BN_CONTROL.I5BEAM;2025-06-30 17:23:47.0000000;10.346097
BN_CONTROL.I5BEAM;2025-06-30 17:23:48.0000000;10.337241
BN_CONTROL.I5BEAM;2025-06-30 17:23:49.0000000;10.329554
BN_CONTROL.I5BEAM;2025-06-30 17:23:50.0000000;10.327549
BN_CONTROL.I5BEAM;2025-06-30 17:23:51.0000000;10.324207
BN_CONTROL.I5BEAM;2025-06-30 17:23:52.0000000;10.319361
BN_CONTROL.I5BEAM;2025-06-30 17:23:53.0000000;10.318191
BN_CONTROL.I5BEAM;2025-06-30 17:23:54.0000000;10.313512
BN_CONTROL.I5BEAM;2025-06-30 17:23:55.0000000;10.31418
BN_CONTROL.I5BEAM;2025-06-30 17:23:56.0000000;10.306828
BN_CONTROL.I5BEAM;2025-06-30 17:23:57.0000000;10.305491
BN_CONTROL.I5BEAM;2025-06-30 17:23:58.0000000;10.302316
BN_CONTROL.I5BEAM;2025-06-30 17:23:59.0000000;10.301648
BN_CONTROL.I5BEAM;2025-06-30 17:24:00.0000000;10.294295
BN_CONTROL.I5BEAM;2025-06-30 17:24:01.0000000;10.282598
BN_CONTROL.I5BEAM;2025-06-30 17:24:02.0000000;10.290619
BN_CONTROL.I5BEAM;2025-06-30 17:24:03.0000000;10.288614
BN_CONTROL.I5BEAM;2025-06-30 17:24:04.0000000;10.284102
BN_CONTROL.I5BEAM;2025-06-30 17:24:05.0000000;10.275079
BN_CONTROL.I5BEAM;2025-06-30 17:24:06.0000000;10.27441
BN_CONTROL.I5BEAM;2025-06-30 17:24:07.0000000;10.268395
BN_CONTROL.I5BEAM;2025-06-30 17:24:08.0000000;10.266891
BN_CONTROL.I5BEAM;2025-06-30 17:24:09.0000000;10.265554
BN_CONTROL.I5BEAM;2025-06-30 17:24:10.0000000;10.259705
BN_CONTROL.I5BEAM;2025-06-30 17:24:11.0000000;10.259371
BN_CONTROL.I5BEAM;2025-06-30 17:24:12.0000000;10.254859
BN_CONTROL.I5BEAM;2025-06-30 17:24:13.0000000;10.254024
BN_CONTROL.I5BEAM;2025-06-30 17:24:14.0000000;10.249011
BN_CONTROL.I5BEAM;2025-06-30 17:24:15.0000000;10.247841
BN_CONTROL.I5BEAM;2025-06-30 17:24:16.0000000;10.241658
BN_CONTROL.I5BEAM;2025-06-30 17:24:17.0000000;10.238818
BN_CONTROL.I5BEAM;2025-06-30 17:24:18.0000000;10.233972
BN_CONTROL.I5BEAM;2025-06-30 17:24:19.0000000;10.235476
BN_CONTROL.I5BEAM;2025-06-30 17:24:20.0000000;10.229961
BN_CONTROL.I5BEAM;2025-06-30 17:24:21.0000000;10.226786
BN_CONTROL.I5BEAM;2025-06-30 17:24:22.0000000;10.221773
BN_CONTROL.I5BEAM;2025-06-30 17:24:23.0000000;10.219601
BN_CONTROL.I5BEAM;2025-06-30 17:24:24.0000000;10.214254
BN_CONTROL.I5BEAM;2025-06-30 17:24:25.0000000;10.214254
BN_CONTROL.I5BEAM;2025-06-30 17:24:26.0000000;10.216259
BN_CONTROL.I5BEAM;2025-06-30 17:24:27.0000000;10.217763
BN_CONTROL.I5BEAM;2025-06-30 17:24:28.0000000;10.213251
BN_CONTROL.I5BEAM;2025-06-30 17:24:29.0000000;10.21275
BN_CONTROL.I5BEAM;2025-06-30 17:24:30.0000000;10.206066
BN_CONTROL.I5BEAM;2025-06-30 17:24:31.0000000;10.199047
BN_CONTROL.I5BEAM;2025-06-30 17:24:32.0000000;10.198045
BN_CONTROL.I5BEAM;2025-06-30 17:24:33.0000000;10.195204
BN_CONTROL.I5BEAM;2025-06-30 17:24:34.0000000;10.190859
BN_CONTROL.I5BEAM;2025-06-30 17:24:35.0000000;10.190859
BN_CONTROL.I5BEAM;2025-06-30 17:24:36.0000000;10.188019
BN_CONTROL.I5BEAM;2025-06-30 17:24:37.0000000;10.182337
BN_CONTROL.I5BEAM;2025-06-30 17:24:38.0000000;10.183173
BN_CONTROL.I5BEAM;2025-06-30 17:24:39.0000000;10.180666
BN_CONTROL.I5BEAM;2025-06-30 17:24:40.0000000;10.177826
BN_CONTROL.I5BEAM;2025-06-30 17:24:41.0000000;10.173815
BN_CONTROL.I5BEAM;2025-06-30 17:24:42.0000000;10.17064
BN_CONTROL.I5BEAM;2025-06-30 17:24:43.0000000;10.163288
BN_CONTROL.I5BEAM;2025-06-30 17:24:44.0000000;10.167298
BN_CONTROL.I5BEAM;2025-06-30 17:24:45.0000000;10.163121
BN_CONTROL.I5BEAM;2025-06-30 17:24:46.0000000;10.159444
BN_CONTROL.I5BEAM;2025-06-30 17:24:47.0000000;10.153596
BN_CONTROL.I5BEAM;2025-06-30 17:24:48.0000000;10.151256
BN_CONTROL.I5BEAM;2025-06-30 17:24:49.0000000;10.151256
BN_CONTROL.I5BEAM;2025-06-30 17:24:50.0000000;10.145909
BN_CONTROL.I5BEAM;2025-06-30 17:24:51.0000000;10.145909
BN_CONTROL.I5BEAM;2025-06-30 17:24:52.0000000;10.142734
BN_CONTROL.I5BEAM;2025-06-30 17:24:53.0000000;10.139225
BN_CONTROL.I5BEAM;2025-06-30 17:24:54.0000000;10.134713
BN_CONTROL.I5BEAM;2025-06-30 17:24:55.0000000;10.13204
BN_CONTROL.I5BEAM;2025-06-30 17:24:56.0000000;10.129199
BN_CONTROL.I5BEAM;2025-06-30 17:24:57.0000000;10.127695
BN_CONTROL.I5BEAM;2025-06-30 17:24:58.0000000;10.12569
BN_CONTROL.I5BEAM;2025-06-30 17:24:59.0000000;10.122014
BN_CONTROL.I5BEAM;2025-06-30 17:25:00.0000000;10.113157
BN_CONTROL.I5BEAM;2025-06-30 17:25:01.0000000;10.119006
BN_CONTROL.I5BEAM;2025-06-30 17:25:02.0000000;10.11182
BN_CONTROL.I5BEAM;2025-06-30 17:25:03.0000000;10.115497
BN_CONTROL.I5BEAM;2025-06-30 17:25:04.0000000;10.10898
BN_CONTROL.I5BEAM;2025-06-30 17:25:05.0000000;10.107643
BN_CONTROL.I5BEAM;2025-06-30 17:25:06.0000000;10.109481
BN_CONTROL.I5BEAM;2025-06-30 17:25:07.0000000;10.098619
BN_CONTROL.I5BEAM;2025-06-30 17:25:08.0000000;10.101627
BN_CONTROL.I5BEAM;2025-06-30 17:25:09.0000000;10.094275
BN_CONTROL.I5BEAM;2025-06-30 17:25:10.0000000;10.096614
BN_CONTROL.I5BEAM;2025-06-30 17:25:11.0000000;10.087925
BN_CONTROL.I5BEAM;2025-06-30 17:25:12.0000000;10.089095
BN_CONTROL.I5BEAM;2025-06-30 17:25:13.0000000;10.08592
BN_CONTROL.I5BEAM;2025-06-30 17:25:14.0000000;10.081909
BN_CONTROL.I5BEAM;2025-06-30 17:25:15.0000000;10.078233
BN_CONTROL.I5BEAM;2025-06-30 17:25:16.0000000;10.070713
BN_CONTROL.I5BEAM;2025-06-30 17:25:17.0000000;10.070713
BN_CONTROL.I5BEAM;2025-06-30 17:25:18.0000000;10.070546
BN_CONTROL.I5BEAM;2025-06-30 17:25:19.0000000;10.067873
BN_CONTROL.I5BEAM;2025-06-30 17:25:20.0000000;10.063027
BN_CONTROL.I5BEAM;2025-06-30 17:25:21.0000000;10.061523
BN_CONTROL.I5BEAM;2025-06-30 17:25:22.0000000;10.062191
BN_CONTROL.I5BEAM;2025-06-30 17:25:23.0000000;10.058515
BN_CONTROL.I5BEAM;2025-06-30 17:25:24.0000000;10.051998
BN_CONTROL.I5BEAM;2025-06-30 17:25:25.0000000;10.051998
BN_CONTROL.I5BEAM;2025-06-30 17:25:26.0000000;10.054672
BN_CONTROL.I5BEAM;2025-06-30 17:25:27.0000000;10.049659
BN_CONTROL.I5BEAM;2025-06-30 17:25:28.0000000;10.045982
BN_CONTROL.I5BEAM;2025-06-30 17:25:29.0000000;10.047152
BN_CONTROL.I5BEAM;2025-06-30 17:25:30.0000000;10.03345
BN_CONTROL.I5BEAM;2025-06-30 17:25:31.0000000;10.035956
BN_CONTROL.I5BEAM;2025-06-30 17:25:32.0000000;10.030442
BN_CONTROL.I5BEAM;2025-06-30 17:25:33.0000000;10.035789
BN_CONTROL.I5BEAM;2025-06-30 17:25:34.0000000;10.035288
BN_CONTROL.I5BEAM;2025-06-30 17:25:35.0000000;10.029774
BN_CONTROL.I5BEAM;2025-06-30 17:25:36.0000000;10.025095
BN_CONTROL.I5BEAM;2025-06-30 17:25:37.0000000;10.025429
BN_CONTROL.I5BEAM;2025-06-30 17:25:38.0000000;10.023591
BN_CONTROL.I5BEAM;2025-06-30 17:25:39.0000000;10.023591
BN_CONTROL.I5BEAM;2025-06-30 17:25:40.0000000;10.023089
BN_CONTROL.I5BEAM;2025-06-30 17:25:41.0000000;10.019747
BN_CONTROL.I5BEAM;2025-06-30 17:25:42.0000000;10.009721
BN_CONTROL.I5BEAM;2025-06-30 17:25:43.0000000;10.010056
BN_CONTROL.I5BEAM;2025-06-30 17:25:44.0000000;10.007048
BN_CONTROL.I5BEAM;2025-06-30 17:25:45.0000000;10.006714
BN_CONTROL.I5BEAM;2025-06-30 17:25:46.0000000;10.004708
BN_CONTROL.I5BEAM;2025-06-30 17:25:47.0000000;10.001366
BN_CONTROL.I5BEAM;2025-06-30 17:25:48.0000000;9.99401399999999
BN_CONTROL.I5BEAM;2025-06-30 17:25:49.0000000;9.99334499999998
BN_CONTROL.I5BEAM;2025-06-30 17:25:50.0000000;9.99067200000002
BN_CONTROL.I5BEAM;2025-06-30 17:25:51.0000000;9.98916800000001
BN_CONTROL.I5BEAM;2025-06-30 17:25:52.0000000;9.98582599999997
BN_CONTROL.I5BEAM;2025-06-30 17:25:53.0000000;9.99067200000002
BN_CONTROL.I5BEAM;2025-06-30 17:25:54.0000000;9.984489
BN_CONTROL.I5BEAM;2025-06-30 17:25:55.0000000;9.98432200000002
BN_CONTROL.I5BEAM;2025-06-30 17:25:56.0000000;9.98231700000002
BN_CONTROL.I5BEAM;2025-06-30 17:25:57.0000000;9.97897499999999
BN_CONTROL.I5BEAM;2025-06-30 17:25:58.0000000;9.97596700000003
BN_CONTROL.I5BEAM;2025-06-30 17:25:59.0000000;9.97596700000003
BN_CONTROL.I5BEAM;2025-06-30 17:26:00.0000000;9.97078699999997
BN_CONTROL.I5BEAM;2025-06-30 17:26:01.0000000;9.96360099999998
BN_CONTROL.I5BEAM;2025-06-30 17:26:02.0000000;9.96276599999999
BN_CONTROL.I5BEAM;2025-06-30 17:26:03.0000000;9.95959099999999
BN_CONTROL.I5BEAM;2025-06-30 17:26:04.0000000;9.95959099999999
BN_CONTROL.I5BEAM;2025-06-30 17:26:05.0000000;9.95792
BN_CONTROL.I5BEAM;2025-06-30 17:26:06.0000000;9.95741900000002
BN_CONTROL.I5BEAM;2025-06-30 17:26:07.0000000;9.95190400000001
BN_CONTROL.I5BEAM;2025-06-30 17:26:08.0000000;9.94371599999999
BN_CONTROL.I5BEAM;2025-06-30 17:26:09.0000000;9.94371599999999
BN_CONTROL.I5BEAM;2025-06-30 17:26:10.0000000;9.94639000000001
BN_CONTROL.I5BEAM;2025-06-30 17:26:11.0000000;9.94538699999998
BN_CONTROL.I5BEAM;2025-06-30 17:26:12.0000000;9.93803500000001
BN_CONTROL.I5BEAM;2025-06-30 17:26:13.0000000;9.93318900000003
BN_CONTROL.I5BEAM;2025-06-30 17:26:14.0000000;9.933356
BN_CONTROL.I5BEAM;2025-06-30 17:26:15.0000000;9.93001400000003
BN_CONTROL.I5BEAM;2025-06-30 17:26:16.0000000;9.92817600000001
BN_CONTROL.I5BEAM;2025-06-30 17:26:17.0000000;9.92483399999998
BN_CONTROL.I5BEAM;2025-06-30 17:26:18.0000000;9.92383100000001
BN_CONTROL.I5BEAM;2025-06-30 17:26:19.0000000;9.91564299999999
BN_CONTROL.I5BEAM;2025-06-30 17:26:20.0000000;9.91948600000001
BN_CONTROL.I5BEAM;2025-06-30 17:26:21.0000000;9.921492
BN_CONTROL.I5BEAM;2025-06-30 17:26:22.0000000;9.91012899999998
BN_CONTROL.I5BEAM;2025-06-30 17:26:23.0000000;9.91246799999999
BN_CONTROL.I5BEAM;2025-06-30 17:26:24.0000000;9.90712100000002
BN_CONTROL.I5BEAM;2025-06-30 17:26:25.0000000;9.90712100000002
BN_CONTROL.I5BEAM;2025-06-30 17:26:26.0000000;9.90511600000002
BN_CONTROL.I5BEAM;2025-06-30 17:26:27.0000000;9.90912600000001
BN_CONTROL.I5BEAM;2025-06-30 17:26:28.0000000;9.89625899999999
BN_CONTROL.I5BEAM;2025-06-30 17:26:29.0000000;9.89124600000002
BN_CONTROL.I5BEAM;2025-06-30 17:26:30.0000000;9.89726200000001
BN_CONTROL.I5BEAM;2025-06-30 17:26:31.0000000;9.893753
BN_CONTROL.I5BEAM;2025-06-30 17:26:32.0000000;9.89208200000002
BN_CONTROL.I5BEAM;2025-06-30 17:26:33.0000000;9.892583
BN_CONTROL.I5BEAM;2025-06-30 17:26:34.0000000;9.88489600000003
BN_CONTROL.I5BEAM;2025-06-30 17:26:35.0000000;9.88322499999998
BN_CONTROL.I5BEAM;2025-06-30 17:26:36.0000000;9.88656700000001
BN_CONTROL.I5BEAM;2025-06-30 17:26:37.0000000;9.87503700000002
BN_CONTROL.I5BEAM;2025-06-30 17:26:38.0000000;9.87654099999997
BN_CONTROL.I5BEAM;2025-06-30 17:26:39.0000000;9.87370099999998
BN_CONTROL.I5BEAM;2025-06-30 17:26:40.0000000;9.87085999999999
BN_CONTROL.I5BEAM;2025-06-30 17:26:41.0000000;9.866849
BN_CONTROL.I5BEAM;2025-06-30 17:26:42.0000000;9.872364
BN_CONTROL.I5BEAM;2025-06-30 17:26:43.0000000;9.86751800000002
BN_CONTROL.I5BEAM;2025-06-30 17:26:44.0000000;9.86818599999998
BN_CONTROL.I5BEAM;2025-06-30 17:26:45.0000000;9.85899599999999
BN_CONTROL.I5BEAM;2025-06-30 17:26:46.0000000;9.85849400000001
BN_CONTROL.I5BEAM;2025-06-30 17:26:47.0000000;9.85348099999999
BN_CONTROL.I5BEAM;2025-06-30 17:26:48.0000000;9.85013900000001
BN_CONTROL.I5BEAM;2025-06-30 17:26:49.0000000;9.85214500000001
BN_CONTROL.I5BEAM;2025-06-30 17:26:50.0000000;9.83860900000002
BN_CONTROL.I5BEAM;2025-06-30 17:26:51.0000000;9.84128299999998
BN_CONTROL.I5BEAM;2025-06-30 17:26:52.0000000;9.84529300000003
BN_CONTROL.I5BEAM;2025-06-30 17:26:53.0000000;9.833596
BN_CONTROL.I5BEAM;2025-06-30 17:26:54.0000000;9.83142400000003
BN_CONTROL.I5BEAM;2025-06-30 17:26:55.0000000;9.83142400000003
BN_CONTROL.I5BEAM;2025-06-30 17:26:56.0000000;9.82824900000003
BN_CONTROL.I5BEAM;2025-06-30 17:26:57.0000000;9.82691199999999
BN_CONTROL.I5BEAM;2025-06-30 17:26:58.0000000;9.82156500000002
BN_CONTROL.I5BEAM;2025-06-30 17:26:59.0000000;9.82992000000002
BN_CONTROL.I5BEAM;2025-06-30 17:27:00.0000000;9.82574199999999
BN_CONTROL.I5BEAM;2025-06-30 17:27:01.0000000;9.824907
BN_CONTROL.I5BEAM;2025-06-30 17:27:02.0000000;9.81805600000001
BN_CONTROL.I5BEAM;2025-06-30 17:27:03.0000000;9.81605100000002
BN_CONTROL.I5BEAM;2025-06-30 17:27:04.0000000;9.81204000000002
BN_CONTROL.I5BEAM;2025-06-30 17:27:05.0000000;9.80970100000002
BN_CONTROL.I5BEAM;2025-06-30 17:27:06.0000000;9.80719399999998
BN_CONTROL.I5BEAM;2025-06-30 17:27:07.0000000;9.80117899999999
BN_CONTROL.I5BEAM;2025-06-30 17:27:08.0000000;9.80685999999997
BN_CONTROL.I5BEAM;2025-06-30 17:27:09.0000000;9.800343
BN_CONTROL.I5BEAM;2025-06-30 17:27:10.0000000;9.79933999999997
BN_CONTROL.I5BEAM;2025-06-30 17:27:11.0000000;9.788813
BN_CONTROL.I5BEAM;2025-06-30 17:27:12.0000000;9.79382600000002
BN_CONTROL.I5BEAM;2025-06-30 17:27:13.0000000;9.78547099999997
BN_CONTROL.I5BEAM;2025-06-30 17:27:14.0000000;9.78780999999998
BN_CONTROL.I5BEAM;2025-06-30 17:27:15.0000000;9.78279700000002
BN_CONTROL.I5BEAM;2025-06-30 17:27:16.0000000;9.78279700000002
BN_CONTROL.I5BEAM;2025-06-30 17:27:17.0000000;9.77594599999998
BN_CONTROL.I5BEAM;2025-06-30 17:27:18.0000000;9.77511099999998
BN_CONTROL.I5BEAM;2025-06-30 17:27:19.0000000;9.77511099999998
BN_CONTROL.I5BEAM;2025-06-30 17:27:20.0000000;9.77176900000001
BN_CONTROL.I5BEAM;2025-06-30 17:27:21.0000000;9.76692300000002
BN_CONTROL.I5BEAM;2025-06-30 17:27:22.0000000;9.76424900000001
BN_CONTROL.I5BEAM;2025-06-30 17:27:23.0000000;9.76157499999999
BN_CONTROL.I5BEAM;2025-06-30 17:27:24.0000000;9.75856800000003
BN_CONTROL.I5BEAM;2025-06-30 17:27:25.0000000;9.75489099999999
BN_CONTROL.I5BEAM;2025-06-30 17:27:26.0000000;9.75539300000003
BN_CONTROL.I5BEAM;2025-06-30 17:27:27.0000000;9.75205099999999
BN_CONTROL.I5BEAM;2025-06-30 17:27:28.0000000;9.74687
BN_CONTROL.I5BEAM;2025-06-30 17:27:29.0000000;9.74302699999998
BN_CONTROL.I5BEAM;2025-06-30 17:27:30.0000000;9.74620199999998
BN_CONTROL.I5BEAM;2025-06-30 17:27:31.0000000;9.73717900000003
BN_CONTROL.I5BEAM;2025-06-30 17:27:32.0000000;9.74085500000001
BN_CONTROL.I5BEAM;2025-06-30 17:27:33.0000000;9.73216600000001
BN_CONTROL.I5BEAM;2025-06-30 17:27:34.0000000;9.73433799999998
BN_CONTROL.I5BEAM;2025-06-30 17:27:35.0000000;9.72848900000002
BN_CONTROL.I5BEAM;2025-06-30 17:27:36.0000000;9.726651
BN_CONTROL.I5BEAM;2025-06-30 17:27:37.0000000;9.72531400000003
BN_CONTROL.I5BEAM;2025-06-30 17:27:38.0000000;9.72046799999998
BN_CONTROL.I5BEAM;2025-06-30 17:27:39.0000000;9.72180500000002
BN_CONTROL.I5BEAM;2025-06-30 17:27:40.0000000;9.71712600000001
BN_CONTROL.I5BEAM;2025-06-30 17:27:41.0000000;9.71395100000001
BN_CONTROL.I5BEAM;2025-06-30 17:27:42.0000000;9.71411899999998
BN_CONTROL.I5BEAM;2025-06-30 17:27:43.0000000;9.71211299999999
BN_CONTROL.I5BEAM;2025-06-30 17:27:44.0000000;9.70576299999999
BN_CONTROL.I5BEAM;2025-06-30 17:27:45.0000000;9.70643200000001
BN_CONTROL.I5BEAM;2025-06-30 17:27:46.0000000;9.70125200000001
BN_CONTROL.I5BEAM;2025-06-30 17:27:47.0000000;9.70225399999998
BN_CONTROL.I5BEAM;2025-06-30 17:27:48.0000000;9.70325700000001
BN_CONTROL.I5BEAM;2025-06-30 17:27:49.0000000;9.69807700000001
BN_CONTROL.I5BEAM;2025-06-30 17:27:50.0000000;9.69724100000002
BN_CONTROL.I5BEAM;2025-06-30 17:27:51.0000000;9.691059
BN_CONTROL.I5BEAM;2025-06-30 17:27:52.0000000;9.692228
BN_CONTROL.I5BEAM;2025-06-30 17:27:53.0000000;9.68320499999999
BN_CONTROL.I5BEAM;2025-06-30 17:27:54.0000000;9.67936099999997
BN_CONTROL.I5BEAM;2025-06-30 17:27:55.0000000;9.67936099999997
BN_CONTROL.I5BEAM;2025-06-30 17:27:56.0000000;9.67768999999998
BN_CONTROL.I5BEAM;2025-06-30 17:27:57.0000000;9.67267700000002
BN_CONTROL.I5BEAM;2025-06-30 17:27:58.0000000;9.67785800000001
BN_CONTROL.I5BEAM;2025-06-30 17:27:59.0000000;9.66799900000001
BN_CONTROL.I5BEAM;2025-06-30 17:28:00.0000000;9.66415499999999
BN_CONTROL.I5BEAM;2025-06-30 17:28:01.0000000;9.66281800000002
BN_CONTROL.I5BEAM;2025-06-30 17:28:02.0000000;9.66265099999998
BN_CONTROL.I5BEAM;2025-06-30 17:28:03.0000000;9.65529900000001
BN_CONTROL.I5BEAM;2025-06-30 17:28:04.0000000;9.66499099999999
BN_CONTROL.I5BEAM;2025-06-30 17:28:05.0000000;9.65179000000001
BN_CONTROL.I5BEAM;2025-06-30 17:28:06.0000000;9.64978400000001
BN_CONTROL.I5BEAM;2025-06-30 17:28:07.0000000;9.64978400000001
BN_CONTROL.I5BEAM;2025-06-30 17:28:08.0000000;9.64811300000002
BN_CONTROL.I5BEAM;2025-06-30 17:28:09.0000000;9.64594099999999
BN_CONTROL.I5BEAM;2025-06-30 17:28:10.0000000;9.64493800000002
BN_CONTROL.I5BEAM;2025-06-30 17:28:11.0000000;9.64042699999999
BN_CONTROL.I5BEAM;2025-06-30 17:28:12.0000000;9.635581
BN_CONTROL.I5BEAM;2025-06-30 17:28:13.0000000;9.635581
BN_CONTROL.I5BEAM;2025-06-30 17:28:14.0000000;9.62939799999998
BN_CONTROL.I5BEAM;2025-06-30 17:28:15.0000000;9.63591500000001
BN_CONTROL.I5BEAM;2025-06-30 17:28:16.0000000;9.62639000000001
BN_CONTROL.I5BEAM;2025-06-30 17:28:17.0000000;9.62104299999999
BN_CONTROL.I5BEAM;2025-06-30 17:28:18.0000000;9.62605600000001
BN_CONTROL.I5BEAM;2025-06-30 17:28:19.0000000;9.62354900000003
BN_CONTROL.I5BEAM;2025-06-30 17:28:20.0000000;9.61987299999998
BN_CONTROL.I5BEAM;2025-06-30 17:28:21.0000000;9.61770100000001
BN_CONTROL.I5BEAM;2025-06-30 17:28:22.0000000;9.61786799999999
BN_CONTROL.I5BEAM;2025-06-30 17:28:23.0000000;9.608677
BN_CONTROL.I5BEAM;2025-06-30 17:28:24.0000000;9.60851000000002
BN_CONTROL.I5BEAM;2025-06-30 17:28:25.0000000;9.603497
BN_CONTROL.I5BEAM;2025-06-30 17:28:26.0000000;9.601158
BN_CONTROL.I5BEAM;2025-06-30 17:28:27.0000000;9.599153
BN_CONTROL.I5BEAM;2025-06-30 17:28:28.0000000;9.59697999999997
BN_CONTROL.I5BEAM;2025-06-30 17:28:29.0000000;9.59881799999999
BN_CONTROL.I5BEAM;2025-06-30 17:28:30.0000000;9.58661999999998
BN_CONTROL.I5BEAM;2025-06-30 17:28:31.0000000;9.58494899999999
BN_CONTROL.I5BEAM;2025-06-30 17:28:32.0000000;9.582944
BN_CONTROL.I5BEAM;2025-06-30 17:28:33.0000000;9.582944
BN_CONTROL.I5BEAM;2025-06-30 17:28:34.0000000;9.57592599999998
BN_CONTROL.I5BEAM;2025-06-30 17:28:35.0000000;9.57843200000002
BN_CONTROL.I5BEAM;2025-06-30 17:28:36.0000000;9.57408700000002
BN_CONTROL.I5BEAM;2025-06-30 17:28:37.0000000;9.57475599999998
BN_CONTROL.I5BEAM;2025-06-30 17:28:38.0000000;9.56857300000001
BN_CONTROL.I5BEAM;2025-06-30 17:28:39.0000000;9.56656800000002
BN_CONTROL.I5BEAM;2025-06-30 17:28:40.0000000;9.56105300000002
BN_CONTROL.I5BEAM;2025-06-30 17:28:41.0000000;9.56473
BN_CONTROL.I5BEAM;2025-06-30 17:28:42.0000000;9.55938200000003
BN_CONTROL.I5BEAM;2025-06-30 17:28:43.0000000;9.55169599999999
BN_CONTROL.I5BEAM;2025-06-30 17:28:44.0000000;9.55236400000001
BN_CONTROL.I5BEAM;2025-06-30 17:28:45.0000000;9.54167000000001
BN_CONTROL.I5BEAM;2025-06-30 17:28:46.0000000;9.54400900000002
BN_CONTROL.I5BEAM;2025-06-30 17:28:47.0000000;9.55002500000001
BN_CONTROL.I5BEAM;2025-06-30 17:28:48.0000000;9.54417599999999
BN_CONTROL.I5BEAM;2025-06-30 17:28:49.0000000;9.53682400000002
BN_CONTROL.I5BEAM;2025-06-30 17:28:50.0000000;9.53749199999999
BN_CONTROL.I5BEAM;2025-06-30 17:28:51.0000000;9.52997299999998
BN_CONTROL.I5BEAM;2025-06-30 17:28:52.0000000;9.52262000000002
BN_CONTROL.I5BEAM;2025-06-30 17:28:53.0000000;9.523957
BN_CONTROL.I5BEAM;2025-06-30 17:28:54.0000000;9.52094899999997
BN_CONTROL.I5BEAM;2025-06-30 17:28:55.0000000;9.51977900000003
BN_CONTROL.I5BEAM;2025-06-30 17:28:56.0000000;9.51710600000001
BN_CONTROL.I5BEAM;2025-06-30 17:28:57.0000000;9.51226000000003
BN_CONTROL.I5BEAM;2025-06-30 17:28:58.0000000;9.51409799999999
BN_CONTROL.I5BEAM;2025-06-30 17:28:59.0000000;9.50891799999999
BN_CONTROL.I5BEAM;2025-06-30 17:29:00.0000000;9.50474000000003
BN_CONTROL.I5BEAM;2025-06-30 17:29:01.0000000;9.49705399999999
BN_CONTROL.I5BEAM;2025-06-30 17:29:02.0000000;9.49605100000002
BN_CONTROL.I5BEAM;2025-06-30 17:29:03.0000000;9.49354399999999
BN_CONTROL.I5BEAM;2025-06-30 17:29:04.0000000;9.49204099999997
BN_CONTROL.I5BEAM;2025-06-30 17:29:05.0000000;9.49036899999999
BN_CONTROL.I5BEAM;2025-06-30 17:29:06.0000000;9.47934099999998
BN_CONTROL.I5BEAM;2025-06-30 17:29:07.0000000;9.48301700000002
BN_CONTROL.I5BEAM;2025-06-30 17:29:08.0000000;9.483518
BN_CONTROL.I5BEAM;2025-06-30 17:29:09.0000000;9.47265700000003
BN_CONTROL.I5BEAM;2025-06-30 17:29:10.0000000;9.46664099999998
BN_CONTROL.I5BEAM;2025-06-30 17:29:11.0000000;9.47014999999999
BN_CONTROL.I5BEAM;2025-06-30 17:29:12.0000000;9.46881300000001
BN_CONTROL.I5BEAM;2025-06-30 17:29:13.0000000;9.45527800000002
BN_CONTROL.I5BEAM;2025-06-30 17:29:14.0000000;9.46062499999999
BN_CONTROL.I5BEAM;2025-06-30 17:29:15.0000000;9.455445
BN_CONTROL.I5BEAM;2025-06-30 17:29:16.0000000;9.45227
BN_CONTROL.I5BEAM;2025-06-30 17:29:17.0000000;9.44759099999999
BN_CONTROL.I5BEAM;2025-06-30 17:29:18.0000000;9.447926
BN_CONTROL.I5BEAM;2025-06-30 17:29:19.0000000;9.44224400000002
BN_CONTROL.I5BEAM;2025-06-30 17:29:20.0000000;9.43773199999998
BN_CONTROL.I5BEAM;2025-06-30 17:29:21.0000000;9.43656299999998
BN_CONTROL.I5BEAM;2025-06-30 17:29:22.0000000;9.43372199999999
BN_CONTROL.I5BEAM;2025-06-30 17:29:23.0000000;9.42302799999999
BN_CONTROL.I5BEAM;2025-06-30 17:29:24.0000000;9.42703799999998
BN_CONTROL.I5BEAM;2025-06-30 17:29:25.0000000;9.422192
BN_CONTROL.I5BEAM;2025-06-30 17:29:26.0000000;9.41868299999999
BN_CONTROL.I5BEAM;2025-06-30 17:29:27.0000000;9.411832
BN_CONTROL.I5BEAM;2025-06-30 17:29:28.0000000;9.40732000000003
BN_CONTROL.I5BEAM;2025-06-30 17:29:29.0000000;9.401973
BN_CONTROL.I5BEAM;2025-06-30 17:29:30.0000000;9.401973
BN_CONTROL.I5BEAM;2025-06-30 17:29:31.0000000;9.401973
BN_CONTROL.I5BEAM;2025-06-30 17:29:32.0000000;9.39662499999997
BN_CONTROL.I5BEAM;2025-06-30 17:29:33.0000000;9.39294899999999
BN_CONTROL.I5BEAM;2025-06-30 17:29:34.0000000;9.39294899999999
BN_CONTROL.I5BEAM;2025-06-30 17:29:35.0000000;9.39060999999998
BN_CONTROL.I5BEAM;2025-06-30 17:29:36.0000000;9.38325700000001
BN_CONTROL.I5BEAM;2025-06-30 17:29:37.0000000;9.38743499999998
BN_CONTROL.I5BEAM;2025-06-30 17:29:38.0000000;9.37991499999998
BN_CONTROL.I5BEAM;2025-06-30 17:29:39.0000000;9.37690700000002
BN_CONTROL.I5BEAM;2025-06-30 17:29:40.0000000;9.365545
BN_CONTROL.I5BEAM;2025-06-30 17:29:41.0000000;9.36972200000002
BN_CONTROL.I5BEAM;2025-06-30 17:29:42.0000000;9.36721599999998
BN_CONTROL.I5BEAM;2025-06-30 17:29:43.0000000;9.36337200000003
BN_CONTROL.I5BEAM;2025-06-30 17:29:44.0000000;9.35752400000001
BN_CONTROL.I5BEAM;2025-06-30 17:29:45.0000000;9.34348699999998
BN_CONTROL.I5BEAM;2025-06-30 17:29:46.0000000;9.34582699999999
BN_CONTROL.I5BEAM;2025-06-30 17:29:47.0000000;9.34432299999997
BN_CONTROL.I5BEAM;2025-06-30 17:29:48.0000000;9.34432299999997
BN_CONTROL.I5BEAM;2025-06-30 17:29:49.0000000;9.337806
BN_CONTROL.I5BEAM;2025-06-30 17:29:50.0000000;9.33279299999998
BN_CONTROL.I5BEAM;2025-06-30 17:29:51.0000000;9.325942
BN_CONTROL.I5BEAM;2025-06-30 17:29:52.0000000;9.32176399999997
BN_CONTROL.I5BEAM;2025-06-30 17:29:53.0000000;9.32176399999997
BN_CONTROL.I5BEAM;2025-06-30 17:29:54.0000000;9.318422
BN_CONTROL.I5BEAM;2025-06-30 17:29:55.0000000;9.313242
BN_CONTROL.I5BEAM;2025-06-30 17:29:56.0000000;9.30873000000003
BN_CONTROL.I5BEAM;2025-06-30 17:29:57.0000000;9.306892
BN_CONTROL.I5BEAM;2025-06-30 17:29:58.0000000;9.29970700000001
BN_CONTROL.I5BEAM;2025-06-30 17:29:59.0000000;9.295863
BN_CONTROL.I5BEAM;2025-06-30 17:30:00.0000000;9.291853
BN_CONTROL.I5BEAM;2025-06-30 17:30:01.0000000;9.29034899999999
BN_CONTROL.I5BEAM;2025-06-30 17:30:02.0000000;9.28817700000002
BN_CONTROL.I5BEAM;2025-06-30 17:30:03.0000000;9.27865200000002
BN_CONTROL.I5BEAM;2025-06-30 17:30:04.0000000;9.27831800000001
BN_CONTROL.I5BEAM;2025-06-30 17:30:05.0000000;9.26979499999999
BN_CONTROL.I5BEAM;2025-06-30 17:30:06.0000000;9.26962800000001
BN_CONTROL.I5BEAM;2025-06-30 17:30:07.0000000;9.26578499999999
BN_CONTROL.I5BEAM;2025-06-30 17:30:08.0000000;9.25843200000003
BN_CONTROL.I5BEAM;2025-06-30 17:30:09.0000000;9.25241699999998
BN_CONTROL.I5BEAM;2025-06-30 17:30:10.0000000;9.25492300000002
BN_CONTROL.I5BEAM;2025-06-30 17:30:11.0000000;9.24924199999998
BN_CONTROL.I5BEAM;2025-06-30 17:30:12.0000000;9.24339300000003
BN_CONTROL.I5BEAM;2025-06-30 17:30:13.0000000;9.23904900000002
BN_CONTROL.I5BEAM;2025-06-30 17:30:14.0000000;9.23303299999998
BN_CONTROL.I5BEAM;2025-06-30 17:30:15.0000000;9.22367500000001
BN_CONTROL.I5BEAM;2025-06-30 17:30:16.0000000;9.22601500000002
BN_CONTROL.I5BEAM;2025-06-30 17:30:17.0000000;9.21214500000002
BN_CONTROL.I5BEAM;2025-06-30 17:30:18.0000000;9.21766000000002
BN_CONTROL.I5BEAM;2025-06-30 17:30:19.0000000;9.207132
BN_CONTROL.I5BEAM;2025-06-30 17:30:20.0000000;9.21632299999999
BN_CONTROL.I5BEAM;2025-06-30 17:30:21.0000000;9.205127
BN_CONTROL.I5BEAM;2025-06-30 17:30:22.0000000;9.20211899999998
BN_CONTROL.I5BEAM;2025-06-30 17:30:23.0000000;9.19543499999997
BN_CONTROL.I5BEAM;2025-06-30 17:30:24.0000000;9.18607700000001
BN_CONTROL.I5BEAM;2025-06-30 17:30:25.0000000;9.186913
BN_CONTROL.I5BEAM;2025-06-30 17:30:26.0000000;9.18056300000001
BN_CONTROL.I5BEAM;2025-06-30 17:30:27.0000000;9.17989499999999
BN_CONTROL.I5BEAM;2025-06-30 17:30:28.0000000;9.17170700000003
BN_CONTROL.I5BEAM;2025-06-30 17:30:29.0000000;9.16268300000002
BN_CONTROL.I5BEAM;2025-06-30 17:30:30.0000000;9.15633300000002
BN_CONTROL.I5BEAM;2025-06-30 17:30:31.0000000;9.148145
BN_CONTROL.I5BEAM;2025-06-30 17:30:32.0000000;9.14914800000003
BN_CONTROL.I5BEAM;2025-06-30 17:30:33.0000000;9.14446900000002
BN_CONTROL.I5BEAM;2025-06-30 17:30:34.0000000;9.14279800000003
BN_CONTROL.I5BEAM;2025-06-30 17:30:35.0000000;9.13778500000001
BN_CONTROL.I5BEAM;2025-06-30 17:30:36.0000000;9.13076699999999
BN_CONTROL.I5BEAM;2025-06-30 17:30:37.0000000;9.12892900000003
BN_CONTROL.I5BEAM;2025-06-30 17:30:38.0000000;9.12308000000002
BN_CONTROL.I5BEAM;2025-06-30 17:30:39.0000000;9.12107500000002
BN_CONTROL.I5BEAM;2025-06-30 17:30:40.0000000;9.11505899999997
BN_CONTROL.I5BEAM;2025-06-30 17:30:41.0000000;9.10820799999999
BN_CONTROL.I5BEAM;2025-06-30 17:30:42.0000000;9.10820799999999
BN_CONTROL.I5BEAM;2025-06-30 17:30:43.0000000;9.10169100000002
BN_CONTROL.I5BEAM;2025-06-30 17:30:44.0000000;9.09183200000001
BN_CONTROL.I5BEAM;2025-06-30 17:30:45.0000000;9.085984
BN_CONTROL.I5BEAM;2025-06-30 17:30:46.0000000;9.085984
BN_CONTROL.I5BEAM;2025-06-30 17:30:47.0000000;9.08698600000002
BN_CONTROL.I5BEAM;2025-06-30 17:30:48.0000000;9.07746100000003
BN_CONTROL.I5BEAM;2025-06-30 17:30:49.0000000;9.07378499999999
BN_CONTROL.I5BEAM;2025-06-30 17:30:50.0000000;9.07311700000002
BN_CONTROL.I5BEAM;2025-06-30 17:30:51.0000000;9.06994200000003
BN_CONTROL.I5BEAM;2025-06-30 17:30:52.0000000;9.05406699999998
BN_CONTROL.I5BEAM;2025-06-30 17:30:53.0000000;9.05339900000001
BN_CONTROL.I5BEAM;2025-06-30 17:30:54.0000000;9.05256300000002
BN_CONTROL.I5BEAM;2025-06-30 17:30:55.0000000;9.04086599999999
BN_CONTROL.I5BEAM;2025-06-30 17:30:56.0000000;9.04270400000001
BN_CONTROL.I5BEAM;2025-06-30 17:30:57.0000000;9.03869400000002
BN_CONTROL.I5BEAM;2025-06-30 17:30:58.0000000;9.02783199999999
BN_CONTROL.I5BEAM;2025-06-30 17:30:59.0000000;9.02482400000002
BN_CONTROL.I5BEAM;2025-06-30 17:31:00.0000000;9.01646899999997
BN_CONTROL.I5BEAM;2025-06-30 17:31:01.0000000;9.01095500000002
BN_CONTROL.I5BEAM;2025-06-30 17:31:02.0000000;9.01095500000002
BN_CONTROL.I5BEAM;2025-06-30 17:31:03.0000000;9.00627600000001
BN_CONTROL.I5BEAM;2025-06-30 17:31:04.0000000;8.99758700000001
BN_CONTROL.I5BEAM;2025-06-30 17:31:05.0000000;8.99324200000001
BN_CONTROL.I5BEAM;2025-06-30 17:31:06.0000000;8.98505399999999
BN_CONTROL.I5BEAM;2025-06-30 17:31:07.0000000;8.98304899999999
BN_CONTROL.I5BEAM;2025-06-30 17:31:08.0000000;8.979874
BN_CONTROL.I5BEAM;2025-06-30 17:31:09.0000000;8.96667300000001
BN_CONTROL.I5BEAM;2025-06-30 17:31:10.0000000;8.96667300000001
BN_CONTROL.I5BEAM;2025-06-30 17:31:11.0000000;8.965169
BN_CONTROL.I5BEAM;2025-06-30 17:31:12.0000000;8.95815099999999
BN_CONTROL.I5BEAM;2025-06-30 17:31:13.0000000;8.94879300000002
BN_CONTROL.I5BEAM;2025-06-30 17:31:14.0000000;8.94378
BN_CONTROL.I5BEAM;2025-06-30 17:31:15.0000000;8.94043799999997
BN_CONTROL.I5BEAM;2025-06-30 17:31:16.0000000;8.93325299999998
BN_CONTROL.I5BEAM;2025-06-30 17:31:17.0000000;8.92924199999999
BN_CONTROL.I5BEAM;2025-06-30 17:31:18.0000000;8.92907500000001
BN_CONTROL.I5BEAM;2025-06-30 17:31:19.0000000;8.922057
BN_CONTROL.I5BEAM;2025-06-30 17:31:20.0000000;8.91303299999998
BN_CONTROL.I5BEAM;2025-06-30 17:31:21.0000000;8.91303299999998
BN_CONTROL.I5BEAM;2025-06-30 17:31:22.0000000;8.90233899999998
BN_CONTROL.I5BEAM;2025-06-30 17:31:23.0000000;8.89498600000002
BN_CONTROL.I5BEAM;2025-06-30 17:31:24.0000000;8.89214600000003
BN_CONTROL.I5BEAM;2025-06-30 17:31:25.0000000;8.880449
BN_CONTROL.I5BEAM;2025-06-30 17:31:26.0000000;8.877274
BN_CONTROL.I5BEAM;2025-06-30 17:31:27.0000000;8.872929
BN_CONTROL.I5BEAM;2025-06-30 17:31:28.0000000;8.86824999999999
BN_CONTROL.I5BEAM;2025-06-30 17:31:29.0000000;8.85922699999998
BN_CONTROL.I5BEAM;2025-06-30 17:31:30.0000000;8.85655300000002
BN_CONTROL.I5BEAM;2025-06-30 17:31:31.0000000;8.85003599999999
BN_CONTROL.I5BEAM;2025-06-30 17:31:32.0000000;8.84335199999998
BN_CONTROL.I5BEAM;2025-06-30 17:31:33.0000000;8.83600000000001
BN_CONTROL.I5BEAM;2025-06-30 17:31:34.0000000;8.83048500000001
BN_CONTROL.I5BEAM;2025-06-30 17:31:35.0000000;8.82664199999999
BN_CONTROL.I5BEAM;2025-06-30 17:31:36.0000000;8.81795299999999
BN_CONTROL.I5BEAM;2025-06-30 17:31:37.0000000;8.81695000000002
BN_CONTROL.I5BEAM;2025-06-30 17:31:38.0000000;8.80976500000003
BN_CONTROL.I5BEAM;2025-06-30 17:31:39.0000000;8.80659000000003
BN_CONTROL.I5BEAM;2025-06-30 17:31:40.0000000;8.79823499999998
BN_CONTROL.I5BEAM;2025-06-30 17:31:41.0000000;8.79589499999997
BN_CONTROL.I5BEAM;2025-06-30 17:31:42.0000000;8.786203
BN_CONTROL.I5BEAM;2025-06-30 17:31:43.0000000;8.77968600000003
BN_CONTROL.I5BEAM;2025-06-30 17:31:44.0000000;8.78035499999999
BN_CONTROL.I5BEAM;2025-06-30 17:31:45.0000000;8.77383800000001
BN_CONTROL.I5BEAM;2025-06-30 17:31:46.0000000;8.76247499999999
BN_CONTROL.I5BEAM;2025-06-30 17:31:47.0000000;8.76013499999999
BN_CONTROL.I5BEAM;2025-06-30 17:31:48.0000000;8.761639
BN_CONTROL.I5BEAM;2025-06-30 17:31:49.0000000;8.755289
BN_CONTROL.I5BEAM;2025-06-30 17:31:50.0000000;8.744595
BN_CONTROL.I5BEAM;2025-06-30 17:31:51.0000000;8.73807799999997
BN_CONTROL.I5BEAM;2025-06-30 17:31:52.0000000;8.73055799999997
BN_CONTROL.I5BEAM;2025-06-30 17:31:53.0000000;8.723206
BN_CONTROL.I5BEAM;2025-06-30 17:31:54.0000000;8.71852699999999
BN_CONTROL.I5BEAM;2025-06-30 17:31:55.0000000;8.71485100000001
BN_CONTROL.I5BEAM;2025-06-30 17:31:56.0000000;8.70933700000001
BN_CONTROL.I5BEAM;2025-06-30 17:31:57.0000000;8.70281999999997
BN_CONTROL.I5BEAM;2025-06-30 17:31:58.0000000;8.69763899999998
BN_CONTROL.I5BEAM;2025-06-30 17:31:59.0000000;8.693963
BN_CONTROL.I5BEAM;2025-06-30 17:32:00.0000000;8.68226600000003
BN_CONTROL.I5BEAM;2025-06-30 17:32:01.0000000;8.68193200000002
BN_CONTROL.I5BEAM;2025-06-30 17:32:02.0000000;8.674914
BN_CONTROL.I5BEAM;2025-06-30 17:32:03.0000000;8.66655900000001
BN_CONTROL.I5BEAM;2025-06-30 17:32:04.0000000;8.65887199999997
BN_CONTROL.I5BEAM;2025-06-30 17:32:05.0000000;8.65920599999998
BN_CONTROL.I5BEAM;2025-06-30 17:32:06.0000000;8.65920599999998
BN_CONTROL.I5BEAM;2025-06-30 17:32:07.0000000;8.65302300000002
BN_CONTROL.I5BEAM;2025-06-30 17:32:08.0000000;8.64901300000002
BN_CONTROL.I5BEAM;2025-06-30 17:32:09.0000000;8.64667300000002
BN_CONTROL.I5BEAM;2025-06-30 17:32:10.0000000;8.63898699999999
BN_CONTROL.I5BEAM;2025-06-30 17:32:11.0000000;8.634141
BN_CONTROL.I5BEAM;2025-06-30 17:32:12.0000000;8.63230299999998
BN_CONTROL.I5BEAM;2025-06-30 17:32:13.0000000;8.624616
BN_CONTROL.I5BEAM;2025-06-30 17:32:14.0000000;8.62043799999998
BN_CONTROL.I5BEAM;2025-06-30 17:32:15.0000000;8.61408899999998
BN_CONTROL.I5BEAM;2025-06-30 17:32:16.0000000;8.60907600000002
BN_CONTROL.I5BEAM;2025-06-30 17:32:17.0000000;8.60189000000003
BN_CONTROL.I5BEAM;2025-06-30 17:32:18.0000000;8.60255899999999
BN_CONTROL.I5BEAM;2025-06-30 17:32:19.0000000;8.59169700000001
BN_CONTROL.I5BEAM;2025-06-30 17:32:20.0000000;8.58534700000001
BN_CONTROL.I5BEAM;2025-06-30 17:32:21.0000000;8.58634999999998
BN_CONTROL.I5BEAM;2025-06-30 17:32:22.0000000;8.57916399999999
BN_CONTROL.I5BEAM;2025-06-30 17:32:23.0000000;8.57431800000001
BN_CONTROL.I5BEAM;2025-06-30 17:32:24.0000000;8.56830300000001
BN_CONTROL.I5BEAM;2025-06-30 17:32:25.0000000;8.56312300000002
BN_CONTROL.I5BEAM;2025-06-30 17:32:26.0000000;8.55877800000002
BN_CONTROL.I5BEAM;2025-06-30 17:32:27.0000000;8.54891900000001
BN_CONTROL.I5BEAM;2025-06-30 17:32:28.0000000;8.53521699999999
BN_CONTROL.I5BEAM;2025-06-30 17:32:29.0000000;8.53521699999999
BN_CONTROL.I5BEAM;2025-06-30 17:32:30.0000000;8.53705500000001
BN_CONTROL.I5BEAM;2025-06-30 17:32:31.0000000;8.52970199999999
BN_CONTROL.I5BEAM;2025-06-30 17:32:32.0000000;8.52886699999999
BN_CONTROL.I5BEAM;2025-06-30 17:32:33.0000000;8.52335199999999
BN_CONTROL.I5BEAM;2025-06-30 17:32:34.0000000;8.52435500000001
BN_CONTROL.I5BEAM;2025-06-30 17:32:35.0000000;8.518506
BN_CONTROL.I5BEAM;2025-06-30 17:32:36.0000000;8.51165500000002
BN_CONTROL.I5BEAM;2025-06-30 17:32:37.0000000;8.50914899999998
BN_CONTROL.I5BEAM;2025-06-30 17:32:38.0000000;8.49628200000001
BN_CONTROL.I5BEAM;2025-06-30 17:32:39.0000000;8.493943
BN_CONTROL.I5BEAM;2025-06-30 17:32:40.0000000;8.487258
BN_CONTROL.I5BEAM;2025-06-30 17:32:41.0000000;8.48241300000001
BN_CONTROL.I5BEAM;2025-06-30 17:32:42.0000000;8.48274700000002
BN_CONTROL.I5BEAM;2025-06-30 17:32:43.0000000;8.47806800000001
BN_CONTROL.I5BEAM;2025-06-30 17:32:44.0000000;8.468209
BN_CONTROL.I5BEAM;2025-06-30 17:32:45.0000000;8.46169200000003
BN_CONTROL.I5BEAM;2025-06-30 17:32:46.0000000;8.45500800000002
BN_CONTROL.I5BEAM;2025-06-30 17:32:47.0000000;8.45968699999997
BN_CONTROL.I5BEAM;2025-06-30 17:32:48.0000000;8.45300300000002
BN_CONTROL.I5BEAM;2025-06-30 17:32:49.0000000;8.45049599999999
BN_CONTROL.I5BEAM;2025-06-30 17:32:50.0000000;8.442475
BN_CONTROL.I5BEAM;2025-06-30 17:32:51.0000000;8.44314400000002
BN_CONTROL.I5BEAM;2025-06-30 17:32:52.0000000;8.43412000000001
BN_CONTROL.I5BEAM;2025-06-30 17:32:53.0000000;8.431781
BN_CONTROL.I5BEAM;2025-06-30 17:32:54.0000000;8.43027699999999
BN_CONTROL.I5BEAM;2025-06-30 17:32:55.0000000;8.42843900000003
BN_CONTROL.I5BEAM;2025-06-30 17:32:56.0000000;8.42158799999999
BN_CONTROL.I5BEAM;2025-06-30 17:32:57.0000000;8.41891399999997
BN_CONTROL.I5BEAM;2025-06-30 17:32:58.0000000;8.41523799999999
BN_CONTROL.I5BEAM;2025-06-30 17:32:59.0000000;8.406047
BN_CONTROL.I5BEAM;2025-06-30 17:33:00.0000000;8.40370799999999
BN_CONTROL.I5BEAM;2025-06-30 17:33:01.0000000;8.40253799999999
BN_CONTROL.I5BEAM;2025-06-30 17:33:02.0000000;8.40337299999999
BN_CONTROL.I5BEAM;2025-06-30 17:33:03.0000000;8.39334700000001
BN_CONTROL.I5BEAM;2025-06-30 17:33:04.0000000;8.38916999999998
BN_CONTROL.I5BEAM;2025-06-30 17:33:05.0000000;8.38616200000001
BN_CONTROL.I5BEAM;2025-06-30 17:33:06.0000000;8.37663700000002
BN_CONTROL.I5BEAM;2025-06-30 17:33:07.0000000;8.38365499999998
BN_CONTROL.I5BEAM;2025-06-30 17:33:08.0000000;8.37680399999999
BN_CONTROL.I5BEAM;2025-06-30 17:33:09.0000000;8.37613599999997
BN_CONTROL.I5BEAM;2025-06-30 17:33:10.0000000;8.37312800000001
BN_CONTROL.I5BEAM;2025-06-30 17:33:11.0000000;8.36343599999998
BN_CONTROL.I5BEAM;2025-06-30 17:33:12.0000000;8.35808900000001
BN_CONTROL.I5BEAM;2025-06-30 17:33:13.0000000;8.355749
BN_CONTROL.I5BEAM;2025-06-30 17:33:14.0000000;8.35524800000002
BN_CONTROL.I5BEAM;2025-06-30 17:33:15.0000000;8.35107099999999
BN_CONTROL.I5BEAM;2025-06-30 17:33:16.0000000;8.35006800000002
BN_CONTROL.I5BEAM;2025-06-30 17:33:17.0000000;8.34706
BN_CONTROL.I5BEAM;2025-06-30 17:33:18.0000000;8.342716
BN_CONTROL.I5BEAM;2025-06-30 17:33:19.0000000;8.33686699999998
BN_CONTROL.I5BEAM;2025-06-30 17:33:20.0000000;8.33419300000003
BN_CONTROL.I5BEAM;2025-06-30 17:33:21.0000000;8.33252199999998
BN_CONTROL.I5BEAM;2025-06-30 17:33:22.0000000;8.330851
BN_CONTROL.I5BEAM;2025-06-30 17:33:23.0000000;8.32734199999999
BN_CONTROL.I5BEAM;2025-06-30 17:33:24.0000000;8.32734199999999
BN_CONTROL.I5BEAM;2025-06-30 17:33:25.0000000;8.32149399999997
BN_CONTROL.I5BEAM;2025-06-30 17:33:26.0000000;8.31664799999999
BN_CONTROL.I5BEAM;2025-06-30 17:33:27.0000000;8.31948799999998
BN_CONTROL.I5BEAM;2025-06-30 17:33:28.0000000;8.31029799999999
BN_CONTROL.I5BEAM;2025-06-30 17:33:29.0000000;8.31130000000002
BN_CONTROL.I5BEAM;2025-06-30 17:33:30.0000000;8.30779100000001
BN_CONTROL.I5BEAM;2025-06-30 17:33:31.0000000;8.30177600000002
BN_CONTROL.I5BEAM;2025-06-30 17:33:32.0000000;8.28940999999998
BN_CONTROL.I5BEAM;2025-06-30 17:33:33.0000000;8.28940999999998
BN_CONTROL.I5BEAM;2025-06-30 17:33:34.0000000;8.28523300000001
BN_CONTROL.I5BEAM;2025-06-30 17:33:35.0000000;8.281723
BN_CONTROL.I5BEAM;2025-06-30 17:33:36.0000000;8.28422999999998
BN_CONTROL.I5BEAM;2025-06-30 17:33:37.0000000;8.275374
BN_CONTROL.I5BEAM;2025-06-30 17:33:38.0000000;8.27787999999998
BN_CONTROL.I5BEAM;2025-06-30 17:33:39.0000000;8.27520700000002
BN_CONTROL.I5BEAM;2025-06-30 17:33:40.0000000;8.26601599999998
BN_CONTROL.I5BEAM;2025-06-30 17:33:41.0000000;8.26534800000002
BN_CONTROL.I5BEAM;2025-06-30 17:33:42.0000000;8.26484599999998
BN_CONTROL.I5BEAM;2025-06-30 17:33:43.0000000;8.26016700000002
BN_CONTROL.I5BEAM;2025-06-30 17:33:44.0000000;8.259165
BN_CONTROL.I5BEAM;2025-06-30 17:33:45.0000000;8.24863699999997
BN_CONTROL.I5BEAM;2025-06-30 17:33:46.0000000;8.24863699999997
BN_CONTROL.I5BEAM;2025-06-30 17:33:47.0000000;8.24546199999998
BN_CONTROL.I5BEAM;2025-06-30 17:33:48.0000000;8.24429300000003
BN_CONTROL.I5BEAM;2025-06-30 17:33:49.0000000;8.23827699999998
BN_CONTROL.I5BEAM;2025-06-30 17:33:50.0000000;8.232596
BN_CONTROL.I5BEAM;2025-06-30 17:33:51.0000000;8.22658000000001
BN_CONTROL.I5BEAM;2025-06-30 17:33:52.0000000;8.23426699999999
BN_CONTROL.I5BEAM;2025-06-30 17:33:53.0000000;8.223906
BN_CONTROL.I5BEAM;2025-06-30 17:33:54.0000000;8.22891900000002
BN_CONTROL.I5BEAM;2025-06-30 17:33:55.0000000;8.21505000000002
BN_CONTROL.I5BEAM;2025-06-30 17:33:56.0000000;8.22173400000003
BN_CONTROL.I5BEAM;2025-06-30 17:33:57.0000000;8.21622000000002
BN_CONTROL.I5BEAM;2025-06-30 17:33:58.0000000;8.20987000000002
BN_CONTROL.I5BEAM;2025-06-30 17:33:59.0000000;8.20151499999997
BN_CONTROL.I5BEAM;2025-06-30 17:34:00.0000000;8.20034500000003
BN_CONTROL.I5BEAM;2025-06-30 17:34:01.0000000;8.194998
BN_CONTROL.I5BEAM;2025-06-30 17:34:02.0000000;8.192993
BN_CONTROL.I5BEAM;2025-06-30 17:34:03.0000000;8.18848100000002
BN_CONTROL.I5BEAM;2025-06-30 17:34:04.0000000;8.19115399999998
BN_CONTROL.I5BEAM;2025-06-30 17:34:05.0000000;8.17878899999999
BN_CONTROL.I5BEAM;2025-06-30 17:34:06.0000000;8.17979100000002
BN_CONTROL.I5BEAM;2025-06-30 17:34:07.0000000;8.17461100000003
BN_CONTROL.I5BEAM;2025-06-30 17:34:08.0000000;8.17461100000003
BN_CONTROL.I5BEAM;2025-06-30 17:34:09.0000000;8.17661700000002
BN_CONTROL.I5BEAM;2025-06-30 17:34:10.0000000;8.17711800000001
BN_CONTROL.I5BEAM;2025-06-30 17:34:11.0000000;8.16775999999999
BN_CONTROL.I5BEAM;2025-06-30 17:34:12.0000000;8.15823499999999
BN_CONTROL.I5BEAM;2025-06-30 17:34:13.0000000;8.15706599999999
BN_CONTROL.I5BEAM;2025-06-30 17:34:14.0000000;8.14921199999998
BN_CONTROL.I5BEAM;2025-06-30 17:34:15.0000000;8.14837599999998
BN_CONTROL.I5BEAM;2025-06-30 17:34:16.0000000;8.15305499999999
BN_CONTROL.I5BEAM;2025-06-30 17:34:17.0000000;8.14837599999998
BN_CONTROL.I5BEAM;2025-06-30 17:34:18.0000000;8.14419900000001
BN_CONTROL.I5BEAM;2025-06-30 17:34:19.0000000;8.14018800000002
BN_CONTROL.I5BEAM;2025-06-30 17:34:20.0000000;8.13901900000002
BN_CONTROL.I5BEAM;2025-06-30 17:34:21.0000000;8.14236099999999
BN_CONTROL.I5BEAM;2025-06-30 17:34:22.0000000;8.13534199999998
BN_CONTROL.I5BEAM;2025-06-30 17:34:23.0000000;8.130831
BN_CONTROL.I5BEAM;2025-06-30 17:34:24.0000000;8.13300299999997
BN_CONTROL.I5BEAM;2025-06-30 17:34:25.0000000;8.12581799999998
BN_CONTROL.I5BEAM;2025-06-30 17:34:26.0000000;8.12063799999999
BN_CONTROL.I5BEAM;2025-06-30 17:34:27.0000000;8.120136
BN_CONTROL.I5BEAM;2025-06-30 17:34:28.0000000;8.11662699999999
BN_CONTROL.I5BEAM;2025-06-30 17:34:29.0000000;8.11512299999998
BN_CONTROL.I5BEAM;2025-06-30 17:34:30.0000000;8.11094600000001
BN_CONTROL.I5BEAM;2025-06-30 17:34:31.0000000;8.11161399999997
BN_CONTROL.I5BEAM;2025-06-30 17:34:32.0000000;8.11245000000002
BN_CONTROL.I5BEAM;2025-06-30 17:34:33.0000000;8.10526399999998
BN_CONTROL.I5BEAM;2025-06-30 17:34:34.0000000;8.106267
BN_CONTROL.I5BEAM;2025-06-30 17:34:35.0000000;8.09624100000002
BN_CONTROL.I5BEAM;2025-06-30 17:34:36.0000000;8.09624100000002
BN_CONTROL.I5BEAM;2025-06-30 17:34:37.0000000;8.09306600000002
BN_CONTROL.I5BEAM;2025-06-30 17:34:38.0000000;8.09390100000002
BN_CONTROL.I5BEAM;2025-06-30 17:34:39.0000000;8.08086700000001
BN_CONTROL.I5BEAM;2025-06-30 17:34:40.0000000;8.07568700000002
BN_CONTROL.I5BEAM;2025-06-30 17:34:41.0000000;8.07568700000002
BN_CONTROL.I5BEAM;2025-06-30 17:34:42.0000000;8.08069999999998
BN_CONTROL.I5BEAM;2025-06-30 17:34:43.0000000;8.07986499999998
BN_CONTROL.I5BEAM;2025-06-30 17:34:44.0000000;8.078194
BN_CONTROL.I5BEAM;2025-06-30 17:34:45.0000000;8.07084099999997
BN_CONTROL.I5BEAM;2025-06-30 17:34:46.0000000;8.06916999999999
BN_CONTROL.I5BEAM;2025-06-30 17:34:47.0000000;8.06465800000001
BN_CONTROL.I5BEAM;2025-06-30 17:34:48.0000000;8.07000599999998
BN_CONTROL.I5BEAM;2025-06-30 17:34:49.0000000;8.06415700000002
BN_CONTROL.I5BEAM;2025-06-30 17:34:50.0000000;8.05830900000001
BN_CONTROL.I5BEAM;2025-06-30 17:34:51.0000000;8.05713900000001
BN_CONTROL.I5BEAM;2025-06-30 17:34:52.0000000;8.05429800000002
BN_CONTROL.I5BEAM;2025-06-30 17:34:53.0000000;8.04961900000001
BN_CONTROL.I5BEAM;2025-06-30 17:34:54.0000000;8.055969
BN_CONTROL.I5BEAM;2025-06-30 17:34:55.0000000;8.0421
BN_CONTROL.I5BEAM;2025-06-30 17:34:56.0000000;8.04845
BN_CONTROL.I5BEAM;2025-06-30 17:34:57.0000000;8.04845
BN_CONTROL.I5BEAM;2025-06-30 17:34:58.0000000;8.04109699999998
BN_CONTROL.I5BEAM;2025-06-30 17:34:59.0000000;8.03491400000001
BN_CONTROL.I5BEAM;2025-06-30 17:35:00.0000000;8.03491400000001
BN_CONTROL.I5BEAM;2025-06-30 17:35:01.0000000;8.03558299999997
BN_CONTROL.I5BEAM;2025-06-30 17:35:02.0000000;8.03073699999999
BN_CONTROL.I5BEAM;2025-06-30 17:35:03.0000000;8.02806299999997
BN_CONTROL.I5BEAM;2025-06-30 17:35:04.0000000;8.02572400000003
BN_CONTROL.I5BEAM;2025-06-30 17:35:05.0000000;8.01853799999998
BN_CONTROL.I5BEAM;2025-06-30 17:35:06.0000000;8.01853799999998
BN_CONTROL.I5BEAM;2025-06-30 17:35:07.0000000;8.01168699999999
BN_CONTROL.I5BEAM;2025-06-30 17:35:08.0000000;8.01235600000001
BN_CONTROL.I5BEAM;2025-06-30 17:35:09.0000000;8.01051799999999
BN_CONTROL.I5BEAM;2025-06-30 17:35:10.0000000;8.00834500000002
BN_CONTROL.I5BEAM;2025-06-30 17:35:11.0000000;8.00416799999999
BN_CONTROL.I5BEAM;2025-06-30 17:35:12.0000000;7.99932200000001
BN_CONTROL.I5BEAM;2025-06-30 17:35:13.0000000;8.00550399999997
BN_CONTROL.I5BEAM;2025-06-30 17:35:14.0000000;7.99514399999998
BN_CONTROL.I5BEAM;2025-06-30 17:35:15.0000000;7.994643
BN_CONTROL.I5BEAM;2025-06-30 17:35:16.0000000;7.99631399999998
BN_CONTROL.I5BEAM;2025-06-30 17:35:17.0000000;7.99013100000002
BN_CONTROL.I5BEAM;2025-06-30 17:35:18.0000000;7.98896100000002
BN_CONTROL.I5BEAM;2025-06-30 17:35:19.0000000;7.98261200000002
BN_CONTROL.I5BEAM;2025-06-30 17:35:20.0000000;7.983948
BN_CONTROL.I5BEAM;2025-06-30 17:35:21.0000000;7.97726399999999
BN_CONTROL.I5BEAM;2025-06-30 17:35:22.0000000;7.977599
BN_CONTROL.I5BEAM;2025-06-30 17:35:23.0000000;7.97776599999997
BN_CONTROL.I5BEAM;2025-06-30 17:35:24.0000000;7.972418
BN_CONTROL.I5BEAM;2025-06-30 17:35:25.0000000;7.97074700000002
BN_CONTROL.I5BEAM;2025-06-30 17:35:26.0000000;7.96239200000002
BN_CONTROL.I5BEAM;2025-06-30 17:35:27.0000000;7.96707099999998
BN_CONTROL.I5BEAM;2025-06-30 17:35:28.0000000;7.96189099999998
BN_CONTROL.I5BEAM;2025-06-30 17:35:29.0000000;7.96088800000001
BN_CONTROL.I5BEAM;2025-06-30 17:35:30.0000000;7.96356200000002
BN_CONTROL.I5BEAM;2025-06-30 17:35:31.0000000;7.95637699999997
BN_CONTROL.I5BEAM;2025-06-30 17:35:32.0000000;7.94969300000002
BN_CONTROL.I5BEAM;2025-06-30 17:35:33.0000000;7.95336900000001
BN_CONTROL.I5BEAM;2025-06-30 17:35:34.0000000;7.94635099999999
BN_CONTROL.I5BEAM;2025-06-30 17:35:35.0000000;7.951865
BN_CONTROL.I5BEAM;2025-06-30 17:35:36.0000000;7.94334300000003
BN_CONTROL.I5BEAM;2025-06-30 17:35:37.0000000;7.94935800000002
BN_CONTROL.I5BEAM;2025-06-30 17:35:38.0000000;7.93716000000001
BN_CONTROL.I5BEAM;2025-06-30 17:35:39.0000000;7.94016800000003
BN_CONTROL.I5BEAM;2025-06-30 17:35:40.0000000;7.93732699999998
BN_CONTROL.I5BEAM;2025-06-30 17:35:41.0000000;7.936826
BN_CONTROL.I5BEAM;2025-06-30 17:35:42.0000000;7.93465300000003
BN_CONTROL.I5BEAM;2025-06-30 17:35:43.0000000;7.93198000000001
BN_CONTROL.I5BEAM;2025-06-30 17:35:44.0000000;7.92897199999999
BN_CONTROL.I5BEAM;2025-06-30 17:35:45.0000000;7.91827699999999
BN_CONTROL.I5BEAM;2025-06-30 17:35:46.0000000;7.92078400000003
BN_CONTROL.I5BEAM;2025-06-30 17:35:47.0000000;7.91727500000002
BN_CONTROL.I5BEAM;2025-06-30 17:35:48.0000000;7.91643900000003
BN_CONTROL.I5BEAM;2025-06-30 17:35:49.0000000;7.91827699999999
BN_CONTROL.I5BEAM;2025-06-30 17:35:50.0000000;7.91159299999998
BN_CONTROL.I5BEAM;2025-06-30 17:35:51.0000000;7.91259600000001
BN_CONTROL.I5BEAM;2025-06-30 17:35:52.0000000;7.90858600000001
BN_CONTROL.I5BEAM;2025-06-30 17:35:53.0000000;7.90524399999998
BN_CONTROL.I5BEAM;2025-06-30 17:35:54.0000000;7.903907
BN_CONTROL.I5BEAM;2025-06-30 17:35:55.0000000;7.90006299999999
BN_CONTROL.I5BEAM;2025-06-30 17:35:56.0000000;7.899562
BN_CONTROL.I5BEAM;2025-06-30 17:35:57.0000000;7.90190100000001
BN_CONTROL.I5BEAM;2025-06-30 17:35:58.0000000;7.89187500000003
BN_CONTROL.I5BEAM;2025-06-30 17:35:59.0000000;7.89187500000003
BN_CONTROL.I5BEAM;2025-06-30 17:36:00.0000000;7.89304499999997
BN_CONTROL.I5BEAM;2025-06-30 17:36:01.0000000;7.889703
BN_CONTROL.I5BEAM;2025-06-30 17:36:02.0000000;7.889703
BN_CONTROL.I5BEAM;2025-06-30 17:36:03.0000000;7.88402200000002
BN_CONTROL.I5BEAM;2025-06-30 17:36:04.0000000;7.88351999999998
BN_CONTROL.I5BEAM;2025-06-30 17:36:05.0000000;7.882518
BN_CONTROL.I5BEAM;2025-06-30 17:36:06.0000000;7.87566700000002
BN_CONTROL.I5BEAM;2025-06-30 17:36:07.0000000;7.87650200000002
BN_CONTROL.I5BEAM;2025-06-30 17:36:08.0000000;7.87750499999999
BN_CONTROL.I5BEAM;2025-06-30 17:36:09.0000000;7.86864800000001
BN_CONTROL.I5BEAM;2025-06-30 17:36:10.0000000;7.87516499999998
BN_CONTROL.I5BEAM;2025-06-30 17:36:11.0000000;7.86447099999998
BN_CONTROL.I5BEAM;2025-06-30 17:36:12.0000000;7.86447099999998
BN_CONTROL.I5BEAM;2025-06-30 17:36:13.0000000;7.86162999999999
BN_CONTROL.I5BEAM;2025-06-30 17:36:14.0000000;7.860794
BN_CONTROL.I5BEAM;2025-06-30 17:36:15.0000000;7.85812099999998
BN_CONTROL.I5BEAM;2025-06-30 17:36:16.0000000;7.85160400000001
BN_CONTROL.I5BEAM;2025-06-30 17:36:17.0000000;7.85160400000001
BN_CONTROL.I5BEAM;2025-06-30 17:36:18.0000000;7.852439
BN_CONTROL.I5BEAM;2025-06-30 17:36:19.0000000;7.85143699999998
BN_CONTROL.I5BEAM;2025-06-30 17:36:20.0000000;7.84508699999998
BN_CONTROL.I5BEAM;2025-06-30 17:36:21.0000000;7.83656500000001
BN_CONTROL.I5BEAM;2025-06-30 17:36:22.0000000;7.83656500000001
BN_CONTROL.I5BEAM;2025-06-30 17:36:23.0000000;7.83589599999999
BN_CONTROL.I5BEAM;2025-06-30 17:36:24.0000000;7.83673199999998
BN_CONTROL.I5BEAM;2025-06-30 17:36:25.0000000;7.83004799999998
BN_CONTROL.I5BEAM;2025-06-30 17:36:26.0000000;7.83105
BN_CONTROL.I5BEAM;2025-06-30 17:36:27.0000000;7.83105
BN_CONTROL.I5BEAM;2025-06-30 17:36:28.0000000;7.82503500000001
BN_CONTROL.I5BEAM;2025-06-30 17:36:29.0000000;7.81584400000003
BN_CONTROL.I5BEAM;2025-06-30 17:36:30.0000000;7.816011
BN_CONTROL.I5BEAM;2025-06-30 17:36:31.0000000;7.81317100000001
BN_CONTROL.I5BEAM;2025-06-30 17:36:32.0000000;7.81317100000001
BN_CONTROL.I5BEAM;2025-06-30 17:36:33.0000000;7.80631899999997
BN_CONTROL.I5BEAM;2025-06-30 17:36:34.0000000;7.80548399999998
BN_CONTROL.I5BEAM;2025-06-30 17:36:35.0000000;7.79996899999998
BN_CONTROL.I5BEAM;2025-06-30 17:36:36.0000000;7.79629299999999
BN_CONTROL.I5BEAM;2025-06-30 17:36:37.0000000;7.79579200000001
BN_CONTROL.I5BEAM;2025-06-30 17:36:38.0000000;7.79144700000001
BN_CONTROL.I5BEAM;2025-06-30 17:36:39.0000000;7.787938
BN_CONTROL.I5BEAM;2025-06-30 17:36:40.0000000;7.783928
BN_CONTROL.I5BEAM;2025-06-30 17:36:41.0000000;7.78409499999998
BN_CONTROL.I5BEAM;2025-06-30 17:36:42.0000000;7.783928
BN_CONTROL.I5BEAM;2025-06-30 17:36:43.0000000;7.780753
BN_CONTROL.I5BEAM;2025-06-30 17:36:44.0000000;7.77774499999998
BN_CONTROL.I5BEAM;2025-06-30 17:36:45.0000000;7.775238
BN_CONTROL.I5BEAM;2025-06-30 17:36:46.0000000;7.772064
BN_CONTROL.I5BEAM;2025-06-30 17:36:47.0000000;7.76922300000001
BN_CONTROL.I5BEAM;2025-06-30 17:36:48.0000000;7.76704999999998
BN_CONTROL.I5BEAM;2025-06-30 17:36:49.0000000;7.76186999999999
BN_CONTROL.I5BEAM;2025-06-30 17:36:50.0000000;7.75769300000002
BN_CONTROL.I5BEAM;2025-06-30 17:36:51.0000000;7.75869499999999
BN_CONTROL.I5BEAM;2025-06-30 17:36:52.0000000;7.75635599999998
BN_CONTROL.I5BEAM;2025-06-30 17:36:53.0000000;7.75184400000001
BN_CONTROL.I5BEAM;2025-06-30 17:36:54.0000000;7.75268
BN_CONTROL.I5BEAM;2025-06-30 17:36:55.0000000;7.74248699999998
BN_CONTROL.I5BEAM;2025-06-30 17:36:56.0000000;7.73697199999998
BN_CONTROL.I5BEAM;2025-06-30 17:36:57.0000000;7.73580199999998
BN_CONTROL.I5BEAM;2025-06-30 17:36:58.0000000;7.73463299999997
BN_CONTROL.I5BEAM;2025-06-30 17:36:59.0000000;7.73363000000001
BN_CONTROL.I5BEAM;2025-06-30 17:37:00.0000000;7.72995400000002
BN_CONTROL.I5BEAM;2025-06-30 17:37:01.0000000;7.731291
BN_CONTROL.I5BEAM;2025-06-30 17:37:02.0000000;7.72594299999997
BN_CONTROL.I5BEAM;2025-06-30 17:37:03.0000000;7.72427199999998
BN_CONTROL.I5BEAM;2025-06-30 17:37:04.0000000;7.72327000000001
BN_CONTROL.I5BEAM;2025-06-30 17:37:05.0000000;7.72143199999999
BN_CONTROL.I5BEAM;2025-06-30 17:37:06.0000000;7.71675299999998
BN_CONTROL.I5BEAM;2025-06-30 17:37:07.0000000;7.71123899999998
BN_CONTROL.I5BEAM;2025-06-30 17:37:08.0000000;7.71090400000003
BN_CONTROL.I5BEAM;2025-06-30 17:37:09.0000000;7.71157299999999
BN_CONTROL.I5BEAM;2025-06-30 17:37:10.0000000;7.70772899999997
BN_CONTROL.I5BEAM;2025-06-30 17:37:11.0000000;7.70622500000002
BN_CONTROL.I5BEAM;2025-06-30 17:37:12.0000000;7.69954100000001
BN_CONTROL.I5BEAM;2025-06-30 17:37:13.0000000;7.69569799999999
BN_CONTROL.I5BEAM;2025-06-30 17:37:14.0000000;7.69536399999998
BN_CONTROL.I5BEAM;2025-06-30 17:37:15.0000000;7.68951499999997
BN_CONTROL.I5BEAM;2025-06-30 17:37:16.0000000;7.68767700000001
BN_CONTROL.I5BEAM;2025-06-30 17:37:17.0000000;7.68767700000001
BN_CONTROL.I5BEAM;2025-06-30 17:37:18.0000000;7.69436100000001
BN_CONTROL.I5BEAM;2025-06-30 17:37:19.0000000;7.69269000000003
BN_CONTROL.I5BEAM;2025-06-30 17:37:20.0000000;7.68567200000001
BN_CONTROL.I5BEAM;2025-06-30 17:37:21.0000000;7.679823
BN_CONTROL.I5BEAM;2025-06-30 17:37:22.0000000;7.676648
BN_CONTROL.I5BEAM;2025-06-30 17:37:23.0000000;7.67765100000003
BN_CONTROL.I5BEAM;2025-06-30 17:37:24.0000000;7.67397499999998
BN_CONTROL.I5BEAM;2025-06-30 17:37:25.0000000;7.66979700000002
BN_CONTROL.I5BEAM;2025-06-30 17:37:26.0000000;7.670299
BN_CONTROL.I5BEAM;2025-06-30 17:37:27.0000000;7.667959
BN_CONTROL.I5BEAM;2025-06-30 17:37:28.0000000;7.667124
BN_CONTROL.I5BEAM;2025-06-30 17:37:29.0000000;7.66378200000003
BN_CONTROL.I5BEAM;2025-06-30 17:37:30.0000000;7.66327999999999
BN_CONTROL.I5BEAM;2025-06-30 17:37:31.0000000;7.66244499999999
BN_CONTROL.I5BEAM;2025-06-30 17:37:32.0000000;7.65626200000003
BN_CONTROL.I5BEAM;2025-06-30 17:37:33.0000000;7.65576099999998
BN_CONTROL.I5BEAM;2025-06-30 17:37:34.0000000;7.65124900000001
BN_CONTROL.I5BEAM;2025-06-30 17:37:35.0000000;7.64891
BN_CONTROL.I5BEAM;2025-06-30 17:37:36.0000000;7.64690400000001
BN_CONTROL.I5BEAM;2025-06-30 17:37:37.0000000;7.64289400000001
BN_CONTROL.I5BEAM;2025-06-30 17:37:38.0000000;7.63804800000003
BN_CONTROL.I5BEAM;2025-06-30 17:37:39.0000000;7.64406400000001
BN_CONTROL.I5BEAM;2025-06-30 17:37:40.0000000;7.63871599999999
BN_CONTROL.I5BEAM;2025-06-30 17:37:41.0000000;7.63604299999997
BN_CONTROL.I5BEAM;2025-06-30 17:37:42.0000000;7.63453900000002
BN_CONTROL.I5BEAM;2025-06-30 17:37:43.0000000;7.63169799999997
BN_CONTROL.I5BEAM;2025-06-30 17:37:44.0000000;7.63236699999999
BN_CONTROL.I5BEAM;2025-06-30 17:37:45.0000000;7.62417900000003
BN_CONTROL.I5BEAM;2025-06-30 17:37:46.0000000;7.62284199999999
BN_CONTROL.I5BEAM;2025-06-30 17:37:47.0000000;7.61866400000002
BN_CONTROL.I5BEAM;2025-06-30 17:37:48.0000000;7.61515500000002
BN_CONTROL.I5BEAM;2025-06-30 17:37:49.0000000;7.609307
BN_CONTROL.I5BEAM;2025-06-30 17:37:50.0000000;7.609307
BN_CONTROL.I5BEAM;2025-06-30 17:37:51.0000000;7.60863799999998
BN_CONTROL.I5BEAM;2025-06-30 17:37:52.0000000;7.60128600000002
BN_CONTROL.I5BEAM;2025-06-30 17:37:53.0000000;7.60730100000001
BN_CONTROL.I5BEAM;2025-06-30 17:37:54.0000000;7.60128600000002
BN_CONTROL.I5BEAM;2025-06-30 17:37:55.0000000;7.59560399999998
BN_CONTROL.I5BEAM;2025-06-30 17:37:56.0000000;7.59677399999998
BN_CONTROL.I5BEAM;2025-06-30 17:37:57.0000000;7.59159399999999
BN_CONTROL.I5BEAM;2025-06-30 17:37:58.0000000;7.59075799999999
BN_CONTROL.I5BEAM;2025-06-30 17:37:59.0000000;7.59209499999997
BN_CONTROL.I5BEAM;2025-06-30 17:38:00.0000000;7.58691499999998
BN_CONTROL.I5BEAM;2025-06-30 17:38:01.0000000;7.58223600000002
BN_CONTROL.I5BEAM;2025-06-30 17:38:02.0000000;7.58173499999998
BN_CONTROL.I5BEAM;2025-06-30 17:38:03.0000000;7.57789100000002
BN_CONTROL.I5BEAM;2025-06-30 17:38:04.0000000;7.58140100000003
BN_CONTROL.I5BEAM;2025-06-30 17:38:05.0000000;7.57388099999997
BN_CONTROL.I5BEAM;2025-06-30 17:38:06.0000000;7.57337999999999
BN_CONTROL.I5BEAM;2025-06-30 17:38:07.0000000;7.56836700000002
BN_CONTROL.I5BEAM;2025-06-30 17:38:08.0000000;7.56602700000002
BN_CONTROL.I5BEAM;2025-06-30 17:38:09.0000000;7.56936899999999
BN_CONTROL.I5BEAM;2025-06-30 17:38:10.0000000;7.56602700000002
BN_CONTROL.I5BEAM;2025-06-30 17:38:11.0000000;7.559009
BN_CONTROL.I5BEAM;2025-06-30 17:38:12.0000000;7.56118099999998
BN_CONTROL.I5BEAM;2025-06-30 17:38:13.0000000;7.55934300000001
BN_CONTROL.I5BEAM;2025-06-30 17:38:14.0000000;7.55048699999998
BN_CONTROL.I5BEAM;2025-06-30 17:38:15.0000000;7.54864900000001
BN_CONTROL.I5BEAM;2025-06-30 17:38:16.0000000;7.55048699999998
BN_CONTROL.I5BEAM;2025-06-30 17:38:17.0000000;7.54898300000002
BN_CONTROL.I5BEAM;2025-06-30 17:38:18.0000000;7.54530699999998
BN_CONTROL.I5BEAM;2025-06-30 17:38:19.0000000;7.53828800000002
BN_CONTROL.I5BEAM;2025-06-30 17:38:20.0000000;7.54096199999998
BN_CONTROL.I5BEAM;2025-06-30 17:38:21.0000000;7.53661699999998
BN_CONTROL.I5BEAM;2025-06-30 17:38:22.0000000;7.52876400000002
BN_CONTROL.I5BEAM;2025-06-30 17:38:23.0000000;7.52742699999999
BN_CONTROL.I5BEAM;2025-06-30 17:38:24.0000000;7.52542199999999
BN_CONTROL.I5BEAM;2025-06-30 17:38:25.0000000;7.52542199999999
BN_CONTROL.I5BEAM;2025-06-30 17:38:26.0000000;7.52508699999999
BN_CONTROL.I5BEAM;2025-06-30 17:38:27.0000000;7.52425199999999
BN_CONTROL.I5BEAM;2025-06-30 17:38:28.0000000;7.51974000000001
BN_CONTROL.I5BEAM;2025-06-30 17:38:29.0000000;7.521411
BN_CONTROL.I5BEAM;2025-06-30 17:38:30.0000000;7.513892
BN_CONTROL.I5BEAM;2025-06-30 17:38:31.0000000;7.51456000000002
BN_CONTROL.I5BEAM;2025-06-30 17:38:32.0000000;7.509547
BN_CONTROL.I5BEAM;2025-06-30 17:38:33.0000000;7.51222100000001
BN_CONTROL.I5BEAM;2025-06-30 17:38:34.0000000;7.498017
BN_CONTROL.I5BEAM;2025-06-30 17:38:35.0000000;7.50252899999998
BN_CONTROL.I5BEAM;2025-06-30 17:38:36.0000000;7.50018899999998
BN_CONTROL.I5BEAM;2025-06-30 17:38:37.0000000;7.50018899999998
BN_CONTROL.I5BEAM;2025-06-30 17:38:38.0000000;7.492503
BN_CONTROL.I5BEAM;2025-06-30 17:38:39.0000000;7.49300399999998
BN_CONTROL.I5BEAM;2025-06-30 17:38:40.0000000;7.50369799999999
BN_CONTROL.I5BEAM;2025-06-30 17:38:41.0000000;7.49500899999998
BN_CONTROL.I5BEAM;2025-06-30 17:38:42.0000000;7.48999600000002
BN_CONTROL.I5BEAM;2025-06-30 17:38:43.0000000;7.48414700000001
BN_CONTROL.I5BEAM;2025-06-30 17:38:44.0000000;7.484983
BN_CONTROL.I5BEAM;2025-06-30 17:38:45.0000000;7.47679499999998
BN_CONTROL.I5BEAM;2025-06-30 17:38:46.0000000;7.47712899999999
BN_CONTROL.I5BEAM;2025-06-30 17:38:47.0000000;7.47930100000002
BN_CONTROL.I5BEAM;2025-06-30 17:38:48.0000000;7.47462300000001
BN_CONTROL.I5BEAM;2025-06-30 17:38:49.0000000;7.47462300000001
BN_CONTROL.I5BEAM;2025-06-30 17:38:50.0000000;7.46643499999999
BN_CONTROL.I5BEAM;2025-06-30 17:38:51.0000000;7.46409499999999
BN_CONTROL.I5BEAM;2025-06-30 17:38:52.0000000;7.46108700000002
BN_CONTROL.I5BEAM;2025-06-30 17:38:53.0000000;7.46292599999998
BN_CONTROL.I5BEAM;2025-06-30 17:38:54.0000000;7.45540599999998
BN_CONTROL.I5BEAM;2025-06-30 17:38:55.0000000;7.44989199999998
BN_CONTROL.I5BEAM;2025-06-30 17:38:56.0000000;7.45975099999998
BN_CONTROL.I5BEAM;2025-06-30 17:38:57.0000000;7.45256499999999
BN_CONTROL.I5BEAM;2025-06-30 17:38:58.0000000;7.44504599999999
BN_CONTROL.I5BEAM;2025-06-30 17:38:59.0000000;7.44805300000002
BN_CONTROL.I5BEAM;2025-06-30 17:39:00.0000000;7.44404300000002
BN_CONTROL.I5BEAM;2025-06-30 17:39:01.0000000;7.441035
BN_CONTROL.I5BEAM;2025-06-30 17:39:02.0000000;7.44487900000001
BN_CONTROL.I5BEAM;2025-06-30 17:39:03.0000000;7.44237199999998
BN_CONTROL.I5BEAM;2025-06-30 17:39:04.0000000;7.43000699999999
BN_CONTROL.I5BEAM;2025-06-30 17:39:05.0000000;7.42800099999999
BN_CONTROL.I5BEAM;2025-06-30 17:39:06.0000000;7.42883699999999
BN_CONTROL.I5BEAM;2025-06-30 17:39:07.0000000;7.427166
BN_CONTROL.I5BEAM;2025-06-30 17:39:08.0000000;7.41998000000001
BN_CONTROL.I5BEAM;2025-06-30 17:39:09.0000000;7.418476
BN_CONTROL.I5BEAM;2025-06-30 17:39:10.0000000;7.417641
BN_CONTROL.I5BEAM;2025-06-30 17:39:11.0000000;7.41546899999997
BN_CONTROL.I5BEAM;2025-06-30 17:39:12.0000000;7.41229399999997
BN_CONTROL.I5BEAM;2025-06-30 17:39:13.0000000;7.40945299999999
BN_CONTROL.I5BEAM;2025-06-30 17:39:14.0000000;7.40276899999998
BN_CONTROL.I5BEAM;2025-06-30 17:39:15.0000000;7.403437
BN_CONTROL.I5BEAM;2025-06-30 17:39:16.0000000;7.40677899999997
BN_CONTROL.I5BEAM;2025-06-30 17:39:17.0000000;7.39909299999999
BN_CONTROL.I5BEAM;2025-06-30 17:39:18.0000000;7.39591799999999
BN_CONTROL.I5BEAM;2025-06-30 17:39:19.0000000;7.39842399999998
BN_CONTROL.I5BEAM;2025-06-30 17:39:20.0000000;7.39240899999999
BN_CONTROL.I5BEAM;2025-06-30 17:39:21.0000000;7.39107200000001
BN_CONTROL.I5BEAM;2025-06-30 17:39:22.0000000;7.38422100000003
BN_CONTROL.I5BEAM;2025-06-30 17:39:23.0000000;7.38254999999998
BN_CONTROL.I5BEAM;2025-06-30 17:39:24.0000000;7.38422100000003
BN_CONTROL.I5BEAM;2025-06-30 17:39:25.0000000;7.37670100000003
BN_CONTROL.I5BEAM;2025-06-30 17:39:26.0000000;7.37603300000001
BN_CONTROL.I5BEAM;2025-06-30 17:39:27.0000000;7.37653399999999
BN_CONTROL.I5BEAM;2025-06-30 17:39:28.0000000;7.37068499999998
BN_CONTROL.I5BEAM;2025-06-30 17:39:29.0000000;7.36851300000001
BN_CONTROL.I5BEAM;2025-06-30 17:39:30.0000000;7.36834599999997
BN_CONTROL.I5BEAM;2025-06-30 17:39:31.0000000;7.36634099999998
BN_CONTROL.I5BEAM;2025-06-30 17:39:32.0000000;7.36416800000001
BN_CONTROL.I5BEAM;2025-06-30 17:39:33.0000000;7.35965700000003
BN_CONTROL.I5BEAM;2025-06-30 17:39:34.0000000;7.35447699999997
BN_CONTROL.I5BEAM;2025-06-30 17:39:35.0000000;7.349965
BN_CONTROL.I5BEAM;2025-06-30 17:39:36.0000000;7.34829400000001
BN_CONTROL.I5BEAM;2025-06-30 17:39:37.0000000;7.34595400000001
BN_CONTROL.I5BEAM;2025-06-30 17:39:38.0000000;7.35079999999999
BN_CONTROL.I5BEAM;2025-06-30 17:39:39.0000000;7.34679
BN_CONTROL.I5BEAM;2025-06-30 17:39:40.0000000;7.34227800000002
BN_CONTROL.I5BEAM;2025-06-30 17:39:41.0000000;7.33860199999998
BN_CONTROL.I5BEAM;2025-06-30 17:39:42.0000000;7.33425699999998
BN_CONTROL.I5BEAM;2025-06-30 17:39:43.0000000;7.33141699999999
BN_CONTROL.I5BEAM;2025-06-30 17:39:44.0000000;7.33576099999999
BN_CONTROL.I5BEAM;2025-06-30 17:39:45.0000000;7.32907699999998
BN_CONTROL.I5BEAM;2025-06-30 17:39:46.0000000;7.32723900000002
BN_CONTROL.I5BEAM;2025-06-30 17:39:47.0000000;7.32139000000001
BN_CONTROL.I5BEAM;2025-06-30 17:39:48.0000000;7.31855000000002
BN_CONTROL.I5BEAM;2025-06-30 17:39:49.0000000;7.31855000000002
BN_CONTROL.I5BEAM;2025-06-30 17:39:50.0000000;7.315876
BN_CONTROL.I5BEAM;2025-06-30 17:39:51.0000000;7.31420500000002
BN_CONTROL.I5BEAM;2025-06-30 17:39:52.0000000;7.314706
BN_CONTROL.I5BEAM;2025-06-30 17:39:53.0000000;7.31052899999997
BN_CONTROL.I5BEAM;2025-06-30 17:39:54.0000000;7.31186600000001
BN_CONTROL.I5BEAM;2025-06-30 17:39:55.0000000;7.30384500000002
BN_CONTROL.I5BEAM;2025-06-30 17:39:56.0000000;7.30434600000001
BN_CONTROL.I5BEAM;2025-06-30 17:39:57.0000000;7.30016899999998
BN_CONTROL.I5BEAM;2025-06-30 17:39:58.0000000;7.29665899999998
BN_CONTROL.I5BEAM;2025-06-30 17:39:59.0000000;7.29599100000002
BN_CONTROL.I5BEAM;2025-06-30 17:40:00.0000000;7.28947399999998
BN_CONTROL.I5BEAM;2025-06-30 17:40:01.0000000;7.28930700000001
BN_CONTROL.I5BEAM;2025-06-30 17:40:02.0000000;7.28312399999999
BN_CONTROL.I5BEAM;2025-06-30 17:40:03.0000000;7.28680000000003
BN_CONTROL.I5BEAM;2025-06-30 17:40:04.0000000;7.286968
BN_CONTROL.I5BEAM;2025-06-30 17:40:05.0000000;7.27326499999998
BN_CONTROL.I5BEAM;2025-06-30 17:40:06.0000000;7.27760999999998
BN_CONTROL.I5BEAM;2025-06-30 17:40:07.0000000;7.27577200000002
BN_CONTROL.I5BEAM;2025-06-30 17:40:08.0000000;7.27025700000002
BN_CONTROL.I5BEAM;2025-06-30 17:40:09.0000000;7.27125999999998
BN_CONTROL.I5BEAM;2025-06-30 17:40:10.0000000;7.26541099999997
BN_CONTROL.I5BEAM;2025-06-30 17:40:11.0000000;7.26490999999999
BN_CONTROL.I5BEAM;2025-06-30 17:40:12.0000000;7.26307200000002
BN_CONTROL.I5BEAM;2025-06-30 17:40:13.0000000;7.26457599999998
BN_CONTROL.I5BEAM;2025-06-30 17:40:14.0000000;7.253714
BN_CONTROL.I5BEAM;2025-06-30 17:40:15.0000000;7.25438300000002
BN_CONTROL.I5BEAM;2025-06-30 17:40:16.0000000;7.250539
BN_CONTROL.I5BEAM;2025-06-30 17:40:17.0000000;7.24402199999997
BN_CONTROL.I5BEAM;2025-06-30 17:40:18.0000000;7.24569300000002
BN_CONTROL.I5BEAM;2025-06-30 17:40:19.0000000;7.24335400000001
BN_CONTROL.I5BEAM;2025-06-30 17:40:20.0000000;7.23516599999999
BN_CONTROL.I5BEAM;2025-06-30 17:40:21.0000000;7.23499900000002
BN_CONTROL.I5BEAM;2025-06-30 17:40:22.0000000;7.23717099999999
BN_CONTROL.I5BEAM;2025-06-30 17:40:23.0000000;7.23149000000001
BN_CONTROL.I5BEAM;2025-06-30 17:40:24.0000000;7.22814799999998
BN_CONTROL.I5BEAM;2025-06-30 17:40:25.0000000;7.22864900000002
BN_CONTROL.I5BEAM;2025-06-30 17:40:26.0000000;7.21912400000002
BN_CONTROL.I5BEAM;2025-06-30 17:40:27.0000000;7.22430400000002
BN_CONTROL.I5BEAM;2025-06-30 17:40:28.0000000;7.21344299999998
BN_CONTROL.I5BEAM;2025-06-30 17:40:29.0000000;7.215281
BN_CONTROL.I5BEAM;2025-06-30 17:40:30.0000000;7.21010100000001
BN_CONTROL.I5BEAM;2025-06-30 17:40:31.0000000;7.20943199999999
BN_CONTROL.I5BEAM;2025-06-30 17:40:32.0000000;7.20458600000001
BN_CONTROL.I5BEAM;2025-06-30 17:40:33.0000000;7.20291500000002
BN_CONTROL.I5BEAM;2025-06-30 17:40:34.0000000;7.19756799999999
BN_CONTROL.I5BEAM;2025-06-30 17:40:35.0000000;7.19639799999999
BN_CONTROL.I5BEAM;2025-06-30 17:40:36.0000000;7.19305600000001
BN_CONTROL.I5BEAM;2025-06-30 17:40:37.0000000;7.19489499999997
BN_CONTROL.I5BEAM;2025-06-30 17:40:38.0000000;7.18904600000002
BN_CONTROL.I5BEAM;2025-06-30 17:40:39.0000000;7.189547
BN_CONTROL.I5BEAM;2025-06-30 17:40:40.0000000;7.18653899999998
BN_CONTROL.I5BEAM;2025-06-30 17:40:41.0000000;7.17801700000001
BN_CONTROL.I5BEAM;2025-06-30 17:40:42.0000000;7.177683
BN_CONTROL.I5BEAM;2025-06-30 17:40:43.0000000;7.17901999999998
BN_CONTROL.I5BEAM;2025-06-30 17:40:44.0000000;7.17751600000003
BN_CONTROL.I5BEAM;2025-06-30 17:40:45.0000000;7.17734899999999
BN_CONTROL.I5BEAM;2025-06-30 17:40:46.0000000;7.17417399999999
BN_CONTROL.I5BEAM;2025-06-30 17:40:47.0000000;7.16999600000003
BN_CONTROL.I5BEAM;2025-06-30 17:40:48.0000000;7.16849200000001
BN_CONTROL.I5BEAM;2025-06-30 17:40:49.0000000;7.16314499999999
BN_CONTROL.I5BEAM;2025-06-30 17:40:50.0000000;7.15796499999999
BN_CONTROL.I5BEAM;2025-06-30 17:40:51.0000000;7.16013700000002
BN_CONTROL.I5BEAM;2025-06-30 17:40:52.0000000;7.15478999999999
BN_CONTROL.I5BEAM;2025-06-30 17:40:53.0000000;7.15295200000003
BN_CONTROL.I5BEAM;2025-06-30 17:40:54.0000000;7.15261800000002
BN_CONTROL.I5BEAM;2025-06-30 17:40:55.0000000;7.14693599999998
BN_CONTROL.I5BEAM;2025-06-30 17:40:56.0000000;7.15078
BN_CONTROL.I5BEAM;2025-06-30 17:40:57.0000000;7.14676900000001
BN_CONTROL.I5BEAM;2025-06-30 17:40:58.0000000;7.14292599999999
BN_CONTROL.I5BEAM;2025-06-30 17:40:59.0000000;7.13874800000002
BN_CONTROL.I5BEAM;2025-06-30 17:41:00.0000000;7.13557300000002
BN_CONTROL.I5BEAM;2025-06-30 17:41:01.0000000;7.13473800000003
BN_CONTROL.I5BEAM;2025-06-30 17:41:02.0000000;7.12922400000002
BN_CONTROL.I5BEAM;2025-06-30 17:41:03.0000000;7.13356800000003
BN_CONTROL.I5BEAM;2025-06-30 17:41:04.0000000;7.13005900000002
BN_CONTROL.I5BEAM;2025-06-30 17:41:05.0000000;7.12905599999999
BN_CONTROL.I5BEAM;2025-06-30 17:41:06.0000000;7.128221
BN_CONTROL.I5BEAM;2025-06-30 17:41:07.0000000;7.12922400000002
BN_CONTROL.I5BEAM;2025-06-30 17:41:08.0000000;7.12688400000002
BN_CONTROL.I5BEAM;2025-06-30 17:41:09.0000000;7.11735900000002
BN_CONTROL.I5BEAM;2025-06-30 17:41:10.0000000;7.117861
BN_CONTROL.I5BEAM;2025-06-30 17:41:11.0000000;7.115521
BN_CONTROL.I5BEAM;2025-06-30 17:41:12.0000000;7.117861
BN_CONTROL.I5BEAM;2025-06-30 17:41:13.0000000;7.117861
BN_CONTROL.I5BEAM;2025-06-30 17:41:14.0000000;7.116691
BN_CONTROL.I5BEAM;2025-06-30 17:41:15.0000000;7.10499399999998
BN_CONTROL.I5BEAM;2025-06-30 17:41:16.0000000;7.10883699999999
BN_CONTROL.I5BEAM;2025-06-30 17:41:17.0000000;7.10516100000001
BN_CONTROL.I5BEAM;2025-06-30 17:41:18.0000000;7.09831000000003
BN_CONTROL.I5BEAM;2025-06-30 17:41:19.0000000;7.10181899999998
BN_CONTROL.I5BEAM;2025-06-30 17:41:20.0000000;7.10232000000002
BN_CONTROL.I5BEAM;2025-06-30 17:41:21.0000000;7.09396500000003
BN_CONTROL.I5BEAM;2025-06-30 17:41:22.0000000;7.09680600000002
BN_CONTROL.I5BEAM;2025-06-30 17:41:23.0000000;7.09630499999997
BN_CONTROL.I5BEAM;2025-06-30 17:41:24.0000000;7.09463399999999
BN_CONTROL.I5BEAM;2025-06-30 17:41:25.0000000;7.09079000000003
BN_CONTROL.I5BEAM;2025-06-30 17:41:26.0000000;7.08711399999999
BN_CONTROL.I5BEAM;2025-06-30 17:41:27.0000000;7.08878499999997
BN_CONTROL.I5BEAM;2025-06-30 17:41:28.0000000;7.08677999999998
BN_CONTROL.I5BEAM;2025-06-30 17:41:29.0000000;7.08410600000002
BN_CONTROL.I5BEAM;2025-06-30 17:41:30.0000000;7.084273
BN_CONTROL.I5BEAM;2025-06-30 17:41:31.0000000;7.08443999999997
BN_CONTROL.I5BEAM;2025-06-30 17:41:32.0000000;7.07541700000002
BN_CONTROL.I5BEAM;2025-06-30 17:41:33.0000000;7.07658700000002
BN_CONTROL.I5BEAM;2025-06-30 17:41:34.0000000;7.07224200000002
BN_CONTROL.I5BEAM;2025-06-30 17:41:35.0000000;7.06589200000002
BN_CONTROL.I5BEAM;2025-06-30 17:41:36.0000000;7.070404
BN_CONTROL.I5BEAM;2025-06-30 17:41:37.0000000;7.06388700000002
BN_CONTROL.I5BEAM;2025-06-30 17:41:38.0000000;7.06104599999998
BN_CONTROL.I5BEAM;2025-06-30 17:41:39.0000000;7.06355300000001
BN_CONTROL.I5BEAM;2025-06-30 17:41:40.0000000;7.06104599999998
BN_CONTROL.I5BEAM;2025-06-30 17:41:41.0000000;7.05536499999999
BN_CONTROL.I5BEAM;2025-06-30 17:41:42.0000000;7.05904099999998
BN_CONTROL.I5BEAM;2025-06-30 17:41:43.0000000;7.05586599999998
BN_CONTROL.I5BEAM;2025-06-30 17:41:44.0000000;7.05118700000003
BN_CONTROL.I5BEAM;2025-06-30 17:41:45.0000000;7.05352699999997
BN_CONTROL.I5BEAM;2025-06-30 17:41:46.0000000;7.04517099999998
BN_CONTROL.I5BEAM;2025-06-30 17:41:47.0000000;7.04600699999997
BN_CONTROL.I5BEAM;2025-06-30 17:41:48.0000000;7.04099400000001
BN_CONTROL.I5BEAM;2025-06-30 17:41:49.0000000;7.03882199999998
BN_CONTROL.I5BEAM;2025-06-30 17:41:50.0000000;7.04233099999999
BN_CONTROL.I5BEAM;2025-06-30 17:41:51.0000000;7.03982400000001
BN_CONTROL.I5BEAM;2025-06-30 17:41:52.0000000;7.03029900000001
BN_CONTROL.I5BEAM;2025-06-30 17:41:53.0000000;7.03664900000001
BN_CONTROL.I5BEAM;2025-06-30 17:41:54.0000000;7.03832
BN_CONTROL.I5BEAM;2025-06-30 17:41:55.0000000;7.03096799999997
BN_CONTROL.I5BEAM;2025-06-30 17:41:56.0000000;7.029965
BN_CONTROL.I5BEAM;2025-06-30 17:41:57.0000000;7.02695699999998
BN_CONTROL.I5BEAM;2025-06-30 17:41:58.0000000;7.02545300000003
BN_CONTROL.I5BEAM;2025-06-30 17:41:59.0000000;7.021276
BN_CONTROL.I5BEAM;2025-06-30 17:42:00.0000000;7.02161000000001
BN_CONTROL.I5BEAM;2025-06-30 17:42:01.0000000;7.01893699999999
BN_CONTROL.I5BEAM;2025-06-30 17:42:02.0000000;7.01760000000002
BN_CONTROL.I5BEAM;2025-06-30 17:42:03.0000000;7.01358900000002
BN_CONTROL.I5BEAM;2025-06-30 17:42:04.0000000;7.01592900000003
BN_CONTROL.I5BEAM;2025-06-30 17:42:05.0000000;7.00957899999997
BN_CONTROL.I5BEAM;2025-06-30 17:42:06.0000000;7.01158400000003
BN_CONTROL.I5BEAM;2025-06-30 17:42:07.0000000;7.01008000000002
BN_CONTROL.I5BEAM;2025-06-30 17:42:08.0000000;7.00540100000001
BN_CONTROL.I5BEAM;2025-06-30 17:42:09.0000000;7.00155799999999
BN_CONTROL.I5BEAM;2025-06-30 17:42:10.0000000;7.00272799999999
BN_CONTROL.I5BEAM;2025-06-30 17:42:11.0000000;6.99855000000002
BN_CONTROL.I5BEAM;2025-06-30 17:42:12.0000000;7.00022100000001
BN_CONTROL.I5BEAM;2025-06-30 17:42:13.0000000;6.99621100000002
BN_CONTROL.I5BEAM;2025-06-30 17:42:14.0000000;6.99186600000002
BN_CONTROL.I5BEAM;2025-06-30 17:42:15.0000000;6.99153200000001
BN_CONTROL.I5BEAM;2025-06-30 17:42:16.0000000;6.98735399999998
BN_CONTROL.I5BEAM;2025-06-30 17:42:17.0000000;6.988023
BN_CONTROL.I5BEAM;2025-06-30 17:42:18.0000000;6.98568299999999
BN_CONTROL.I5BEAM;2025-06-30 17:42:19.0000000;6.98835700000001
BN_CONTROL.I5BEAM;2025-06-30 17:42:20.0000000;6.983678
BN_CONTROL.I5BEAM;2025-06-30 17:42:21.0000000;6.982508
BN_CONTROL.I5BEAM;2025-06-30 17:42:22.0000000;6.98000200000001
BN_CONTROL.I5BEAM;2025-06-30 17:42:23.0000000;6.97916600000002
BN_CONTROL.I5BEAM;2025-06-30 17:42:24.0000000;6.976493
BN_CONTROL.I5BEAM;2025-06-30 17:42:25.0000000;6.97365200000002
BN_CONTROL.I5BEAM;2025-06-30 17:42:26.0000000;6.97164700000002
BN_CONTROL.I5BEAM;2025-06-30 17:42:27.0000000;6.97181399999999
BN_CONTROL.I5BEAM;2025-06-30 17:42:28.0000000;6.96997599999997
BN_CONTROL.I5BEAM;2025-06-30 17:42:29.0000000;6.96880599999997
BN_CONTROL.I5BEAM;2025-06-30 17:42:30.0000000;6.96880599999997
BN_CONTROL.I5BEAM;2025-06-30 17:42:31.0000000;6.964628
BN_CONTROL.I5BEAM;2025-06-30 17:42:32.0000000;6.96646700000002
BN_CONTROL.I5BEAM;2025-06-30 17:42:33.0000000;6.96162099999998
BN_CONTROL.I5BEAM;2025-06-30 17:42:34.0000000;6.96078499999999
BN_CONTROL.I5BEAM;2025-06-30 17:42:35.0000000;6.95760999999999
BN_CONTROL.I5BEAM;2025-06-30 17:42:36.0000000;6.95460200000002
BN_CONTROL.I5BEAM;2025-06-30 17:42:37.0000000;6.95242999999999
BN_CONTROL.I5BEAM;2025-06-30 17:42:38.0000000;6.95343300000002
BN_CONTROL.I5BEAM;2025-06-30 17:42:39.0000000;6.94892099999998
BN_CONTROL.I5BEAM;2025-06-30 17:42:40.0000000;6.94725
BN_CONTROL.I5BEAM;2025-06-30 17:42:41.0000000;6.94741699999997
BN_CONTROL.I5BEAM;2025-06-30 17:42:42.0000000;6.946414
BN_CONTROL.I5BEAM;2025-06-30 17:42:43.0000000;6.93605400000001
BN_CONTROL.I5BEAM;2025-06-30 17:42:44.0000000;6.9409
BN_CONTROL.I5BEAM;2025-06-30 17:42:45.0000000;6.937725
BN_CONTROL.I5BEAM;2025-06-30 17:42:46.0000000;6.92602799999997
BN_CONTROL.I5BEAM;2025-06-30 17:42:47.0000000;6.93521900000002
BN_CONTROL.I5BEAM;2025-06-30 17:42:48.0000000;6.936555
BN_CONTROL.I5BEAM;2025-06-30 17:42:49.0000000;6.929036
BN_CONTROL.I5BEAM;2025-06-30 17:42:50.0000000;6.92485799999997
BN_CONTROL.I5BEAM;2025-06-30 17:42:51.0000000;6.92619500000001
BN_CONTROL.I5BEAM;2025-06-30 17:42:52.0000000;6.91817400000002
BN_CONTROL.I5BEAM;2025-06-30 17:42:53.0000000;6.92285299999998
BN_CONTROL.I5BEAM;2025-06-30 17:42:54.0000000;6.92034699999999
BN_CONTROL.I5BEAM;2025-06-30 17:42:55.0000000;6.91767299999998
BN_CONTROL.I5BEAM;2025-06-30 17:42:56.0000000;6.91901000000001
BN_CONTROL.I5BEAM;2025-06-30 17:42:57.0000000;6.91232600000001
BN_CONTROL.I5BEAM;2025-06-30 17:42:58.0000000;6.91232600000001
BN_CONTROL.I5BEAM;2025-06-30 17:42:59.0000000;6.915166
BN_CONTROL.I5BEAM;2025-06-30 17:43:00.0000000;6.91399699999999
BN_CONTROL.I5BEAM;2025-06-30 17:43:01.0000000;6.91065500000002
BN_CONTROL.I5BEAM;2025-06-30 17:43:02.0000000;6.909986
BN_CONTROL.I5BEAM;2025-06-30 17:43:03.0000000;6.90263399999998
BN_CONTROL.I5BEAM;2025-06-30 17:43:04.0000000;6.90748000000002
BN_CONTROL.I5BEAM;2025-06-30 17:43:05.0000000;6.90530699999999
BN_CONTROL.I5BEAM;2025-06-30 17:43:06.0000000;6.90631000000002
BN_CONTROL.I5BEAM;2025-06-30 17:43:07.0000000;6.898122
BN_CONTROL.I5BEAM;2025-06-30 17:43:08.0000000;6.90062899999998
BN_CONTROL.I5BEAM;2025-06-30 17:43:09.0000000;6.90196500000002
BN_CONTROL.I5BEAM;2025-06-30 17:43:10.0000000;6.89762100000002
BN_CONTROL.I5BEAM;2025-06-30 17:43:11.0000000;6.890602
BN_CONTROL.I5BEAM;2025-06-30 17:43:12.0000000;6.89010100000002
BN_CONTROL.I5BEAM;2025-06-30 17:43:13.0000000;6.88525499999997
BN_CONTROL.I5BEAM;2025-06-30 17:43:14.0000000;6.88809600000002
BN_CONTROL.I5BEAM;2025-06-30 17:43:15.0000000;6.88692600000002
BN_CONTROL.I5BEAM;2025-06-30 17:43:16.0000000;6.88341700000001
BN_CONTROL.I5BEAM;2025-06-30 17:43:17.0000000;6.884253
BN_CONTROL.I5BEAM;2025-06-30 17:43:18.0000000;6.878738
BN_CONTROL.I5BEAM;2025-06-30 17:43:19.0000000;6.87339100000003
BN_CONTROL.I5BEAM;2025-06-30 17:43:20.0000000;6.87723399999999
BN_CONTROL.I5BEAM;2025-06-30 17:43:21.0000000;6.87405899999999
BN_CONTROL.I5BEAM;2025-06-30 17:43:22.0000000;6.87004899999999
BN_CONTROL.I5BEAM;2025-06-30 17:43:23.0000000;6.87589800000001
BN_CONTROL.I5BEAM;2025-06-30 17:43:24.0000000;6.87456100000003
BN_CONTROL.I5BEAM;2025-06-30 17:43:25.0000000;6.86653999999999
BN_CONTROL.I5BEAM;2025-06-30 17:43:26.0000000;6.866874
BN_CONTROL.I5BEAM;2025-06-30 17:43:27.0000000;6.86720800000001
BN_CONTROL.I5BEAM;2025-06-30 17:43:28.0000000;6.86503599999998
BN_CONTROL.I5BEAM;2025-06-30 17:43:29.0000000;6.862529
BN_CONTROL.I5BEAM;2025-06-30 17:43:30.0000000;6.86152700000002
BN_CONTROL.I5BEAM;2025-06-30 17:43:31.0000000;6.85617999999999
BN_CONTROL.I5BEAM;2025-06-30 17:43:32.0000000;6.85450900000001
BN_CONTROL.I5BEAM;2025-06-30 17:43:33.0000000;6.84932800000001
BN_CONTROL.I5BEAM;2025-06-30 17:43:34.0000000;6.85484300000002
BN_CONTROL.I5BEAM;2025-06-30 17:43:35.0000000;6.85200200000003
BN_CONTROL.I5BEAM;2025-06-30 17:43:36.0000000;6.85367300000001
BN_CONTROL.I5BEAM;2025-06-30 17:43:37.0000000;6.84632099999999
BN_CONTROL.I5BEAM;2025-06-30 17:43:38.0000000;6.84966300000002
BN_CONTROL.I5BEAM;2025-06-30 17:43:39.0000000;6.84565199999997
BN_CONTROL.I5BEAM;2025-06-30 17:43:40.0000000;6.83746400000001
BN_CONTROL.I5BEAM;2025-06-30 17:43:41.0000000;6.84164199999998
BN_CONTROL.I5BEAM;2025-06-30 17:43:42.0000000;6.84047199999998
BN_CONTROL.I5BEAM;2025-06-30 17:43:43.0000000;6.83345400000002
BN_CONTROL.I5BEAM;2025-06-30 17:43:44.0000000;6.83880099999999
BN_CONTROL.I5BEAM;2025-06-30 17:43:45.0000000;6.83295199999998
BN_CONTROL.I5BEAM;2025-06-30 17:43:46.0000000;6.83428900000001
BN_CONTROL.I5BEAM;2025-06-30 17:43:47.0000000;6.831616
BN_CONTROL.I5BEAM;2025-06-30 17:43:48.0000000;6.82693699999999
BN_CONTROL.I5BEAM;2025-06-30 17:43:49.0000000;6.83027900000002
BN_CONTROL.I5BEAM;2025-06-30 17:43:50.0000000;6.82693699999999
BN_CONTROL.I5BEAM;2025-06-30 17:43:51.0000000;6.82459699999998
BN_CONTROL.I5BEAM;2025-06-30 17:43:52.0000000;6.82660299999998
BN_CONTROL.I5BEAM;2025-06-30 17:43:53.0000000;6.82660299999998
BN_CONTROL.I5BEAM;2025-06-30 17:43:54.0000000;6.82225799999998
BN_CONTROL.I5BEAM;2025-06-30 17:43:55.0000000;6.81507299999998
BN_CONTROL.I5BEAM;2025-06-30 17:43:56.0000000;6.81724500000001
BN_CONTROL.I5BEAM;2025-06-30 17:43:57.0000000;6.817746
BN_CONTROL.I5BEAM;2025-06-30 17:43:58.0000000;6.81122900000003
BN_CONTROL.I5BEAM;2025-06-30 17:43:59.0000000;6.81306699999999
BN_CONTROL.I5BEAM;2025-06-30 17:44:00.0000000;6.81189799999999
BN_CONTROL.I5BEAM;2025-06-30 17:44:01.0000000;6.81223199999999
BN_CONTROL.I5BEAM;2025-06-30 17:44:02.0000000;6.80972500000001
BN_CONTROL.I5BEAM;2025-06-30 17:44:03.0000000;6.81206500000002
BN_CONTROL.I5BEAM;2025-06-30 17:44:04.0000000;6.80538100000001
BN_CONTROL.I5BEAM;2025-06-30 17:44:05.0000000;6.80538100000001
BN_CONTROL.I5BEAM;2025-06-30 17:44:06.0000000;6.802707
BN_CONTROL.I5BEAM;2025-06-30 17:44:07.0000000;6.79719299999999
BN_CONTROL.I5BEAM;2025-06-30 17:44:08.0000000;6.79969899999998
BN_CONTROL.I5BEAM;2025-06-30 17:44:09.0000000;6.78984000000003
BN_CONTROL.I5BEAM;2025-06-30 17:44:10.0000000;6.78984000000003
BN_CONTROL.I5BEAM;2025-06-30 17:44:11.0000000;6.793182
BN_CONTROL.I5BEAM;2025-06-30 17:44:12.0000000;6.79585600000001
BN_CONTROL.I5BEAM;2025-06-30 17:44:13.0000000;6.78582999999998
BN_CONTROL.I5BEAM;2025-06-30 17:44:14.0000000;6.78850299999999
BN_CONTROL.I5BEAM;2025-06-30 17:44:15.0000000;6.78348999999997
BN_CONTROL.I5BEAM;2025-06-30 17:44:16.0000000;6.77881100000002
BN_CONTROL.I5BEAM;2025-06-30 17:44:17.0000000;6.77881100000002
BN_CONTROL.I5BEAM;2025-06-30 17:44:18.0000000;6.77580399999999
BN_CONTROL.I5BEAM;2025-06-30 17:44:19.0000000;6.77546899999999
BN_CONTROL.I5BEAM;2025-06-30 17:44:20.0000000;6.77229499999999
BN_CONTROL.I5BEAM;2025-06-30 17:44:21.0000000;6.77429999999998
BN_CONTROL.I5BEAM;2025-06-30 17:44:22.0000000;6.77346399999999
BN_CONTROL.I5BEAM;2025-06-30 17:44:23.0000000;6.76711399999999
BN_CONTROL.I5BEAM;2025-06-30 17:44:24.0000000;6.76343800000001
BN_CONTROL.I5BEAM;2025-06-30 17:44:25.0000000;6.76494200000002
BN_CONTROL.I5BEAM;2025-06-30 17:44:26.0000000;6.756754
BN_CONTROL.I5BEAM;2025-06-30 17:44:27.0000000;6.756754
BN_CONTROL.I5BEAM;2025-06-30 17:44:28.0000000;6.74906700000003
BN_CONTROL.I5BEAM;2025-06-30 17:44:29.0000000;6.75575099999998
BN_CONTROL.I5BEAM;2025-06-30 17:44:30.0000000;6.75023700000003
BN_CONTROL.I5BEAM;2025-06-30 17:44:31.0000000;6.74589200000003
BN_CONTROL.I5BEAM;2025-06-30 17:44:32.0000000;6.74656099999999
BN_CONTROL.I5BEAM;2025-06-30 17:44:33.0000000;6.74004400000001
BN_CONTROL.I5BEAM;2025-06-30 17:44:34.0000000;6.73553199999998
BN_CONTROL.I5BEAM;2025-06-30 17:44:35.0000000;6.73569900000001
BN_CONTROL.I5BEAM;2025-06-30 17:44:36.0000000;6.73051900000002
BN_CONTROL.I5BEAM;2025-06-30 17:44:37.0000000;6.72751099999999
BN_CONTROL.I5BEAM;2025-06-30 17:44:38.0000000;6.729015
BN_CONTROL.I5BEAM;2025-06-30 17:44:39.0000000;6.72483799999998
BN_CONTROL.I5BEAM;2025-06-30 17:44:40.0000000;6.72316699999999
BN_CONTROL.I5BEAM;2025-06-30 17:44:41.0000000;6.71932299999997
BN_CONTROL.I5BEAM;2025-06-30 17:44:42.0000000;6.71648299999998
BN_CONTROL.I5BEAM;2025-06-30 17:44:43.0000000;6.71297299999998
BN_CONTROL.I5BEAM;2025-06-30 17:44:44.0000000;6.71230500000001
BN_CONTROL.I5BEAM;2025-06-30 17:44:45.0000000;6.703282
BN_CONTROL.I5BEAM;2025-06-30 17:44:46.0000000;6.70161100000001
BN_CONTROL.I5BEAM;2025-06-30 17:44:47.0000000;6.70161100000001
BN_CONTROL.I5BEAM;2025-06-30 17:44:48.0000000;6.69325500000002
BN_CONTROL.I5BEAM;2025-06-30 17:44:49.0000000;6.68807500000003
BN_CONTROL.I5BEAM;2025-06-30 17:44:50.0000000;6.68723999999997
BN_CONTROL.I5BEAM;2025-06-30 17:44:51.0000000;6.68222700000001
BN_CONTROL.I5BEAM;2025-06-30 17:44:52.0000000;6.68205999999998
BN_CONTROL.I5BEAM;2025-06-30 17:44:53.0000000;6.67403899999999
BN_CONTROL.I5BEAM;2025-06-30 17:44:54.0000000;6.677548
BN_CONTROL.I5BEAM;2025-06-30 17:44:55.0000000;6.67103100000003
BN_CONTROL.I5BEAM;2025-06-30 17:44:56.0000000;6.66551700000002
BN_CONTROL.I5BEAM;2025-06-30 17:44:57.0000000;6.666853
BN_CONTROL.I5BEAM;2025-06-30 17:44:58.0000000;6.66351100000003
BN_CONTROL.I5BEAM;2025-06-30 17:44:59.0000000;6.66150599999997
BN_CONTROL.I5BEAM;2025-06-30 17:45:00.0000000;6.65799700000002
BN_CONTROL.I5BEAM;2025-06-30 17:45:01.0000000;6.65582499999999
BN_CONTROL.I5BEAM;2025-06-30 17:45:02.0000000;6.64797099999998
BN_CONTROL.I5BEAM;2025-06-30 17:45:03.0000000;6.65248300000002
BN_CONTROL.I5BEAM;2025-06-30 17:45:04.0000000;6.64446199999998
BN_CONTROL.I5BEAM;2025-06-30 17:45:05.0000000;6.639115
BN_CONTROL.I5BEAM;2025-06-30 17:45:06.0000000;6.636775
BN_CONTROL.I5BEAM;2025-06-30 17:45:07.0000000;6.63710900000001
BN_CONTROL.I5BEAM;2025-06-30 17:45:08.0000000;6.63426900000002
BN_CONTROL.I5BEAM;2025-06-30 17:45:09.0000000;6.63426900000002
BN_CONTROL.I5BEAM;2025-06-30 17:45:10.0000000;6.63410099999999
BN_CONTROL.I5BEAM;2025-06-30 17:45:11.0000000;6.62674900000002
BN_CONTROL.I5BEAM;2025-06-30 17:45:12.0000000;6.62591400000002
BN_CONTROL.I5BEAM;2025-06-30 17:45:13.0000000;6.61956400000003
BN_CONTROL.I5BEAM;2025-06-30 17:45:14.0000000;6.61939699999999
BN_CONTROL.I5BEAM;2025-06-30 17:45:15.0000000;6.612211
BN_CONTROL.I5BEAM;2025-06-30 17:45:16.0000000;6.61689000000001
BN_CONTROL.I5BEAM;2025-06-30 17:45:17.0000000;6.61003899999997
BN_CONTROL.I5BEAM;2025-06-30 17:45:18.0000000;6.60602799999998
BN_CONTROL.I5BEAM;2025-06-30 17:45:19.0000000;6.599177
BN_CONTROL.I5BEAM;2025-06-30 17:45:20.0000000;6.599177
BN_CONTROL.I5BEAM;2025-06-30 17:45:21.0000000;6.60101500000002
BN_CONTROL.I5BEAM;2025-06-30 17:45:22.0000000;6.593997
BN_CONTROL.I5BEAM;2025-06-30 17:45:23.0000000;6.58798100000001
BN_CONTROL.I5BEAM;2025-06-30 17:45:24.0000000;6.58748000000003
BN_CONTROL.I5BEAM;2025-06-30 17:45:25.0000000;6.58380399999999
BN_CONTROL.I5BEAM;2025-06-30 17:45:26.0000000;6.58397100000002
BN_CONTROL.I5BEAM;2025-06-30 17:45:27.0000000;6.580128
BN_CONTROL.I5BEAM;2025-06-30 17:45:28.0000000;6.57912499999998
BN_CONTROL.I5BEAM;2025-06-30 17:45:29.0000000;6.57912499999998
BN_CONTROL.I5BEAM;2025-06-30 17:45:30.0000000;6.57193999999998
BN_CONTROL.I5BEAM;2025-06-30 17:45:31.0000000;6.57361100000003
BN_CONTROL.I5BEAM;2025-06-30 17:45:32.0000000;6.568263
BN_CONTROL.I5BEAM;2025-06-30 17:45:33.0000000;6.565089
BN_CONTROL.I5BEAM;2025-06-30 17:45:34.0000000;6.55990800000001
BN_CONTROL.I5BEAM;2025-06-30 17:45:35.0000000;6.558404
BN_CONTROL.I5BEAM;2025-06-30 17:45:36.0000000;6.55038400000001
BN_CONTROL.I5BEAM;2025-06-30 17:45:37.0000000;6.55038400000001
BN_CONTROL.I5BEAM;2025-06-30 17:45:38.0000000;6.54821099999998
BN_CONTROL.I5BEAM;2025-06-30 17:45:39.0000000;6.55038400000001
BN_CONTROL.I5BEAM;2025-06-30 17:45:40.0000000;6.54854499999999
BN_CONTROL.I5BEAM;2025-06-30 17:45:41.0000000;6.53434199999998
BN_CONTROL.I5BEAM;2025-06-30 17:45:42.0000000;6.53200199999998
BN_CONTROL.I5BEAM;2025-06-30 17:45:43.0000000;6.53517699999998
BN_CONTROL.I5BEAM;2025-06-30 17:45:44.0000000;6.52832599999999
BN_CONTROL.I5BEAM;2025-06-30 17:45:45.0000000;6.53016400000001
BN_CONTROL.I5BEAM;2025-06-30 17:45:46.0000000;6.52849300000003
BN_CONTROL.I5BEAM;2025-06-30 17:45:47.0000000;6.52531800000003
BN_CONTROL.I5BEAM;2025-06-30 17:45:48.0000000;6.52231
BN_CONTROL.I5BEAM;2025-06-30 17:45:49.0000000;6.51713000000001
BN_CONTROL.I5BEAM;2025-06-30 17:45:50.0000000;6.51529199999999
BN_CONTROL.I5BEAM;2025-06-30 17:45:51.0000000;6.51462400000003
BN_CONTROL.I5BEAM;2025-06-30 17:45:52.0000000;6.50994500000002
BN_CONTROL.I5BEAM;2025-06-30 17:45:53.0000000;6.50693699999999
BN_CONTROL.I5BEAM;2025-06-30 17:45:54.0000000;6.50042000000002
BN_CONTROL.I5BEAM;2025-06-30 17:45:55.0000000;6.51011199999999
BN_CONTROL.I5BEAM;2025-06-30 17:45:56.0000000;6.50075399999997
BN_CONTROL.I5BEAM;2025-06-30 17:45:57.0000000;6.50576699999999
BN_CONTROL.I5BEAM;2025-06-30 17:45:58.0000000;6.49925000000002
BN_CONTROL.I5BEAM;2025-06-30 17:45:59.0000000;6.50125600000001
BN_CONTROL.I5BEAM;2025-06-30 17:46:00.0000000;6.49273399999998
BN_CONTROL.I5BEAM;2025-06-30 17:46:01.0000000;6.49440499999997
BN_CONTROL.I5BEAM;2025-06-30 17:46:02.0000000;6.49457200000001
BN_CONTROL.I5BEAM;2025-06-30 17:46:03.0000000;6.49039399999998
BN_CONTROL.I5BEAM;2025-06-30 17:46:04.0000000;6.48755299999999
BN_CONTROL.I5BEAM;2025-06-30 17:46:05.0000000;6.48822200000001
BN_CONTROL.I5BEAM;2025-06-30 17:46:06.0000000;6.48020100000002
BN_CONTROL.I5BEAM;2025-06-30 17:46:07.0000000;6.48220600000002
BN_CONTROL.I5BEAM;2025-06-30 17:46:08.0000000;6.482707
BN_CONTROL.I5BEAM;2025-06-30 17:46:09.0000000;6.477193
BN_CONTROL.I5BEAM;2025-06-30 17:46:10.0000000;6.47786100000002
BN_CONTROL.I5BEAM;2025-06-30 17:46:11.0000000;6.47552200000001
BN_CONTROL.I5BEAM;2025-06-30 17:46:12.0000000;6.468504
BN_CONTROL.I5BEAM;2025-06-30 17:46:13.0000000;6.469673
BN_CONTROL.I5BEAM;2025-06-30 17:46:14.0000000;6.46933899999999
BN_CONTROL.I5BEAM;2025-06-30 17:46:15.0000000;6.46867099999997
BN_CONTROL.I5BEAM;2025-06-30 17:46:16.0000000;6.456974
BN_CONTROL.I5BEAM;2025-06-30 17:46:17.0000000;6.46315700000002
BN_CONTROL.I5BEAM;2025-06-30 17:46:18.0000000;6.46115099999997
BN_CONTROL.I5BEAM;2025-06-30 17:46:19.0000000;6.454634
BN_CONTROL.I5BEAM;2025-06-30 17:46:20.0000000;6.45847800000001
BN_CONTROL.I5BEAM;2025-06-30 17:46:21.0000000;6.45296300000001
BN_CONTROL.I5BEAM;2025-06-30 17:46:22.0000000;6.45279599999998
BN_CONTROL.I5BEAM;2025-06-30 17:46:23.0000000;6.45045699999997
BN_CONTROL.I5BEAM;2025-06-30 17:46:24.0000000;6.45045699999997
BN_CONTROL.I5BEAM;2025-06-30 17:46:25.0000000;6.45029
BN_CONTROL.I5BEAM;2025-06-30 17:46:26.0000000;6.44360599999999
BN_CONTROL.I5BEAM;2025-06-30 17:46:27.0000000;6.44210199999998
BN_CONTROL.I5BEAM;2025-06-30 17:46:28.0000000;6.43692199999998
BN_CONTROL.I5BEAM;2025-06-30 17:46:29.0000000;6.44277
BN_CONTROL.I5BEAM;2025-06-30 17:46:30.0000000;6.43675400000001
BN_CONTROL.I5BEAM;2025-06-30 17:46:31.0000000;6.43692199999998
BN_CONTROL.I5BEAM;2025-06-30 17:46:32.0000000;6.42923500000001
BN_CONTROL.I5BEAM;2025-06-30 17:46:33.0000000;6.43023799999997
BN_CONTROL.I5BEAM;2025-06-30 17:46:34.0000000;6.426895
BN_CONTROL.I5BEAM;2025-06-30 17:46:35.0000000;6.42823199999998
BN_CONTROL.I5BEAM;2025-06-30 17:46:36.0000000;6.42739699999998
BN_CONTROL.I5BEAM;2025-06-30 17:46:37.0000000;6.42205000000001
BN_CONTROL.I5BEAM;2025-06-30 17:46:38.0000000;6.42205000000001
BN_CONTROL.I5BEAM;2025-06-30 17:46:39.0000000;6.41787199999999
BN_CONTROL.I5BEAM;2025-06-30 17:46:40.0000000;6.41954299999998
BN_CONTROL.I5BEAM;2025-06-30 17:46:41.0000000;6.41636799999998
BN_CONTROL.I5BEAM;2025-06-30 17:46:42.0000000;6.41803900000002
BN_CONTROL.I5BEAM;2025-06-30 17:46:43.0000000;6.41720400000003
BN_CONTROL.I5BEAM;2025-06-30 17:46:44.0000000;6.41219100000001
BN_CONTROL.I5BEAM;2025-06-30 17:46:45.0000000;6.40300000000002
BN_CONTROL.I5BEAM;2025-06-30 17:46:46.0000000;6.409851
BN_CONTROL.I5BEAM;2025-06-30 17:46:47.0000000;6.40784600000001
BN_CONTROL.I5BEAM;2025-06-30 17:46:48.0000000;6.41018500000001
BN_CONTROL.I5BEAM;2025-06-30 17:46:49.0000000;6.39782000000002
BN_CONTROL.I5BEAM;2025-06-30 17:46:50.0000000;6.404337
BN_CONTROL.I5BEAM;2025-06-30 17:46:51.0000000;6.404337
BN_CONTROL.I5BEAM;2025-06-30 17:46:52.0000000;6.401162
BN_CONTROL.I5BEAM;2025-06-30 17:46:53.0000000;6.39531299999999
BN_CONTROL.I5BEAM;2025-06-30 17:46:54.0000000;6.39147000000003
BN_CONTROL.I5BEAM;2025-06-30 17:46:55.0000000;6.39147000000003
BN_CONTROL.I5BEAM;2025-06-30 17:46:56.0000000;6.38796100000002
BN_CONTROL.I5BEAM;2025-06-30 17:46:57.0000000;6.38946499999997
BN_CONTROL.I5BEAM;2025-06-30 17:46:58.0000000;6.37993999999998
BN_CONTROL.I5BEAM;2025-06-30 17:46:59.0000000;6.38144399999999
BN_CONTROL.I5BEAM;2025-06-30 17:47:00.0000000;6.37693200000001
BN_CONTROL.I5BEAM;2025-06-30 17:47:01.0000000;6.38127700000001
BN_CONTROL.I5BEAM;2025-06-30 17:47:02.0000000;6.373423
BN_CONTROL.I5BEAM;2025-06-30 17:47:03.0000000;6.37509399999999
BN_CONTROL.I5BEAM;2025-06-30 17:47:04.0000000;6.37208600000002
BN_CONTROL.I5BEAM;2025-06-30 17:47:05.0000000;6.36857700000002
BN_CONTROL.I5BEAM;2025-06-30 17:47:06.0000000;6.36640499999999
BN_CONTROL.I5BEAM;2025-06-30 17:47:07.0000000;6.374258
BN_CONTROL.I5BEAM;2025-06-30 17:47:08.0000000;6.36657200000002
BN_CONTROL.I5BEAM;2025-06-30 17:47:09.0000000;6.36490099999997
BN_CONTROL.I5BEAM;2025-06-30 17:47:10.0000000;6.35738099999998
BN_CONTROL.I5BEAM;2025-06-30 17:47:11.0000000;6.35871800000001
BN_CONTROL.I5BEAM;2025-06-30 17:47:12.0000000;6.36640499999999
BN_CONTROL.I5BEAM;2025-06-30 17:47:13.0000000;6.35420599999998
BN_CONTROL.I5BEAM;2025-06-30 17:47:14.0000000;6.354039
BN_CONTROL.I5BEAM;2025-06-30 17:47:15.0000000;6.35253499999999
BN_CONTROL.I5BEAM;2025-06-30 17:47:16.0000000;6.35236800000001
BN_CONTROL.I5BEAM;2025-06-30 17:47:17.0000000;6.34735499999999
BN_CONTROL.I5BEAM;2025-06-30 17:47:18.0000000;6.348859
BN_CONTROL.I5BEAM;2025-06-30 17:47:19.0000000;6.34735499999999
BN_CONTROL.I5BEAM;2025-06-30 17:47:20.0000000;6.34267599999998
BN_CONTROL.I5BEAM;2025-06-30 17:47:21.0000000;6.34083800000002
BN_CONTROL.I5BEAM;2025-06-30 17:47:22.0000000;6.33749599999999
BN_CONTROL.I5BEAM;2025-06-30 17:47:23.0000000;6.33097900000001
BN_CONTROL.I5BEAM;2025-06-30 17:47:24.0000000;6.336995
BN_CONTROL.I5BEAM;2025-06-30 17:47:25.0000000;6.330645
BN_CONTROL.I5BEAM;2025-06-30 17:47:26.0000000;6.33097900000001
BN_CONTROL.I5BEAM;2025-06-30 17:47:27.0000000;6.32646699999998
BN_CONTROL.I5BEAM;2025-06-30 17:47:28.0000000;6.32446199999998
BN_CONTROL.I5BEAM;2025-06-30 17:47:29.0000000;6.32346000000001
BN_CONTROL.I5BEAM;2025-06-30 17:47:30.0000000;6.32346000000001
BN_CONTROL.I5BEAM;2025-06-30 17:47:31.0000000;6.32262400000002
BN_CONTROL.I5BEAM;2025-06-30 17:47:32.0000000;6.327136
BN_CONTROL.I5BEAM;2025-06-30 17:47:33.0000000;6.31827900000002
BN_CONTROL.I5BEAM;2025-06-30 17:47:34.0000000;6.31493699999999
BN_CONTROL.I5BEAM;2025-06-30 17:47:35.0000000;6.31844699999999
BN_CONTROL.I5BEAM;2025-06-30 17:47:36.0000000;6.310091
BN_CONTROL.I5BEAM;2025-06-30 17:47:37.0000000;6.30658199999999
BN_CONTROL.I5BEAM;2025-06-30 17:47:38.0000000;6.30240500000002
BN_CONTROL.I5BEAM;2025-06-30 17:47:39.0000000;6.30507799999998
BN_CONTROL.I5BEAM;2025-06-30 17:47:40.0000000;6.29655600000001
BN_CONTROL.I5BEAM;2025-06-30 17:47:41.0000000;6.29655600000001
BN_CONTROL.I5BEAM;2025-06-30 17:47:42.0000000;6.29989799999998
BN_CONTROL.I5BEAM;2025-06-30 17:47:43.0000000;6.29973100000001
BN_CONTROL.I5BEAM;2025-06-30 17:47:44.0000000;6.29872899999998
BN_CONTROL.I5BEAM;2025-06-30 17:47:45.0000000;6.29204399999998
BN_CONTROL.I5BEAM;2025-06-30 17:47:46.0000000;6.29120899999998
BN_CONTROL.I5BEAM;2025-06-30 17:47:47.0000000;6.284358
BN_CONTROL.I5BEAM;2025-06-30 17:47:48.0000000;6.29171000000002
BN_CONTROL.I5BEAM;2025-06-30 17:47:49.0000000;6.28903700000001
BN_CONTROL.I5BEAM;2025-06-30 17:47:50.0000000;6.28201799999999
BN_CONTROL.I5BEAM;2025-06-30 17:47:51.0000000;6.283522
BN_CONTROL.I5BEAM;2025-06-30 17:47:52.0000000;6.27633700000001
BN_CONTROL.I5BEAM;2025-06-30 17:47:53.0000000;6.28068200000001
BN_CONTROL.I5BEAM;2025-06-30 17:47:54.0000000;6.278008
BN_CONTROL.I5BEAM;2025-06-30 17:47:55.0000000;6.27850899999999
BN_CONTROL.I5BEAM;2025-06-30 17:47:56.0000000;6.268483
BN_CONTROL.I5BEAM;2025-06-30 17:47:57.0000000;6.273663
BN_CONTROL.I5BEAM;2025-06-30 17:47:58.0000000;6.271658
BN_CONTROL.I5BEAM;2025-06-30 17:47:59.0000000;6.27533399999999
BN_CONTROL.I5BEAM;2025-06-30 17:48:00.0000000;6.27533399999999
BN_CONTROL.I5BEAM;2025-06-30 17:48:01.0000000;6.26764800000001
BN_CONTROL.I5BEAM;2025-06-30 17:48:02.0000000;6.26697899999999
BN_CONTROL.I5BEAM;2025-06-30 17:48:03.0000000;6.26697899999999
BN_CONTROL.I5BEAM;2025-06-30 17:48:04.0000000;6.264138
BN_CONTROL.I5BEAM;2025-06-30 17:48:05.0000000;6.25711999999999
BN_CONTROL.I5BEAM;2025-06-30 17:48:06.0000000;6.25177300000001
BN_CONTROL.I5BEAM;2025-06-30 17:48:07.0000000;6.257789
BN_CONTROL.I5BEAM;2025-06-30 17:48:08.0000000;6.25645200000002
BN_CONTROL.I5BEAM;2025-06-30 17:48:09.0000000;6.25294300000002
BN_CONTROL.I5BEAM;2025-06-30 17:48:10.0000000;6.25043599999998
BN_CONTROL.I5BEAM;2025-06-30 17:48:11.0000000;6.24976800000002
BN_CONTROL.I5BEAM;2025-06-30 17:48:12.0000000;6.24843099999998
BN_CONTROL.I5BEAM;2025-06-30 17:48:13.0000000;6.23924
BN_CONTROL.I5BEAM;2025-06-30 17:48:14.0000000;6.23974199999998
BN_CONTROL.I5BEAM;2025-06-30 17:48:15.0000000;6.23740199999997
BN_CONTROL.I5BEAM;2025-06-30 17:48:16.0000000;6.238405
BN_CONTROL.I5BEAM;2025-06-30 17:48:17.0000000;6.23289
BN_CONTROL.I5BEAM;2025-06-30 17:48:18.0000000;6.23172099999999
BN_CONTROL.I5BEAM;2025-06-30 17:48:19.0000000;6.22637400000002
BN_CONTROL.I5BEAM;2025-06-30 17:48:20.0000000;6.22821199999999
BN_CONTROL.I5BEAM;2025-06-30 17:48:21.0000000;6.22787699999998
BN_CONTROL.I5BEAM;2025-06-30 17:48:22.0000000;6.225371
BN_CONTROL.I5BEAM;2025-06-30 17:48:23.0000000;6.22069199999999
BN_CONTROL.I5BEAM;2025-06-30 17:48:24.0000000;6.21801799999997
BN_CONTROL.I5BEAM;2025-06-30 17:48:25.0000000;6.21684900000002
BN_CONTROL.I5BEAM;2025-06-30 17:48:26.0000000;6.217851
BN_CONTROL.I5BEAM;2025-06-30 17:48:27.0000000;6.20732400000003
BN_CONTROL.I5BEAM;2025-06-30 17:48:28.0000000;6.21100000000001
BN_CONTROL.I5BEAM;2025-06-30 17:48:29.0000000;6.20932900000003
BN_CONTROL.I5BEAM;2025-06-30 17:48:30.0000000;6.20765799999998
BN_CONTROL.I5BEAM;2025-06-30 17:48:31.0000000;6.20281199999999
BN_CONTROL.I5BEAM;2025-06-30 17:48:32.0000000;6.20181000000002
BN_CONTROL.I5BEAM;2025-06-30 17:48:33.0000000;6.20147500000002
BN_CONTROL.I5BEAM;2025-06-30 17:48:34.0000000;6.20181000000002
BN_CONTROL.I5BEAM;2025-06-30 17:48:35.0000000;6.19596100000001
BN_CONTROL.I5BEAM;2025-06-30 17:48:36.0000000;6.19261899999998
BN_CONTROL.I5BEAM;2025-06-30 17:48:37.0000000;6.19295299999999
BN_CONTROL.I5BEAM;2025-06-30 17:48:38.0000000;6.19529299999999
BN_CONTROL.I5BEAM;2025-06-30 17:48:39.0000000;6.19044700000001
BN_CONTROL.I5BEAM;2025-06-30 17:48:40.0000000;6.18008600000002
BN_CONTROL.I5BEAM;2025-06-30 17:48:41.0000000;6.18426399999998
BN_CONTROL.I5BEAM;2025-06-30 17:48:42.0000000;6.18526700000001
BN_CONTROL.I5BEAM;2025-06-30 17:48:43.0000000;6.17874999999998
BN_CONTROL.I5BEAM;2025-06-30 17:48:44.0000000;6.17925100000002
BN_CONTROL.I5BEAM;2025-06-30 17:48:45.0000000;6.17707899999999
BN_CONTROL.I5BEAM;2025-06-30 17:48:46.0000000;6.173068
BN_CONTROL.I5BEAM;2025-06-30 17:48:47.0000000;6.17674399999999
BN_CONTROL.I5BEAM;2025-06-30 17:48:48.0000000;6.17239999999998
BN_CONTROL.I5BEAM;2025-06-30 17:48:49.0000000;6.17239999999998
BN_CONTROL.I5BEAM;2025-06-30 17:48:50.0000000;6.16955899999999
BN_CONTROL.I5BEAM;2025-06-30 17:48:51.0000000;6.16655100000003
BN_CONTROL.I5BEAM;2025-06-30 17:48:52.0000000;6.16805499999998
BN_CONTROL.I5BEAM;2025-06-30 17:48:53.0000000;6.17056200000002
BN_CONTROL.I5BEAM;2025-06-30 17:48:54.0000000;6.16621700000002
BN_CONTROL.I5BEAM;2025-06-30 17:48:55.0000000;6.163543
BN_CONTROL.I5BEAM;2025-06-30 17:48:56.0000000;6.16153800000001
BN_CONTROL.I5BEAM;2025-06-30 17:48:57.0000000;6.15903200000002
BN_CONTROL.I5BEAM;2025-06-30 17:48:58.0000000;6.15184599999998
BN_CONTROL.I5BEAM;2025-06-30 17:48:59.0000000;6.15184599999998
BN_CONTROL.I5BEAM;2025-06-30 17:49:00.0000000;6.15769499999999
BN_CONTROL.I5BEAM;2025-06-30 17:49:01.0000000;6.14883800000001
BN_CONTROL.I5BEAM;2025-06-30 17:49:02.0000000;6.15201300000001
BN_CONTROL.I5BEAM;2025-06-30 17:49:03.0000000;6.15000800000001
BN_CONTROL.I5BEAM;2025-06-30 17:49:04.0000000;6.147334
BN_CONTROL.I5BEAM;2025-06-30 17:49:05.0000000;6.14599800000002
BN_CONTROL.I5BEAM;2025-06-30 17:49:06.0000000;6.14699999999999
BN_CONTROL.I5BEAM;2025-06-30 17:49:07.0000000;6.14148599999999
BN_CONTROL.I5BEAM;2025-06-30 17:49:08.0000000;6.14198699999997
BN_CONTROL.I5BEAM;2025-06-30 17:49:09.0000000;6.14399200000003
BN_CONTROL.I5BEAM;2025-06-30 17:49:10.0000000;6.14248900000001
BN_CONTROL.I5BEAM;2025-06-30 17:49:11.0000000;6.13513599999999
BN_CONTROL.I5BEAM;2025-06-30 17:49:12.0000000;6.13045699999998
BN_CONTROL.I5BEAM;2025-06-30 17:49:13.0000000;6.13630599999999
BN_CONTROL.I5BEAM;2025-06-30 17:49:14.0000000;6.125945
BN_CONTROL.I5BEAM;2025-06-30 17:49:15.0000000;6.125945
BN_CONTROL.I5BEAM;2025-06-30 17:49:16.0000000;6.12661400000002
BN_CONTROL.I5BEAM;2025-06-30 17:49:17.0000000;6.12577800000003
BN_CONTROL.I5BEAM;2025-06-30 17:49:18.0000000;6.12444199999999
BN_CONTROL.I5BEAM;2025-06-30 17:49:19.0000000;6.12143400000002
BN_CONTROL.I5BEAM;2025-06-30 17:49:20.0000000;6.12143400000002
BN_CONTROL.I5BEAM;2025-06-30 17:49:21.0000000;6.11859299999998
BN_CONTROL.I5BEAM;2025-06-30 17:49:22.0000000;6.11374699999999
BN_CONTROL.I5BEAM;2025-06-30 17:49:23.0000000;6.11475000000002
BN_CONTROL.I5BEAM;2025-06-30 17:49:24.0000000;6.10823299999998
BN_CONTROL.I5BEAM;2025-06-30 17:49:25.0000000;6.10823299999998
BN_CONTROL.I5BEAM;2025-06-30 17:49:26.0000000;6.10990399999997
BN_CONTROL.I5BEAM;2025-06-30 17:49:27.0000000;6.10305299999999
BN_CONTROL.I5BEAM;2025-06-30 17:49:28.0000000;6.10305299999999
BN_CONTROL.I5BEAM;2025-06-30 17:49:29.0000000;6.103387
BN_CONTROL.I5BEAM;2025-06-30 17:49:30.0000000;6.103387
BN_CONTROL.I5BEAM;2025-06-30 17:49:31.0000000;6.10823299999998
BN_CONTROL.I5BEAM;2025-06-30 17:49:32.0000000;6.09920899999997
BN_CONTROL.I5BEAM;2025-06-30 17:49:33.0000000;6.098207
BN_CONTROL.I5BEAM;2025-06-30 17:49:34.0000000;6.09336100000002
BN_CONTROL.I5BEAM;2025-06-30 17:49:35.0000000;6.09453000000002
BN_CONTROL.I5BEAM;2025-06-30 17:49:36.0000000;6.093862
BN_CONTROL.I5BEAM;2025-06-30 17:49:37.0000000;6.09235799999999
BN_CONTROL.I5BEAM;2025-06-30 17:49:38.0000000;6.09135500000002
BN_CONTROL.I5BEAM;2025-06-30 17:49:39.0000000;6.08149600000002
BN_CONTROL.I5BEAM;2025-06-30 17:49:40.0000000;6.08734500000003
BN_CONTROL.I5BEAM;2025-06-30 17:49:41.0000000;6.089517
BN_CONTROL.I5BEAM;2025-06-30 17:49:42.0000000;6.08216499999998
BN_CONTROL.I5BEAM;2025-06-30 17:49:43.0000000;6.08216499999998
BN_CONTROL.I5BEAM;2025-06-30 17:49:44.0000000;6.08350200000001
BN_CONTROL.I5BEAM;2025-06-30 17:49:45.0000000;6.08015999999998
BN_CONTROL.I5BEAM;2025-06-30 17:49:46.0000000;6.07932399999999
BN_CONTROL.I5BEAM;2025-06-30 17:49:47.0000000;6.07464499999998
BN_CONTROL.I5BEAM;2025-06-30 17:49:48.0000000;6.075648
BN_CONTROL.I5BEAM;2025-06-30 17:49:49.0000000;6.07848899999999
BN_CONTROL.I5BEAM;2025-06-30 17:49:50.0000000;6.06979899999999
BN_CONTROL.I5BEAM;2025-06-30 17:49:51.0000000;6.07397700000001
BN_CONTROL.I5BEAM;2025-06-30 17:49:52.0000000;6.07180499999998
BN_CONTROL.I5BEAM;2025-06-30 17:49:53.0000000;6.06595600000003
BN_CONTROL.I5BEAM;2025-06-30 17:49:54.0000000;6.06712599999997
BN_CONTROL.I5BEAM;2025-06-30 17:49:55.0000000;6.063784
BN_CONTROL.I5BEAM;2025-06-30 17:49:56.0000000;6.06411800000001
BN_CONTROL.I5BEAM;2025-06-30 17:49:57.0000000;6.06094300000001
BN_CONTROL.I5BEAM;2025-06-30 17:49:58.0000000;6.05977300000001
BN_CONTROL.I5BEAM;2025-06-30 17:49:59.0000000;6.05442599999998
BN_CONTROL.I5BEAM;2025-06-30 17:50:00.0000000;6.05843599999997
BN_CONTROL.I5BEAM;2025-06-30 17:50:01.0000000;6.05877099999998
BN_CONTROL.I5BEAM;2025-06-30 17:50:02.0000000;6.05409200000003
BN_CONTROL.I5BEAM;2025-06-30 17:50:03.0000000;6.05175200000002
BN_CONTROL.I5BEAM;2025-06-30 17:50:04.0000000;6.055094
BN_CONTROL.I5BEAM;2025-06-30 17:50:05.0000000;6.04891199999997
BN_CONTROL.I5BEAM;2025-06-30 17:50:06.0000000;6.05125099999998
BN_CONTROL.I5BEAM;2025-06-30 17:50:07.0000000;6.05342300000001
BN_CONTROL.I5BEAM;2025-06-30 17:50:08.0000000;6.05074999999999
BN_CONTROL.I5BEAM;2025-06-30 17:50:09.0000000;6.04506800000001
BN_CONTROL.I5BEAM;2025-06-30 17:50:10.0000000;6.04724099999999
BN_CONTROL.I5BEAM;2025-06-30 17:50:11.0000000;6.04807599999998
BN_CONTROL.I5BEAM;2025-06-30 17:50:12.0000000;6.04941300000002
BN_CONTROL.I5BEAM;2025-06-30 17:50:13.0000000;6.04557
BN_CONTROL.I5BEAM;2025-06-30 17:50:14.0000000;6.04155900000001
BN_CONTROL.I5BEAM;2025-06-30 17:50:15.0000000;6.03871800000002
BN_CONTROL.I5BEAM;2025-06-30 17:50:16.0000000;6.03871800000002
BN_CONTROL.I5BEAM;2025-06-30 17:50:17.0000000;6.03788300000002
BN_CONTROL.I5BEAM;2025-06-30 17:50:18.0000000;6.03587800000003
BN_CONTROL.I5BEAM;2025-06-30 17:50:19.0000000;6.03136599999999
BN_CONTROL.I5BEAM;2025-06-30 17:50:20.0000000;6.034875
BN_CONTROL.I5BEAM;2025-06-30 17:50:21.0000000;6.03270300000003
BN_CONTROL.I5BEAM;2025-06-30 17:50:22.0000000;6.03303699999998
BN_CONTROL.I5BEAM;2025-06-30 17:50:23.0000000;6.02568400000001
BN_CONTROL.I5BEAM;2025-06-30 17:50:24.0000000;6.029695
BN_CONTROL.I5BEAM;2025-06-30 17:50:25.0000000;6.03253599999999
BN_CONTROL.I5BEAM;2025-06-30 17:50:26.0000000;6.027355
BN_CONTROL.I5BEAM;2025-06-30 17:50:27.0000000;6.02769000000001
BN_CONTROL.I5BEAM;2025-06-30 17:50:28.0000000;6.03186699999998
BN_CONTROL.I5BEAM;2025-06-30 17:50:29.0000000;6.023011
BN_CONTROL.I5BEAM;2025-06-30 17:50:30.0000000;6.01649400000002
BN_CONTROL.I5BEAM;2025-06-30 17:50:31.0000000;6.02367900000002
BN_CONTROL.I5BEAM;2025-06-30 17:50:32.0000000;6.02367900000002
BN_CONTROL.I5BEAM;2025-06-30 17:50:33.0000000;6.02017000000001
BN_CONTROL.I5BEAM;2025-06-30 17:50:34.0000000;6.011481
BN_CONTROL.I5BEAM;2025-06-30 17:50:35.0000000;6.010311
BN_CONTROL.I5BEAM;2025-06-30 17:50:36.0000000;6.01281799999998
BN_CONTROL.I5BEAM;2025-06-30 17:50:37.0000000;6.02184099999999
BN_CONTROL.I5BEAM;2025-06-30 17:50:38.0000000;6.00579900000002
BN_CONTROL.I5BEAM;2025-06-30 17:50:39.0000000;6.00663500000002
BN_CONTROL.I5BEAM;2025-06-30 17:50:40.0000000;6.00663500000002
BN_CONTROL.I5BEAM;2025-06-30 17:50:41.0000000;6.00446299999999
BN_CONTROL.I5BEAM;2025-06-30 17:50:42.0000000;6.00295899999998
BN_CONTROL.I5BEAM;2025-06-30 17:50:43.0000000;6.00295899999998
BN_CONTROL.I5BEAM;2025-06-30 17:50:44.0000000;6.00947600000001
BN_CONTROL.I5BEAM;2025-06-30 17:50:45.0000000;6.00947600000001
BN_CONTROL.I5BEAM;2025-06-30 17:50:46.0000000;6.00446299999999
BN_CONTROL.I5BEAM;2025-06-30 17:50:47.0000000;6.00446299999999
BN_CONTROL.I5BEAM;2025-06-30 17:50:48.0000000;5.999617
BN_CONTROL.I5BEAM;2025-06-30 17:50:49.0000000;5.999617
BN_CONTROL.I5BEAM;2025-06-30 17:50:50.0000000;6.00028500000002
BN_CONTROL.I5BEAM;2025-06-30 17:50:51.0000000;6.00195600000001
BN_CONTROL.I5BEAM;2025-06-30 17:50:52.0000000;5.99878100000001
BN_CONTROL.I5BEAM;2025-06-30 17:50:53.0000000;5.99343399999998
BN_CONTROL.I5BEAM;2025-06-30 17:50:54.0000000;5.99142899999998
BN_CONTROL.I5BEAM;2025-06-30 17:50:55.0000000;5.99293299999999
BN_CONTROL.I5BEAM;2025-06-30 17:50:56.0000000;5.98942299999999
BN_CONTROL.I5BEAM;2025-06-30 17:50:57.0000000;5.98992500000003
BN_CONTROL.I5BEAM;2025-06-30 17:50:58.0000000;5.98708399999998
BN_CONTROL.I5BEAM;2025-06-30 17:50:59.0000000;5.98624799999999
BN_CONTROL.I5BEAM;2025-06-30 17:51:00.0000000;5.986583
BN_CONTROL.I5BEAM;2025-06-30 17:51:01.0000000;5.98558000000003
BN_CONTROL.I5BEAM;2025-06-30 17:51:02.0000000;5.982238
BN_CONTROL.I5BEAM;2025-06-30 17:51:03.0000000;5.98123500000003
BN_CONTROL.I5BEAM;2025-06-30 17:51:04.0000000;5.98073399999998
BN_CONTROL.I5BEAM;2025-06-30 17:51:05.0000000;5.97989899999999
BN_CONTROL.I5BEAM;2025-06-30 17:51:06.0000000;5.98123500000003
BN_CONTROL.I5BEAM;2025-06-30 17:51:07.0000000;5.98039999999997
BN_CONTROL.I5BEAM;2025-06-30 17:51:08.0000000;5.975053
BN_CONTROL.I5BEAM;2025-06-30 17:51:09.0000000;5.97722499999998
BN_CONTROL.I5BEAM;2025-06-30 17:51:10.0000000;5.97371600000002
BN_CONTROL.I5BEAM;2025-06-30 17:51:11.0000000;5.97154399999999
BN_CONTROL.I5BEAM;2025-06-30 17:51:12.0000000;5.96987300000001
BN_CONTROL.I5BEAM;2025-06-30 17:51:13.0000000;5.96853599999997
BN_CONTROL.I5BEAM;2025-06-30 17:51:14.0000000;5.965194
BN_CONTROL.I5BEAM;2025-06-30 17:51:15.0000000;5.96987300000001
BN_CONTROL.I5BEAM;2025-06-30 17:51:16.0000000;5.96469200000001
BN_CONTROL.I5BEAM;2025-06-30 17:51:17.0000000;5.97020700000002
BN_CONTROL.I5BEAM;2025-06-30 17:51:18.0000000;5.96886999999998
BN_CONTROL.I5BEAM;2025-06-30 17:51:19.0000000;5.96903700000001
BN_CONTROL.I5BEAM;2025-06-30 17:51:20.0000000;5.95934499999998
BN_CONTROL.I5BEAM;2025-06-30 17:51:21.0000000;5.95817499999998
BN_CONTROL.I5BEAM;2025-06-30 17:51:22.0000000;5.954499
BN_CONTROL.I5BEAM;2025-06-30 17:51:23.0000000;5.96335599999998
BN_CONTROL.I5BEAM;2025-06-30 17:51:24.0000000;5.96151700000001
BN_CONTROL.I5BEAM;2025-06-30 17:51:25.0000000;5.95466599999997
BN_CONTROL.I5BEAM;2025-06-30 17:51:26.0000000;5.953329
BN_CONTROL.I5BEAM;2025-06-30 17:51:27.0000000;5.95215999999999
BN_CONTROL.I5BEAM;2025-06-30 17:51:28.0000000;5.95149099999998
BN_CONTROL.I5BEAM;2025-06-30 17:51:29.0000000;5.95717300000001
BN_CONTROL.I5BEAM;2025-06-30 17:51:30.0000000;5.95282800000001
BN_CONTROL.I5BEAM;2025-06-30 17:51:31.0000000;5.950155
BN_CONTROL.I5BEAM;2025-06-30 17:51:32.0000000;5.94413900000001
BN_CONTROL.I5BEAM;2025-06-30 17:51:33.0000000;5.946144
BN_CONTROL.I5BEAM;2025-06-30 17:51:34.0000000;5.94698
BN_CONTROL.I5BEAM;2025-06-30 17:51:35.0000000;5.94163200000003
BN_CONTROL.I5BEAM;2025-06-30 17:51:36.0000000;5.94163200000003
BN_CONTROL.I5BEAM;2025-06-30 17:51:37.0000000;5.94063
BN_CONTROL.I5BEAM;2025-06-30 17:51:38.0000000;5.941799
BN_CONTROL.I5BEAM;2025-06-30 17:51:39.0000000;5.93812300000002
BN_CONTROL.I5BEAM;2025-06-30 17:51:40.0000000;5.93661900000001
BN_CONTROL.I5BEAM;2025-06-30 17:51:41.0000000;5.93695400000001
BN_CONTROL.I5BEAM;2025-06-30 17:51:42.0000000;5.93528199999997
BN_CONTROL.I5BEAM;2025-06-30 17:51:43.0000000;5.93611800000002
BN_CONTROL.I5BEAM;2025-06-30 17:51:44.0000000;5.93712099999999
BN_CONTROL.I5BEAM;2025-06-30 17:51:45.0000000;5.93143900000001
BN_CONTROL.I5BEAM;2025-06-30 17:51:46.0000000;5.92809699999998
BN_CONTROL.I5BEAM;2025-06-30 17:51:47.0000000;5.93377900000002
BN_CONTROL.I5BEAM;2025-06-30 17:51:48.0000000;5.92976800000002
BN_CONTROL.I5BEAM;2025-06-30 17:51:49.0000000;5.93361099999998
BN_CONTROL.I5BEAM;2025-06-30 17:51:50.0000000;5.92659300000003
BN_CONTROL.I5BEAM;2025-06-30 17:51:51.0000000;5.92158000000001
BN_CONTROL.I5BEAM;2025-06-30 17:51:52.0000000;5.923585
BN_CONTROL.I5BEAM;2025-06-30 17:51:53.0000000;5.924755
BN_CONTROL.I5BEAM;2025-06-30 17:51:54.0000000;5.92609199999998
BN_CONTROL.I5BEAM;2025-06-30 17:51:55.0000000;5.92458800000003
BN_CONTROL.I5BEAM;2025-06-30 17:51:56.0000000;5.92174699999998
BN_CONTROL.I5BEAM;2025-06-30 17:51:57.0000000;5.91840500000001
BN_CONTROL.I5BEAM;2025-06-30 17:51:58.0000000;5.91439500000001
BN_CONTROL.I5BEAM;2025-06-30 17:51:59.0000000;5.913726
BN_CONTROL.I5BEAM;2025-06-30 17:52:00.0000000;5.91272400000003
BN_CONTROL.I5BEAM;2025-06-30 17:52:01.0000000;5.90904799999998
BN_CONTROL.I5BEAM;2025-06-30 17:52:02.0000000;5.910551
BN_CONTROL.I5BEAM;2025-06-30 17:52:03.0000000;5.91021699999999
BN_CONTROL.I5BEAM;2025-06-30 17:52:04.0000000;5.91205500000001
BN_CONTROL.I5BEAM;2025-06-30 17:52:05.0000000;5.90670799999998
BN_CONTROL.I5BEAM;2025-06-30 17:52:06.0000000;5.90086000000002
BN_CONTROL.I5BEAM;2025-06-30 17:52:07.0000000;5.90086000000002
BN_CONTROL.I5BEAM;2025-06-30 17:52:08.0000000;5.90169500000002
BN_CONTROL.I5BEAM;2025-06-30 17:52:09.0000000;5.90336600000001
BN_CONTROL.I5BEAM;2025-06-30 17:52:10.0000000;5.90086000000002
BN_CONTROL.I5BEAM;2025-06-30 17:52:11.0000000;5.89818600000001
BN_CONTROL.I5BEAM;2025-06-30 17:52:12.0000000;5.90169500000002
BN_CONTROL.I5BEAM;2025-06-30 17:52:13.0000000;5.89133500000003
BN_CONTROL.I5BEAM;2025-06-30 17:52:14.0000000;5.89718299999998
BN_CONTROL.I5BEAM;2025-06-30 17:52:15.0000000;5.89969000000002
BN_CONTROL.I5BEAM;2025-06-30 17:52:16.0000000;5.89434299999999
BN_CONTROL.I5BEAM;2025-06-30 17:52:17.0000000;5.89217000000002
BN_CONTROL.I5BEAM;2025-06-30 17:52:18.0000000;5.88999799999999
BN_CONTROL.I5BEAM;2025-06-30 17:52:19.0000000;5.889162
BN_CONTROL.I5BEAM;2025-06-30 17:52:20.0000000;5.88414899999998
BN_CONTROL.I5BEAM;2025-06-30 17:52:21.0000000;5.88749100000001
BN_CONTROL.I5BEAM;2025-06-30 17:52:22.0000000;5.89200299999999
BN_CONTROL.I5BEAM;2025-06-30 17:52:23.0000000;5.88632200000001
BN_CONTROL.I5BEAM;2025-06-30 17:52:24.0000000;5.88465100000002
BN_CONTROL.I5BEAM;2025-06-30 17:52:25.0000000;5.887157
BN_CONTROL.I5BEAM;2025-06-30 17:52:26.0000000;5.880473
BN_CONTROL.I5BEAM;2025-06-30 17:52:27.0000000;5.87779999999998
BN_CONTROL.I5BEAM;2025-06-30 17:52:28.0000000;5.87629600000002
BN_CONTROL.I5BEAM;2025-06-30 17:52:29.0000000;5.87913600000002
BN_CONTROL.I5BEAM;2025-06-30 17:52:30.0000000;5.87662999999998
BN_CONTROL.I5BEAM;2025-06-30 17:52:31.0000000;5.881643
BN_CONTROL.I5BEAM;2025-06-30 17:52:32.0000000;5.87763200000001
BN_CONTROL.I5BEAM;2025-06-30 17:52:33.0000000;5.87261899999999
BN_CONTROL.I5BEAM;2025-06-30 17:52:34.0000000;5.85958499999998
BN_CONTROL.I5BEAM;2025-06-30 17:52:35.0000000;5.86910999999998
BN_CONTROL.I5BEAM;2025-06-30 17:52:36.0000000;5.87044700000001
BN_CONTROL.I5BEAM;2025-06-30 17:52:37.0000000;5.87479200000001
BN_CONTROL.I5BEAM;2025-06-30 17:52:38.0000000;5.86927700000001
BN_CONTROL.I5BEAM;2025-06-30 17:52:39.0000000;5.86643700000002
BN_CONTROL.I5BEAM;2025-06-30 17:52:40.0000000;5.86643700000002
BN_CONTROL.I5BEAM;2025-06-30 17:52:41.0000000;5.86593499999998
BN_CONTROL.I5BEAM;2025-06-30 17:52:42.0000000;5.862593
BN_CONTROL.I5BEAM;2025-06-30 17:52:43.0000000;5.86042099999997
BN_CONTROL.I5BEAM;2025-06-30 17:52:44.0000000;5.85841599999998
BN_CONTROL.I5BEAM;2025-06-30 17:52:45.0000000;5.85858300000001
BN_CONTROL.I5BEAM;2025-06-30 17:52:46.0000000;5.85841599999998
BN_CONTROL.I5BEAM;2025-06-30 17:52:47.0000000;5.864599
BN_CONTROL.I5BEAM;2025-06-30 17:52:48.0000000;5.86008700000002
BN_CONTROL.I5BEAM;2025-06-30 17:52:49.0000000;5.86092200000002
BN_CONTROL.I5BEAM;2025-06-30 17:52:50.0000000;5.850729
BN_CONTROL.I5BEAM;2025-06-30 17:52:51.0000000;5.85540800000001
BN_CONTROL.I5BEAM;2025-06-30 17:52:52.0000000;5.85540800000001
BN_CONTROL.I5BEAM;2025-06-30 17:52:53.0000000;5.85607599999997
BN_CONTROL.I5BEAM;2025-06-30 17:52:54.0000000;5.85089599999998
BN_CONTROL.I5BEAM;2025-06-30 17:52:55.0000000;5.85089599999998
BN_CONTROL.I5BEAM;2025-06-30 17:52:56.0000000;5.84220699999997
BN_CONTROL.I5BEAM;2025-06-30 17:52:57.0000000;5.85089599999998
BN_CONTROL.I5BEAM;2025-06-30 17:52:58.0000000;5.85056200000002
BN_CONTROL.I5BEAM;2025-06-30 17:52:59.0000000;5.85006099999998
BN_CONTROL.I5BEAM;2025-06-30 17:53:00.0000000;5.84838999999999
BN_CONTROL.I5BEAM;2025-06-30 17:53:01.0000000;5.85139700000002
BN_CONTROL.I5BEAM;2025-06-30 17:53:02.0000000;5.84621700000002
BN_CONTROL.I5BEAM;2025-06-30 17:53:03.0000000;5.84454599999998
BN_CONTROL.I5BEAM;2025-06-30 17:53:04.0000000;5.84471300000001
BN_CONTROL.I5BEAM;2025-06-30 17:53:05.0000000;5.84187300000002
BN_CONTROL.I5BEAM;2025-06-30 17:53:06.0000000;5.83986700000003
BN_CONTROL.I5BEAM;2025-06-30 17:53:07.0000000;5.837695
BN_CONTROL.I5BEAM;2025-06-30 17:53:08.0000000;5.83919900000001
BN_CONTROL.I5BEAM;2025-06-30 17:53:09.0000000;5.83819599999998
BN_CONTROL.I5BEAM;2025-06-30 17:53:10.0000000;5.83686
BN_CONTROL.I5BEAM;2025-06-30 17:53:11.0000000;5.83686
BN_CONTROL.I5BEAM;2025-06-30 17:53:12.0000000;5.83719400000001
BN_CONTROL.I5BEAM;2025-06-30 17:53:13.0000000;5.83485400000001
BN_CONTROL.I5BEAM;2025-06-30 17:53:14.0000000;5.83218099999999
BN_CONTROL.I5BEAM;2025-06-30 17:53:15.0000000;5.83034300000003
BN_CONTROL.I5BEAM;2025-06-30 17:53:16.0000000;5.82432699999998
BN_CONTROL.I5BEAM;2025-06-30 17:53:17.0000000;5.82432699999998
BN_CONTROL.I5BEAM;2025-06-30 17:53:18.0000000;5.83218099999999
BN_CONTROL.I5BEAM;2025-06-30 17:53:19.0000000;5.82399299999997
BN_CONTROL.I5BEAM;2025-06-30 17:53:20.0000000;5.82232199999999
BN_CONTROL.I5BEAM;2025-06-30 17:53:21.0000000;5.823826
BN_CONTROL.I5BEAM;2025-06-30 17:53:22.0000000;5.82482800000003
BN_CONTROL.I5BEAM;2025-06-30 17:53:23.0000000;5.82449400000002
BN_CONTROL.I5BEAM;2025-06-30 17:53:24.0000000;5.81563799999998
BN_CONTROL.I5BEAM;2025-06-30 17:53:25.0000000;5.815136
BN_CONTROL.I5BEAM;2025-06-30 17:53:26.0000000;5.82817
BN_CONTROL.I5BEAM;2025-06-30 17:53:27.0000000;5.81730900000002
BN_CONTROL.I5BEAM;2025-06-30 17:53:28.0000000;5.81212900000003
BN_CONTROL.I5BEAM;2025-06-30 17:53:29.0000000;5.80928799999998
BN_CONTROL.I5BEAM;2025-06-30 17:53:30.0000000;5.81530400000003
BN_CONTROL.I5BEAM;2025-06-30 17:53:31.0000000;5.81346500000001
BN_CONTROL.I5BEAM;2025-06-30 17:53:32.0000000;5.81664000000001
BN_CONTROL.I5BEAM;2025-06-30 17:53:33.0000000;5.81162699999999
BN_CONTROL.I5BEAM;2025-06-30 17:53:34.0000000;5.81279699999999
BN_CONTROL.I5BEAM;2025-06-30 17:53:35.0000000;5.80928799999998
BN_CONTROL.I5BEAM;2025-06-30 17:53:36.0000000;5.80343900000003
BN_CONTROL.I5BEAM;2025-06-30 17:53:37.0000000;5.80628000000002
BN_CONTROL.I5BEAM;2025-06-30 17:53:38.0000000;5.807951
BN_CONTROL.I5BEAM;2025-06-30 17:53:39.0000000;5.80494299999998
BN_CONTROL.I5BEAM;2025-06-30 17:53:40.0000000;5.80828500000001
BN_CONTROL.I5BEAM;2025-06-30 17:53:41.0000000;5.80059899999998
BN_CONTROL.I5BEAM;2025-06-30 17:53:42.0000000;5.801267
BN_CONTROL.I5BEAM;2025-06-30 17:53:43.0000000;5.80227000000002
BN_CONTROL.I5BEAM;2025-06-30 17:53:44.0000000;5.79993000000002
BN_CONTROL.I5BEAM;2025-06-30 17:53:45.0000000;5.79742399999998
BN_CONTROL.I5BEAM;2025-06-30 17:53:46.0000000;5.79993000000002
BN_CONTROL.I5BEAM;2025-06-30 17:53:47.0000000;5.80176799999998
BN_CONTROL.I5BEAM;2025-06-30 17:53:48.0000000;5.79508399999997
BN_CONTROL.I5BEAM;2025-06-30 17:53:49.0000000;5.80277100000001
BN_CONTROL.I5BEAM;2025-06-30 17:53:50.0000000;5.80059899999998
BN_CONTROL.I5BEAM;2025-06-30 17:53:51.0000000;5.794082
BN_CONTROL.I5BEAM;2025-06-30 17:53:52.0000000;5.79475000000002
BN_CONTROL.I5BEAM;2025-06-30 17:53:53.0000000;5.79525100000001
BN_CONTROL.I5BEAM;2025-06-30 17:53:54.0000000;5.79241100000002
BN_CONTROL.I5BEAM;2025-06-30 17:53:55.0000000;5.79007100000001
BN_CONTROL.I5BEAM;2025-06-30 17:53:56.0000000;5.78789899999998
BN_CONTROL.I5BEAM;2025-06-30 17:53:57.0000000;5.78890100000001
BN_CONTROL.I5BEAM;2025-06-30 17:53:58.0000000;5.78906899999998
BN_CONTROL.I5BEAM;2025-06-30 17:53:59.0000000;5.78706299999999
BN_CONTROL.I5BEAM;2025-06-30 17:54:00.0000000;5.78806600000001
BN_CONTROL.I5BEAM;2025-06-30 17:54:01.0000000;5.78555899999998
BN_CONTROL.I5BEAM;2025-06-30 17:54:02.0000000;5.78455700000001
BN_CONTROL.I5BEAM;2025-06-30 17:54:03.0000000;5.78522500000003
BN_CONTROL.I5BEAM;2025-06-30 17:54:04.0000000;5.78906899999998
BN_CONTROL.I5BEAM;2025-06-30 17:54:05.0000000;5.78589399999998
BN_CONTROL.I5BEAM;2025-06-30 17:54:06.0000000;5.78321999999997
BN_CONTROL.I5BEAM;2025-06-30 17:54:07.0000000;5.786562
BN_CONTROL.I5BEAM;2025-06-30 17:54:08.0000000;5.786562
BN_CONTROL.I5BEAM;2025-06-30 17:54:09.0000000;5.77937700000001
BN_CONTROL.I5BEAM;2025-06-30 17:54:10.0000000;5.77870799999999
BN_CONTROL.I5BEAM;2025-06-30 17:54:11.0000000;5.77753899999999
BN_CONTROL.I5BEAM;2025-06-30 17:54:12.0000000;5.77486499999998
BN_CONTROL.I5BEAM;2025-06-30 17:54:13.0000000;5.77887500000003
BN_CONTROL.I5BEAM;2025-06-30 17:54:14.0000000;5.781048
BN_CONTROL.I5BEAM;2025-06-30 17:54:15.0000000;5.77837399999999
BN_CONTROL.I5BEAM;2025-06-30 17:54:16.0000000;5.77419700000002
BN_CONTROL.I5BEAM;2025-06-30 17:54:17.0000000;5.77102200000002
BN_CONTROL.I5BEAM;2025-06-30 17:54:18.0000000;5.76884899999999
BN_CONTROL.I5BEAM;2025-06-30 17:54:19.0000000;5.76951800000001
BN_CONTROL.I5BEAM;2025-06-30 17:54:20.0000000;5.76818100000003
BN_CONTROL.I5BEAM;2025-06-30 17:54:21.0000000;5.76884899999999
BN_CONTROL.I5BEAM;2025-06-30 17:54:22.0000000;5.76383600000003
BN_CONTROL.I5BEAM;2025-06-30 17:54:23.0000000;5.769183
BN_CONTROL.I5BEAM;2025-06-30 17:54:24.0000000;5.769183
BN_CONTROL.I5BEAM;2025-06-30 17:54:25.0000000;5.76734499999998
BN_CONTROL.I5BEAM;2025-06-30 17:54:26.0000000;5.76450499999999
BN_CONTROL.I5BEAM;2025-06-30 17:54:27.0000000;5.76433800000001
BN_CONTROL.I5BEAM;2025-06-30 17:54:28.0000000;5.76350200000002
BN_CONTROL.I5BEAM;2025-06-30 17:54:29.0000000;5.75297499999999
BN_CONTROL.I5BEAM;2025-06-30 17:54:30.0000000;5.76116300000001
BN_CONTROL.I5BEAM;2025-06-30 17:54:31.0000000;5.76316800000001
BN_CONTROL.I5BEAM;2025-06-30 17:54:32.0000000;5.76099599999998
BN_CONTROL.I5BEAM;2025-06-30 17:54:33.0000000;5.75715200000002
BN_CONTROL.I5BEAM;2025-06-30 17:54:34.0000000;5.750969
BN_CONTROL.I5BEAM;2025-06-30 17:54:35.0000000;5.75431099999997
BN_CONTROL.I5BEAM;2025-06-30 17:54:36.0000000;5.75514700000002
BN_CONTROL.I5BEAM;2025-06-30 17:54:37.0000000;5.75247300000001
BN_CONTROL.I5BEAM;2025-06-30 17:54:38.0000000;5.75080200000002
BN_CONTROL.I5BEAM;2025-06-30 17:54:39.0000000;5.75263999999999
BN_CONTROL.I5BEAM;2025-06-30 17:54:40.0000000;5.74227999999999
BN_CONTROL.I5BEAM;2025-06-30 17:54:41.0000000;5.742614
BN_CONTROL.I5BEAM;2025-06-30 17:54:42.0000000;5.74395099999998
BN_CONTROL.I5BEAM;2025-06-30 17:54:43.0000000;5.74512099999998
BN_CONTROL.I5BEAM;2025-06-30 17:54:44.0000000;5.74528800000002
BN_CONTROL.I5BEAM;2025-06-30 17:54:45.0000000;5.74361699999997
BN_CONTROL.I5BEAM;2025-06-30 17:54:46.0000000;5.74345
BN_CONTROL.I5BEAM;2025-06-30 17:54:47.0000000;5.74361699999997
BN_CONTROL.I5BEAM;2025-06-30 17:54:48.0000000;5.74077599999998
BN_CONTROL.I5BEAM;2025-06-30 17:54:49.0000000;5.74161199999998
BN_CONTROL.I5BEAM;2025-06-30 17:54:50.0000000;5.740275
BN_CONTROL.I5BEAM;2025-06-30 17:54:51.0000000;5.74094300000002
BN_CONTROL.I5BEAM;2025-06-30 17:54:52.0000000;5.739105
BN_CONTROL.I5BEAM;2025-06-30 17:54:53.0000000;5.73760099999998
BN_CONTROL.I5BEAM;2025-06-30 17:54:54.0000000;5.73325699999998
BN_CONTROL.I5BEAM;2025-06-30 17:54:55.0000000;5.732755
BN_CONTROL.I5BEAM;2025-06-30 17:54:56.0000000;5.73091699999998
BN_CONTROL.I5BEAM;2025-06-30 17:54:57.0000000;5.73342400000001
BN_CONTROL.I5BEAM;2025-06-30 17:54:58.0000000;5.73041599999999
BN_CONTROL.I5BEAM;2025-06-30 17:54:59.0000000;5.72807599999999
BN_CONTROL.I5BEAM;2025-06-30 17:55:00.0000000;5.72573699999998
BN_CONTROL.I5BEAM;2025-06-30 17:55:01.0000000;5.72557
BN_CONTROL.I5BEAM;2025-06-30 17:55:02.0000000;5.72924599999999
BN_CONTROL.I5BEAM;2025-06-30 17:55:03.0000000;5.72490199999999
BN_CONTROL.I5BEAM;2025-06-30 17:55:04.0000000;5.72590400000001
BN_CONTROL.I5BEAM;2025-06-30 17:55:05.0000000;5.72239500000001
BN_CONTROL.I5BEAM;2025-06-30 17:55:06.0000000;5.72055699999999
BN_CONTROL.I5BEAM;2025-06-30 17:55:07.0000000;5.72239500000001
BN_CONTROL.I5BEAM;2025-06-30 17:55:08.0000000;5.718886
BN_CONTROL.I5BEAM;2025-06-30 17:55:09.0000000;5.71537699999999
BN_CONTROL.I5BEAM;2025-06-30 17:55:10.0000000;5.71671400000002
BN_CONTROL.I5BEAM;2025-06-30 17:55:11.0000000;5.71637900000002
BN_CONTROL.I5BEAM;2025-06-30 17:55:12.0000000;5.71437400000002
BN_CONTROL.I5BEAM;2025-06-30 17:55:13.0000000;5.71270299999998
BN_CONTROL.I5BEAM;2025-06-30 17:55:14.0000000;5.706186
BN_CONTROL.I5BEAM;2025-06-30 17:55:15.0000000;5.714541
BN_CONTROL.I5BEAM;2025-06-30 17:55:16.0000000;5.713706
BN_CONTROL.I5BEAM;2025-06-30 17:55:17.0000000;5.70769000000001
BN_CONTROL.I5BEAM;2025-06-30 17:55:18.0000000;5.71170100000001
BN_CONTROL.I5BEAM;2025-06-30 17:55:19.0000000;5.71203500000001
BN_CONTROL.I5BEAM;2025-06-30 17:55:20.0000000;5.70785699999999
BN_CONTROL.I5BEAM;2025-06-30 17:55:21.0000000;5.706186
BN_CONTROL.I5BEAM;2025-06-30 17:55:22.0000000;5.708191
BN_CONTROL.I5BEAM;2025-06-30 17:55:23.0000000;5.708191
BN_CONTROL.I5BEAM;2025-06-30 17:55:24.0000000;5.70568500000002
BN_CONTROL.I5BEAM;2025-06-30 17:55:25.0000000;5.70718900000003
BN_CONTROL.I5BEAM;2025-06-30 17:55:26.0000000;5.70952799999998
BN_CONTROL.I5BEAM;2025-06-30 17:55:27.0000000;5.70585199999999
BN_CONTROL.I5BEAM;2025-06-30 17:55:28.0000000;5.707356
BN_CONTROL.I5BEAM;2025-06-30 17:55:29.0000000;5.70167400000003
BN_CONTROL.I5BEAM;2025-06-30 17:55:30.0000000;5.69181500000002
BN_CONTROL.I5BEAM;2025-06-30 17:55:31.0000000;5.69616000000002
BN_CONTROL.I5BEAM;2025-06-30 17:55:32.0000000;5.698667
BN_CONTROL.I5BEAM;2025-06-30 17:55:33.0000000;5.70150699999999
BN_CONTROL.I5BEAM;2025-06-30 17:55:34.0000000;5.69131399999998
BN_CONTROL.I5BEAM;2025-06-30 17:55:35.0000000;5.69398799999999
BN_CONTROL.I5BEAM;2025-06-30 17:55:36.0000000;5.69482299999999
BN_CONTROL.I5BEAM;2025-06-30 17:55:37.0000000;5.69382100000001
BN_CONTROL.I5BEAM;2025-06-30 17:55:38.0000000;5.689977
BN_CONTROL.I5BEAM;2025-06-30 17:55:39.0000000;5.69148100000001
BN_CONTROL.I5BEAM;2025-06-30 17:55:40.0000000;5.684797
BN_CONTROL.I5BEAM;2025-06-30 17:55:41.0000000;5.68730399999998
BN_CONTROL.I5BEAM;2025-06-30 17:55:42.0000000;5.689977
BN_CONTROL.I5BEAM;2025-06-30 17:55:43.0000000;5.68579999999997
BN_CONTROL.I5BEAM;2025-06-30 17:55:44.0000000;5.68446299999999
BN_CONTROL.I5BEAM;2025-06-30 17:55:45.0000000;5.68396200000001
BN_CONTROL.I5BEAM;2025-06-30 17:55:46.0000000;5.68579999999997
BN_CONTROL.I5BEAM;2025-06-30 17:55:47.0000000;5.68412899999998
BN_CONTROL.I5BEAM;2025-06-30 17:55:48.0000000;5.68830600000001
BN_CONTROL.I5BEAM;2025-06-30 17:55:49.0000000;5.68529799999999
BN_CONTROL.I5BEAM;2025-06-30 17:55:50.0000000;5.67861399999998
BN_CONTROL.I5BEAM;2025-06-30 17:55:51.0000000;5.67861399999998
BN_CONTROL.I5BEAM;2025-06-30 17:55:52.0000000;5.67995100000002
BN_CONTROL.I5BEAM;2025-06-30 17:55:53.0000000;5.684797
BN_CONTROL.I5BEAM;2025-06-30 17:55:54.0000000;5.68329299999999
BN_CONTROL.I5BEAM;2025-06-30 17:55:55.0000000;5.674103
BN_CONTROL.I5BEAM;2025-06-30 17:55:56.0000000;5.67393600000003
BN_CONTROL.I5BEAM;2025-06-30 17:55:57.0000000;5.67343399999999
BN_CONTROL.I5BEAM;2025-06-30 17:55:58.0000000;5.66842100000002
BN_CONTROL.I5BEAM;2025-06-30 17:55:59.0000000;5.67477100000002
BN_CONTROL.I5BEAM;2025-06-30 17:56:00.0000000;5.67192999999997
BN_CONTROL.I5BEAM;2025-06-30 17:56:01.0000000;5.67543899999998
BN_CONTROL.I5BEAM;2025-06-30 17:56:02.0000000;5.67426999999998
BN_CONTROL.I5BEAM;2025-06-30 17:56:03.0000000;5.66591499999998
BN_CONTROL.I5BEAM;2025-06-30 17:56:04.0000000;5.67142899999999
BN_CONTROL.I5BEAM;2025-06-30 17:56:05.0000000;5.66992499999998
BN_CONTROL.I5BEAM;2025-06-30 17:56:06.0000000;5.66908999999998
BN_CONTROL.I5BEAM;2025-06-30 17:56:07.0000000;5.66240599999998
BN_CONTROL.I5BEAM;2025-06-30 17:56:08.0000000;5.66524600000002
BN_CONTROL.I5BEAM;2025-06-30 17:56:09.0000000;5.66240599999998
BN_CONTROL.I5BEAM;2025-06-30 17:56:10.0000000;5.669758
BN_CONTROL.I5BEAM;2025-06-30 17:56:11.0000000;5.66407700000002
BN_CONTROL.I5BEAM;2025-06-30 17:56:12.0000000;5.665413
BN_CONTROL.I5BEAM;2025-06-30 17:56:13.0000000;5.66324100000003
BN_CONTROL.I5BEAM;2025-06-30 17:56:14.0000000;5.659899
BN_CONTROL.I5BEAM;2025-06-30 17:56:15.0000000;5.66073499999999
BN_CONTROL.I5BEAM;2025-06-30 17:56:16.0000000;5.65889600000003
BN_CONTROL.I5BEAM;2025-06-30 17:56:17.0000000;5.66240599999998
BN_CONTROL.I5BEAM;2025-06-30 17:56:18.0000000;5.66073499999999
BN_CONTROL.I5BEAM;2025-06-30 17:56:19.0000000;5.652379
BN_CONTROL.I5BEAM;2025-06-30 17:56:20.0000000;5.64987300000001
BN_CONTROL.I5BEAM;2025-06-30 17:56:21.0000000;5.652714
BN_CONTROL.I5BEAM;2025-06-30 17:56:22.0000000;5.65221200000002
BN_CONTROL.I5BEAM;2025-06-30 17:56:23.0000000;5.65288099999998
BN_CONTROL.I5BEAM;2025-06-30 17:56:24.0000000;5.65421800000001
BN_CONTROL.I5BEAM;2025-06-30 17:56:25.0000000;5.65020700000002
BN_CONTROL.I5BEAM;2025-06-30 17:56:26.0000000;5.64786800000002
BN_CONTROL.I5BEAM;2025-06-30 17:56:27.0000000;5.64870300000001
BN_CONTROL.I5BEAM;2025-06-30 17:56:28.0000000;5.64786800000002
BN_CONTROL.I5BEAM;2025-06-30 17:56:29.0000000;5.64452599999998
BN_CONTROL.I5BEAM;2025-06-30 17:56:30.0000000;5.65070800000001
BN_CONTROL.I5BEAM;2025-06-30 17:56:31.0000000;5.64786800000002
BN_CONTROL.I5BEAM;2025-06-30 17:56:32.0000000;5.64886999999999
BN_CONTROL.I5BEAM;2025-06-30 17:56:33.0000000;5.64886999999999
BN_CONTROL.I5BEAM;2025-06-30 17:56:34.0000000;5.64485999999999
BN_CONTROL.I5BEAM;2025-06-30 17:56:35.0000000;5.63951300000002
BN_CONTROL.I5BEAM;2025-06-30 17:56:36.0000000;5.63800900000001
BN_CONTROL.I5BEAM;2025-06-30 17:56:37.0000000;5.63817599999999
BN_CONTROL.I5BEAM;2025-06-30 17:56:38.0000000;5.63817599999999
BN_CONTROL.I5BEAM;2025-06-30 17:56:39.0000000;5.63583599999998
BN_CONTROL.I5BEAM;2025-06-30 17:56:40.0000000;5.63717300000002
BN_CONTROL.I5BEAM;2025-06-30 17:56:41.0000000;5.63617099999999
BN_CONTROL.I5BEAM;2025-06-30 17:56:42.0000000;5.64101699999998
BN_CONTROL.I5BEAM;2025-06-30 17:56:43.0000000;5.640849
BN_CONTROL.I5BEAM;2025-06-30 17:56:44.0000000;5.63232699999998
BN_CONTROL.I5BEAM;2025-06-30 17:56:45.0000000;5.635335
BN_CONTROL.I5BEAM;2025-06-30 17:56:46.0000000;5.63082300000002
BN_CONTROL.I5BEAM;2025-06-30 17:56:47.0000000;5.63349699999998
BN_CONTROL.I5BEAM;2025-06-30 17:56:48.0000000;5.62815000000001
BN_CONTROL.I5BEAM;2025-06-30 17:56:49.0000000;5.63349699999998
BN_CONTROL.I5BEAM;2025-06-30 17:56:50.0000000;5.62948699999998
BN_CONTROL.I5BEAM;2025-06-30 17:56:51.0000000;5.62497500000001
BN_CONTROL.I5BEAM;2025-06-30 17:56:52.0000000;5.62514199999998
BN_CONTROL.I5BEAM;2025-06-30 17:56:53.0000000;5.624641
BN_CONTROL.I5BEAM;2025-06-30 17:56:54.0000000;5.62514199999998
BN_CONTROL.I5BEAM;2025-06-30 17:56:55.0000000;5.62848400000001
BN_CONTROL.I5BEAM;2025-06-30 17:56:56.0000000;5.62480799999997
BN_CONTROL.I5BEAM;2025-06-30 17:56:57.0000000;5.61478199999999
BN_CONTROL.I5BEAM;2025-06-30 17:56:58.0000000;5.62313699999999
BN_CONTROL.I5BEAM;2025-06-30 17:56:59.0000000;5.62113099999999
BN_CONTROL.I5BEAM;2025-06-30 17:57:00.0000000;5.62313699999999
BN_CONTROL.I5BEAM;2025-06-30 17:57:01.0000000;5.62313699999999
BN_CONTROL.I5BEAM;2025-06-30 17:57:02.0000000;5.61611799999997
BN_CONTROL.I5BEAM;2025-06-30 17:57:03.0000000;5.61611799999997
BN_CONTROL.I5BEAM;2025-06-30 17:57:04.0000000;5.62297000000001
BN_CONTROL.I5BEAM;2025-06-30 17:57:05.0000000;5.61478199999999
BN_CONTROL.I5BEAM;2025-06-30 17:57:06.0000000;5.61762199999998
BN_CONTROL.I5BEAM;2025-06-30 17:57:07.0000000;5.61528299999998
BN_CONTROL.I5BEAM;2025-06-30 17:57:08.0000000;5.61528299999998
BN_CONTROL.I5BEAM;2025-06-30 17:57:09.0000000;5.61411299999997
BN_CONTROL.I5BEAM;2025-06-30 17:57:10.0000000;5.60726199999999
BN_CONTROL.I5BEAM;2025-06-30 17:57:11.0000000;5.611941
BN_CONTROL.I5BEAM;2025-06-30 17:57:12.0000000;5.61160699999999
BN_CONTROL.I5BEAM;2025-06-30 17:57:13.0000000;5.609601
BN_CONTROL.I5BEAM;2025-06-30 17:57:14.0000000;5.608766
BN_CONTROL.I5BEAM;2025-06-30 17:57:15.0000000;5.60809799999998
BN_CONTROL.I5BEAM;2025-06-30 17:57:16.0000000;5.60692799999998
BN_CONTROL.I5BEAM;2025-06-30 17:57:17.0000000;5.605591
BN_CONTROL.I5BEAM;2025-06-30 17:57:18.0000000;5.60692799999998
BN_CONTROL.I5BEAM;2025-06-30 17:57:19.0000000;5.60341899999997
BN_CONTROL.I5BEAM;2025-06-30 17:57:20.0000000;5.603252
BN_CONTROL.I5BEAM;2025-06-30 17:57:21.0000000;5.60258299999998
BN_CONTROL.I5BEAM;2025-06-30 17:57:22.0000000;5.59640000000002
BN_CONTROL.I5BEAM;2025-06-30 17:57:23.0000000;5.60358600000001
BN_CONTROL.I5BEAM;2025-06-30 17:57:24.0000000;5.59823899999998
BN_CONTROL.I5BEAM;2025-06-30 17:57:25.0000000;5.60024399999998
BN_CONTROL.I5BEAM;2025-06-30 17:57:26.0000000;5.60057799999998
BN_CONTROL.I5BEAM;2025-06-30 17:57:27.0000000;5.59623299999998
BN_CONTROL.I5BEAM;2025-06-30 17:57:28.0000000;5.59506399999998
BN_CONTROL.I5BEAM;2025-06-30 17:57:29.0000000;5.59974199999999
BN_CONTROL.I5BEAM;2025-06-30 17:57:30.0000000;5.59389399999998
BN_CONTROL.I5BEAM;2025-06-30 17:57:31.0000000;5.596902
BN_CONTROL.I5BEAM;2025-06-30 17:57:32.0000000;5.589382
BN_CONTROL.I5BEAM;2025-06-30 17:57:33.0000000;5.59339299999999
BN_CONTROL.I5BEAM;2025-06-30 17:57:34.0000000;5.58604000000003
BN_CONTROL.I5BEAM;2025-06-30 17:57:35.0000000;5.58470299999999
BN_CONTROL.I5BEAM;2025-06-30 17:57:36.0000000;5.59339299999999
BN_CONTROL.I5BEAM;2025-06-30 17:57:37.0000000;5.589382
BN_CONTROL.I5BEAM;2025-06-30 17:57:38.0000000;5.58453600000001
BN_CONTROL.I5BEAM;2025-06-30 17:57:39.0000000;5.58637399999998
BN_CONTROL.I5BEAM;2025-06-30 17:57:40.0000000;5.58904799999999
BN_CONTROL.I5BEAM;2025-06-30 17:57:41.0000000;5.58670899999998
BN_CONTROL.I5BEAM;2025-06-30 17:57:42.0000000;5.583868
BN_CONTROL.I5BEAM;2025-06-30 17:57:43.0000000;5.583868
BN_CONTROL.I5BEAM;2025-06-30 17:57:44.0000000;5.58520499999997
BN_CONTROL.I5BEAM;2025-06-30 17:57:45.0000000;5.58670899999998
BN_CONTROL.I5BEAM;2025-06-30 17:57:46.0000000;5.58169500000002
BN_CONTROL.I5BEAM;2025-06-30 17:57:47.0000000;5.57651499999997
BN_CONTROL.I5BEAM;2025-06-30 17:57:48.0000000;5.58119399999998
BN_CONTROL.I5BEAM;2025-06-30 17:57:49.0000000;5.58035899999999
BN_CONTROL.I5BEAM;2025-06-30 17:57:50.0000000;5.58052600000002
BN_CONTROL.I5BEAM;2025-06-30 17:57:51.0000000;5.57501100000002
BN_CONTROL.I5BEAM;2025-06-30 17:57:52.0000000;5.57501100000002
BN_CONTROL.I5BEAM;2025-06-30 17:57:53.0000000;5.57333999999997
BN_CONTROL.I5BEAM;2025-06-30 17:57:54.0000000;5.57417600000002
BN_CONTROL.I5BEAM;2025-06-30 17:57:55.0000000;5.575513
BN_CONTROL.I5BEAM;2025-06-30 17:57:56.0000000;5.57267200000001
BN_CONTROL.I5BEAM;2025-06-30 17:57:57.0000000;5.57217100000003
BN_CONTROL.I5BEAM;2025-06-30 17:57:58.0000000;5.57267200000001
BN_CONTROL.I5BEAM;2025-06-30 17:57:59.0000000;5.57217100000003
BN_CONTROL.I5BEAM;2025-06-30 17:58:00.0000000;5.57049999999998
BN_CONTROL.I5BEAM;2025-06-30 17:58:01.0000000;5.56749200000002
BN_CONTROL.I5BEAM;2025-06-30 17:58:02.0000000;5.57083399999999
BN_CONTROL.I5BEAM;2025-06-30 17:58:03.0000000;5.56348100000002
BN_CONTROL.I5BEAM;2025-06-30 17:58:04.0000000;5.56348100000002
BN_CONTROL.I5BEAM;2025-06-30 17:58:05.0000000;5.56715800000001
BN_CONTROL.I5BEAM;2025-06-30 17:58:06.0000000;5.56297999999998
BN_CONTROL.I5BEAM;2025-06-30 17:58:07.0000000;5.56097499999998
BN_CONTROL.I5BEAM;2025-06-30 17:58:08.0000000;5.567993
BN_CONTROL.I5BEAM;2025-06-30 17:58:09.0000000;5.56197700000001
BN_CONTROL.I5BEAM;2025-06-30 17:58:10.0000000;5.56297999999998
BN_CONTROL.I5BEAM;2025-06-30 17:58:11.0000000;5.55830099999997
BN_CONTROL.I5BEAM;2025-06-30 17:58:12.0000000;5.558468
BN_CONTROL.I5BEAM;2025-06-30 17:58:13.0000000;5.554959
BN_CONTROL.I5BEAM;2025-06-30 17:58:14.0000000;5.55763300000001
BN_CONTROL.I5BEAM;2025-06-30 17:58:15.0000000;5.558468
BN_CONTROL.I5BEAM;2025-06-30 17:58:16.0000000;5.56064099999998
BN_CONTROL.I5BEAM;2025-06-30 17:58:17.0000000;5.55328800000001
BN_CONTROL.I5BEAM;2025-06-30 17:58:18.0000000;5.55278700000002
BN_CONTROL.I5BEAM;2025-06-30 17:58:19.0000000;5.55078200000003
BN_CONTROL.I5BEAM;2025-06-30 17:58:20.0000000;5.548609
BN_CONTROL.I5BEAM;2025-06-30 17:58:21.0000000;5.55061499999999
BN_CONTROL.I5BEAM;2025-06-30 17:58:22.0000000;5.55078200000003
BN_CONTROL.I5BEAM;2025-06-30 17:58:23.0000000;5.54944499999999
BN_CONTROL.I5BEAM;2025-06-30 17:58:24.0000000;5.54476599999998
BN_CONTROL.I5BEAM;2025-06-30 17:58:25.0000000;5.54677099999998
BN_CONTROL.I5BEAM;2025-06-30 17:58:26.0000000;5.54743999999999
BN_CONTROL.I5BEAM;2025-06-30 17:58:27.0000000;5.548609
BN_CONTROL.I5BEAM;2025-06-30 17:58:28.0000000;5.54292800000002
BN_CONTROL.I5BEAM;2025-06-30 17:58:29.0000000;5.53808199999997
BN_CONTROL.I5BEAM;2025-06-30 17:58:30.0000000;5.54309499999999
BN_CONTROL.I5BEAM;2025-06-30 17:58:31.0000000;5.54376300000001
BN_CONTROL.I5BEAM;2025-06-30 17:58:32.0000000;5.54109
BN_CONTROL.I5BEAM;2025-06-30 17:58:33.0000000;5.54710499999999
BN_CONTROL.I5BEAM;2025-06-30 17:58:34.0000000;5.53457300000002
BN_CONTROL.I5BEAM;2025-06-30 17:58:35.0000000;5.53707900000001
BN_CONTROL.I5BEAM;2025-06-30 17:58:36.0000000;5.53741400000001
BN_CONTROL.I5BEAM;2025-06-30 17:58:37.0000000;5.53189900000001
BN_CONTROL.I5BEAM;2025-06-30 17:58:38.0000000;5.53641099999999
BN_CONTROL.I5BEAM;2025-06-30 17:58:39.0000000;5.53657800000002
BN_CONTROL.I5BEAM;2025-06-30 17:58:40.0000000;5.53540800000002
BN_CONTROL.I5BEAM;2025-06-30 17:58:41.0000000;5.5324
BN_CONTROL.I5BEAM;2025-06-30 17:58:42.0000000;5.53290199999998
BN_CONTROL.I5BEAM;2025-06-30 17:58:43.0000000;5.53256800000003
BN_CONTROL.I5BEAM;2025-06-30 17:58:44.0000000;5.53457300000002
BN_CONTROL.I5BEAM;2025-06-30 17:58:45.0000000;5.52939300000003
BN_CONTROL.I5BEAM;2025-06-30 17:58:46.0000000;5.52855699999998
BN_CONTROL.I5BEAM;2025-06-30 17:58:47.0000000;5.52621799999997
BN_CONTROL.I5BEAM;2025-06-30 17:58:48.0000000;5.52855699999998
BN_CONTROL.I5BEAM;2025-06-30 17:58:49.0000000;5.526385
BN_CONTROL.I5BEAM;2025-06-30 17:58:50.0000000;5.52354400000002
BN_CONTROL.I5BEAM;2025-06-30 17:58:51.0000000;5.52671900000001
BN_CONTROL.I5BEAM;2025-06-30 17:58:52.0000000;5.52755500000001
BN_CONTROL.I5BEAM;2025-06-30 17:58:53.0000000;5.52588400000002
BN_CONTROL.I5BEAM;2025-06-30 17:58:54.0000000;5.52254099999999
BN_CONTROL.I5BEAM;2025-06-30 17:58:55.0000000;5.52170599999999
BN_CONTROL.I5BEAM;2025-06-30 17:58:56.0000000;5.51819699999999
BN_CONTROL.I5BEAM;2025-06-30 17:58:57.0000000;5.51719400000002
BN_CONTROL.I5BEAM;2025-06-30 17:58:58.0000000;5.51736099999999
BN_CONTROL.I5BEAM;2025-06-30 17:58:59.0000000;5.51686000000001
BN_CONTROL.I5BEAM;2025-06-30 17:59:00.0000000;5.51986799999997
BN_CONTROL.I5BEAM;2025-06-30 17:59:01.0000000;5.51401900000002
BN_CONTROL.I5BEAM;2025-06-30 17:59:02.0000000;5.518531
BN_CONTROL.I5BEAM;2025-06-30 17:59:03.0000000;5.51285000000001
BN_CONTROL.I5BEAM;2025-06-30 17:59:04.0000000;5.51151299999998
BN_CONTROL.I5BEAM;2025-06-30 17:59:05.0000000;5.51151299999998
BN_CONTROL.I5BEAM;2025-06-30 17:59:06.0000000;5.51385199999999
BN_CONTROL.I5BEAM;2025-06-30 17:59:07.0000000;5.51301699999999
BN_CONTROL.I5BEAM;2025-06-30 17:59:08.0000000;5.514521
BN_CONTROL.I5BEAM;2025-06-30 17:59:09.0000000;5.51268199999998
BN_CONTROL.I5BEAM;2025-06-30 17:59:10.0000000;5.51051000000001
BN_CONTROL.I5BEAM;2025-06-30 17:59:11.0000000;5.511011
BN_CONTROL.I5BEAM;2025-06-30 17:59:12.0000000;5.51168000000001
BN_CONTROL.I5BEAM;2025-06-30 17:59:13.0000000;5.50766900000002
BN_CONTROL.I5BEAM;2025-06-30 17:59:14.0000000;5.51285000000001
BN_CONTROL.I5BEAM;2025-06-30 17:59:15.0000000;5.50833799999998
BN_CONTROL.I5BEAM;2025-06-30 17:59:16.0000000;5.50599799999998
BN_CONTROL.I5BEAM;2025-06-30 17:59:17.0000000;5.50315799999998
BN_CONTROL.I5BEAM;2025-06-30 17:59:18.0000000;5.50566400000002
BN_CONTROL.I5BEAM;2025-06-30 17:59:19.0000000;5.502656
BN_CONTROL.I5BEAM;2025-06-30 17:59:20.0000000;5.50482899999997
BN_CONTROL.I5BEAM;2025-06-30 17:59:21.0000000;5.50132000000002
BN_CONTROL.I5BEAM;2025-06-30 17:59:22.0000000;5.50332500000002
BN_CONTROL.I5BEAM;2025-06-30 17:59:23.0000000;5.500317
BN_CONTROL.I5BEAM;2025-06-30 17:59:24.0000000;5.50165399999997
BN_CONTROL.I5BEAM;2025-06-30 17:59:25.0000000;5.49346600000001
BN_CONTROL.I5BEAM;2025-06-30 17:59:26.0000000;5.49497000000002
BN_CONTROL.I5BEAM;2025-06-30 17:59:27.0000000;5.49413399999997
BN_CONTROL.I5BEAM;2025-06-30 17:59:28.0000000;5.49664100000001
BN_CONTROL.I5BEAM;2025-06-30 17:59:29.0000000;5.49497000000002
BN_CONTROL.I5BEAM;2025-06-30 17:59:30.0000000;-0.463540000000023
BN_CONTROL.I5BEAM;2025-06-30 17:59:31.0000000;-0.463540000000023
BN_CONTROL.I5BEAM;2025-06-30 17:59:32.0000000;-0.457691000000011
BN_CONTROL.I5BEAM;2025-06-30 17:59:33.0000000;-0.457357000000002
BN_CONTROL.I5BEAM;2025-06-30 17:59:34.0000000;-0.466046000000006
BN_CONTROL.I5BEAM;2025-06-30 17:59:35.0000000;-0.462871000000007
BN_CONTROL.I5BEAM;2025-06-30 17:59:36.0000000;-0.466715000000022
BN_CONTROL.I5BEAM;2025-06-30 17:59:37.0000000;-0.464375000000018
BN_CONTROL.I5BEAM;2025-06-30 17:59:38.0000000;-0.457691000000011
BN_CONTROL.I5BEAM;2025-06-30 17:59:39.0000000;-0.458861000000013
BN_CONTROL.I5BEAM;2025-06-30 17:59:40.0000000;-0.459195000000022
BN_CONTROL.I5BEAM;2025-06-30 17:59:41.0000000;-0.464207999999985
BN_CONTROL.I5BEAM;2025-06-30 17:59:42.0000000;-0.461200000000019
BN_CONTROL.I5BEAM;2025-06-30 17:59:43.0000000;-0.464375000000018
BN_CONTROL.I5BEAM;2025-06-30 17:59:44.0000000;-0.460698999999977
BN_CONTROL.I5BEAM;2025-06-30 17:59:45.0000000;-0.459361999999999
BN_CONTROL.I5BEAM;2025-06-30 17:59:46.0000000;-0.460031000000015
BN_CONTROL.I5BEAM;2025-06-30 17:59:47.0000000;-0.452343999999982
BN_CONTROL.I5BEAM;2025-06-30 17:59:48.0000000;-0.463206000000014
BN_CONTROL.I5BEAM;2025-06-30 17:59:49.0000000;-0.462036000000012
BN_CONTROL.I5BEAM;2025-06-30 17:59:50.0000000;-0.45869399999998
BN_CONTROL.I5BEAM;2025-06-30 17:59:51.0000000;-0.459361999999999
BN_CONTROL.I5BEAM;2025-06-30 17:59:52.0000000;-0.459697000000006
BN_CONTROL.I5BEAM;2025-06-30 17:59:53.0000000;-0.458192999999994
BN_CONTROL.I5BEAM;2025-06-30 17:59:54.0000000;-0.461200000000019
BN_CONTROL.I5BEAM;2025-06-30 17:59:55.0000000;-0.464542999999992
BN_CONTROL.I5BEAM;2025-06-30 17:59:56.0000000;-0.464542999999992
BN_CONTROL.I5BEAM;2025-06-30 17:59:57.0000000;-0.454851000000019
BN_CONTROL.I5BEAM;2025-06-30 17:59:58.0000000;-0.456688999999983
BN_CONTROL.I5BEAM;2025-06-30 17:59:59.0000000;-0.457857999999987
BN_CONTROL.I5BEAM;2025-06-30 18:00:00.0000000;-0.455686000000014
BN_CONTROL.I5BEAM;2025-06-30 18:00:01.0000000;-0.456020000000024
BN_CONTROL.I5BEAM;2025-06-30 18:00:02.0000000;-0.460532000000001
BN_CONTROL.I5BEAM;2025-06-30 18:00:03.0000000;-0.461032999999986
BN_CONTROL.I5BEAM;2025-06-30 18:00:04.0000000;-0.465377999999987
BN_CONTROL.I5BEAM;2025-06-30 18:00:05.0000000;-0.459528999999975
BN_CONTROL.I5BEAM;2025-06-30 18:00:06.0000000;-0.464542999999992
BN_CONTROL.I5BEAM;2025-06-30 18:00:07.0000000;-0.457857999999987
BN_CONTROL.I5BEAM;2025-06-30 18:00:08.0000000;-0.454015000000027
BN_CONTROL.I5BEAM;2025-06-30 18:00:09.0000000;-0.457190000000026
BN_CONTROL.I5BEAM;2025-06-30 18:00:10.0000000;-0.459027999999989
BN_CONTROL.I5BEAM;2025-06-30 18:00:11.0000000;-0.45117399999998
BN_CONTROL.I5BEAM;2025-06-30 18:00:12.0000000;-0.459027999999989
BN_CONTROL.I5BEAM;2025-06-30 18:00:13.0000000;-0.452845000000025
BN_CONTROL.I5BEAM;2025-06-30 18:00:14.0000000;-0.460532000000001
BN_CONTROL.I5BEAM;2025-06-30 18:00:15.0000000;-0.453347000000008
BN_CONTROL.I5BEAM;2025-06-30 18:00:16.0000000;-0.460031000000015
BN_CONTROL.I5BEAM;2025-06-30 18:00:17.0000000;-0.464207999999985
BN_CONTROL.I5BEAM;2025-06-30 18:00:18.0000000;-0.457357000000002
BN_CONTROL.I5BEAM;2025-06-30 18:00:19.0000000;-0.456688999999983
BN_CONTROL.I5BEAM;2025-06-30 18:00:20.0000000;-0.459195000000022
BN_CONTROL.I5BEAM;2025-06-30 18:00:21.0000000;-0.459195000000022
BN_CONTROL.I5BEAM;2025-06-30 18:00:22.0000000;-0.460365000000024
BN_CONTROL.I5BEAM;2025-06-30 18:00:23.0000000;-0.456688999999983
BN_CONTROL.I5BEAM;2025-06-30 18:00:24.0000000;-0.456522000000007
BN_CONTROL.I5BEAM;2025-06-30 18:00:25.0000000;-0.456522000000007
BN_CONTROL.I5BEAM;2025-06-30 18:00:26.0000000;-0.458192999999994
BN_CONTROL.I5BEAM;2025-06-30 18:00:27.0000000;-0.450338999999985
BN_CONTROL.I5BEAM;2025-06-30 18:00:28.0000000;-0.453847999999994
BN_CONTROL.I5BEAM;2025-06-30 18:00:29.0000000;-0.456187
BN_CONTROL.I5BEAM;2025-06-30 18:00:30.0000000;-0.458192999999994
BN_CONTROL.I5BEAM;2025-06-30 18:00:31.0000000;-0.458192999999994
BN_CONTROL.I5BEAM;2025-06-30 18:00:32.0000000;-0.454851000000019
BN_CONTROL.I5BEAM;2025-06-30 18:00:33.0000000;-0.453681000000017
BN_CONTROL.I5BEAM;2025-06-30 18:00:34.0000000;-0.458026000000018
BN_CONTROL.I5BEAM;2025-06-30 18:00:35.0000000;-0.458192999999994
BN_CONTROL.I5BEAM;2025-06-30 18:00:36.0000000;-0.463706999999999
BN_CONTROL.I5BEAM;2025-06-30 18:00:37.0000000;-0.450506000000019
BN_CONTROL.I5BEAM;2025-06-30 18:00:38.0000000;-0.459528999999975
BN_CONTROL.I5BEAM;2025-06-30 18:00:39.0000000;-0.459528999999975
BN_CONTROL.I5BEAM;2025-06-30 18:00:40.0000000;-0.449002000000007
BN_CONTROL.I5BEAM;2025-06-30 18:00:41.0000000;-0.456856000000016
BN_CONTROL.I5BEAM;2025-06-30 18:00:42.0000000;-0.452511000000015
BN_CONTROL.I5BEAM;2025-06-30 18:00:43.0000000;-0.466715000000022
BN_CONTROL.I5BEAM;2025-06-30 18:00:44.0000000;-0.462536999999998
BN_CONTROL.I5BEAM;2025-06-30 18:00:45.0000000;-0.456020000000024
BN_CONTROL.I5BEAM;2025-06-30 18:00:46.0000000;-0.45167600000002
BN_CONTROL.I5BEAM;2025-06-30 18:00:47.0000000;-0.456688999999983
BN_CONTROL.I5BEAM;2025-06-30 18:00:48.0000000;-0.452009999999973
BN_CONTROL.I5BEAM;2025-06-30 18:00:49.0000000;-0.454851000000019
BN_CONTROL.I5BEAM;2025-06-30 18:00:50.0000000;-0.452343999999982
BN_CONTROL.I5BEAM;2025-06-30 18:00:51.0000000;-0.455352000000005
BN_CONTROL.I5BEAM;2025-06-30 18:00:52.0000000;-0.449002000000007
BN_CONTROL.I5BEAM;2025-06-30 18:00:53.0000000;-0.448834999999974
BN_CONTROL.I5BEAM;2025-06-30 18:00:54.0000000;-0.44699700000001
BN_CONTROL.I5BEAM;2025-06-30 18:00:55.0000000;-0.448667999999998
BN_CONTROL.I5BEAM;2025-06-30 18:00:56.0000000;-0.436637000000019
BN_CONTROL.I5BEAM;2025-06-30 18:00:57.0000000;-0.449838
BN_CONTROL.I5BEAM;2025-06-30 18:00:58.0000000;-0.442484999999976
BN_CONTROL.I5BEAM;2025-06-30 18:00:59.0000000;-0.440146000000027
BN_CONTROL.I5BEAM;2025-06-30 18:01:00.0000000;-0.442818999999986
BN_CONTROL.I5BEAM;2025-06-30 18:01:01.0000000;-0.441983999999991
BN_CONTROL.I5BEAM;2025-06-30 18:01:02.0000000;-0.442484999999976
BN_CONTROL.I5BEAM;2025-06-30 18:01:03.0000000;-0.438474999999983
BN_CONTROL.I5BEAM;2025-06-30 18:01:04.0000000;-0.431456000000026
BN_CONTROL.I5BEAM;2025-06-30 18:01:05.0000000;-0.432626000000027
BN_CONTROL.I5BEAM;2025-06-30 18:01:06.0000000;-0.442151000000024
BN_CONTROL.I5BEAM;2025-06-30 18:01:07.0000000;-0.435133000000008
BN_CONTROL.I5BEAM;2025-06-30 18:01:08.0000000;-0.433294999999987
BN_CONTROL.I5BEAM;2025-06-30 18:01:09.0000000;-0.432626000000027
BN_CONTROL.I5BEAM;2025-06-30 18:01:10.0000000;-0.433294999999987
BN_CONTROL.I5BEAM;2025-06-30 18:01:11.0000000;-0.42594200000002
BN_CONTROL.I5BEAM;2025-06-30 18:01:12.0000000;-0.424604999999985
BN_CONTROL.I5BEAM;2025-06-30 18:01:13.0000000;-0.427779999999984
BN_CONTROL.I5BEAM;2025-06-30 18:01:14.0000000;-0.423937000000024
BN_CONTROL.I5BEAM;2025-06-30 18:01:15.0000000;-0.419758999999999
BN_CONTROL.I5BEAM;2025-06-30 18:01:16.0000000;-0.416584
BN_CONTROL.I5BEAM;2025-06-30 18:01:17.0000000;-0.427278999999999
BN_CONTROL.I5BEAM;2025-06-30 18:01:18.0000000;-0.425107000000025
BN_CONTROL.I5BEAM;2025-06-30 18:01:19.0000000;-0.421932000000027
BN_CONTROL.I5BEAM;2025-06-30 18:01:20.0000000;-0.422099000000003
BN_CONTROL.I5BEAM;2025-06-30 18:01:21.0000000;-0.417253000000017
BN_CONTROL.I5BEAM;2025-06-30 18:01:22.0000000;-0.417920999999978
BN_CONTROL.I5BEAM;2025-06-30 18:01:23.0000000;-0.418924000000004
BN_CONTROL.I5BEAM;2025-06-30 18:01:24.0000000;-0.422099000000003
BN_CONTROL.I5BEAM;2025-06-30 18:01:25.0000000;-0.414244999999994
BN_CONTROL.I5BEAM;2025-06-30 18:01:26.0000000;-0.414913000000013
BN_CONTROL.I5BEAM;2025-06-30 18:01:27.0000000;-0.413242000000025
BN_CONTROL.I5BEAM;2025-06-30 18:01:28.0000000;-0.414913000000013
BN_CONTROL.I5BEAM;2025-06-30 18:01:29.0000000;-0.412406999999973
BN_CONTROL.I5BEAM;2025-06-30 18:01:30.0000000;-0.413910999999985
BN_CONTROL.I5BEAM;2025-06-30 18:01:31.0000000;-0.413409000000001
BN_CONTROL.I5BEAM;2025-06-30 18:01:32.0000000;-0.408061999999973
BN_CONTROL.I5BEAM;2025-06-30 18:01:33.0000000;-0.411069999999995
BN_CONTROL.I5BEAM;2025-06-30 18:01:34.0000000;-0.418422000000021
BN_CONTROL.I5BEAM;2025-06-30 18:01:35.0000000;-0.407394000000011
BN_CONTROL.I5BEAM;2025-06-30 18:01:36.0000000;-0.402881999999977
BN_CONTROL.I5BEAM;2025-06-30 18:01:37.0000000;-0.406390999999985
BN_CONTROL.I5BEAM;2025-06-30 18:01:38.0000000;-0.400543000000027
BN_CONTROL.I5BEAM;2025-06-30 18:01:39.0000000;-0.397535000000005
BN_CONTROL.I5BEAM;2025-06-30 18:01:40.0000000;-0.396865999999989
BN_CONTROL.I5BEAM;2025-06-30 18:01:41.0000000;-0.400543000000027
BN_CONTROL.I5BEAM;2025-06-30 18:01:42.0000000;-0.403718000000026
BN_CONTROL.I5BEAM;2025-06-30 18:01:43.0000000;-0.403718000000026
BN_CONTROL.I5BEAM;2025-06-30 18:01:44.0000000;-0.400374999999997
BN_CONTROL.I5BEAM;2025-06-30 18:01:45.0000000;-0.40087699999998
BN_CONTROL.I5BEAM;2025-06-30 18:01:46.0000000;-0.393190000000004
BN_CONTROL.I5BEAM;2025-06-30 18:01:47.0000000;-0.396365000000003
BN_CONTROL.I5BEAM;2025-06-30 18:01:48.0000000;-0.392521999999985
BN_CONTROL.I5BEAM;2025-06-30 18:01:49.0000000;-0.402046999999982
BN_CONTROL.I5BEAM;2025-06-30 18:01:50.0000000;-0.402214000000015
BN_CONTROL.I5BEAM;2025-06-30 18:01:51.0000000;-0.397200999999995
BN_CONTROL.I5BEAM;2025-06-30 18:01:52.0000000;-0.395361999999977
BN_CONTROL.I5BEAM;2025-06-30 18:01:53.0000000;-0.39369099999999
BN_CONTROL.I5BEAM;2025-06-30 18:01:54.0000000;-0.388678000000027
BN_CONTROL.I5BEAM;2025-06-30 18:01:55.0000000;-0.385169000000019
BN_CONTROL.I5BEAM;2025-06-30 18:01:56.0000000;-0.386339000000021
BN_CONTROL.I5BEAM;2025-06-30 18:01:57.0000000;-0.387006999999983
BN_CONTROL.I5BEAM;2025-06-30 18:01:58.0000000;-0.386339000000021
BN_CONTROL.I5BEAM;2025-06-30 18:01:59.0000000;-0.377984000000026
BN_CONTROL.I5BEAM;2025-06-30 18:02:00.0000000;-0.385001999999986
BN_CONTROL.I5BEAM;2025-06-30 18:02:01.0000000;-0.382496000000003
BN_CONTROL.I5BEAM;2025-06-30 18:02:02.0000000;-0.377816999999993
BN_CONTROL.I5BEAM;2025-06-30 18:02:03.0000000;-0.379655000000014
BN_CONTROL.I5BEAM;2025-06-30 18:02:04.0000000;-0.380991999999992
BN_CONTROL.I5BEAM;2025-06-30 18:02:05.0000000;-0.380490000000009
BN_CONTROL.I5BEAM;2025-06-30 18:02:06.0000000;-0.381326000000001
BN_CONTROL.I5BEAM;2025-06-30 18:02:07.0000000;-0.384501
BN_CONTROL.I5BEAM;2025-06-30 18:02:08.0000000;-0.376146000000006
BN_CONTROL.I5BEAM;2025-06-30 18:02:09.0000000;-0.378819000000021
BN_CONTROL.I5BEAM;2025-06-30 18:02:10.0000000;-0.380656999999985
BN_CONTROL.I5BEAM;2025-06-30 18:02:11.0000000;-0.379321000000004
BN_CONTROL.I5BEAM;2025-06-30 18:02:12.0000000;-0.374976000000004
BN_CONTROL.I5BEAM;2025-06-30 18:02:13.0000000;-0.372971000000007
BN_CONTROL.I5BEAM;2025-06-30 18:02:14.0000000;-0.374475000000018
BN_CONTROL.I5BEAM;2025-06-30 18:02:15.0000000;-0.378317999999979
BN_CONTROL.I5BEAM;2025-06-30 18:02:16.0000000;-0.371466999999996
BN_CONTROL.I5BEAM;2025-06-30 18:02:17.0000000;-0.373639000000026
BN_CONTROL.I5BEAM;2025-06-30 18:02:18.0000000;-0.373305000000016
BN_CONTROL.I5BEAM;2025-06-30 18:02:19.0000000;-0.372301999999991
BN_CONTROL.I5BEAM;2025-06-30 18:02:20.0000000;-0.370631000000003
BN_CONTROL.I5BEAM;2025-06-30 18:02:21.0000000;-0.375476999999989
BN_CONTROL.I5BEAM;2025-06-30 18:02:22.0000000;-0.378317999999979
BN_CONTROL.I5BEAM;2025-06-30 18:02:23.0000000;-0.375310000000013
BN_CONTROL.I5BEAM;2025-06-30 18:02:24.0000000;-0.372971000000007
BN_CONTROL.I5BEAM;2025-06-30 18:02:25.0000000;-0.370797999999979
BN_CONTROL.I5BEAM;2025-06-30 18:02:26.0000000;-0.374641999999994
BN_CONTROL.I5BEAM;2025-06-30 18:02:27.0000000;-0.373972999999978
BN_CONTROL.I5BEAM;2025-06-30 18:02:28.0000000;-0.373137999999983
BN_CONTROL.I5BEAM;2025-06-30 18:02:29.0000000;-0.373639000000026
BN_CONTROL.I5BEAM;2025-06-30 18:02:30.0000000;-0.373471999999992
BN_CONTROL.I5BEAM;2025-06-30 18:02:31.0000000;-0.371967999999981
BN_CONTROL.I5BEAM;2025-06-30 18:02:32.0000000;-0.377650000000017
BN_CONTROL.I5BEAM;2025-06-30 18:02:33.0000000;-0.375644000000023
BN_CONTROL.I5BEAM;2025-06-30 18:02:34.0000000;-0.373305000000016
BN_CONTROL.I5BEAM;2025-06-30 18:02:35.0000000;-0.371132999999986
BN_CONTROL.I5BEAM;2025-06-30 18:02:36.0000000;-0.372470000000021
BN_CONTROL.I5BEAM;2025-06-30 18:02:37.0000000;-0.376981000000001
BN_CONTROL.I5BEAM;2025-06-30 18:02:38.0000000;-0.374141000000009
BN_CONTROL.I5BEAM;2025-06-30 18:02:39.0000000;-0.375476999999989
BN_CONTROL.I5BEAM;2025-06-30 18:02:40.0000000;-0.371300000000019
BN_CONTROL.I5BEAM;2025-06-30 18:02:41.0000000;-0.378485000000012
BN_CONTROL.I5BEAM;2025-06-30 18:02:42.0000000;-0.378819000000021
BN_CONTROL.I5BEAM;2025-06-30 18:02:43.0000000;-0.375811999999996
BN_CONTROL.I5BEAM;2025-06-30 18:02:44.0000000;-0.372803999999974
BN_CONTROL.I5BEAM;2025-06-30 18:02:45.0000000;-0.377984000000026
BN_CONTROL.I5BEAM;2025-06-30 18:02:46.0000000;-0.379321000000004
BN_CONTROL.I5BEAM;2025-06-30 18:02:47.0000000;-0.375476999999989
BN_CONTROL.I5BEAM;2025-06-30 18:02:48.0000000;-0.372301999999991
BN_CONTROL.I5BEAM;2025-06-30 18:02:49.0000000;-0.379154000000028
BN_CONTROL.I5BEAM;2025-06-30 18:02:50.0000000;-0.376981000000001
BN_CONTROL.I5BEAM;2025-06-30 18:02:51.0000000;-0.379487999999981
BN_CONTROL.I5BEAM;2025-06-30 18:02:52.0000000;-0.377482999999984
BN_CONTROL.I5BEAM;2025-06-30 18:02:53.0000000;-0.380490000000009
BN_CONTROL.I5BEAM;2025-06-30 18:02:54.0000000;-0.383164000000022
BN_CONTROL.I5BEAM;2025-06-30 18:02:55.0000000;-0.381159000000025
BN_CONTROL.I5BEAM;2025-06-30 18:02:56.0000000;-0.381660000000011
BN_CONTROL.I5BEAM;2025-06-30 18:02:57.0000000;-0.377650000000017
BN_CONTROL.I5BEAM;2025-06-30 18:02:58.0000000;-0.379321000000004
BN_CONTROL.I5BEAM;2025-06-30 18:02:59.0000000;-0.382329000000027
BN_CONTROL.I5BEAM;2025-06-30 18:03:00.0000000;-0.382496000000003
BN_CONTROL.I5BEAM;2025-06-30 18:03:01.0000000;-0.382496000000003
BN_CONTROL.I5BEAM;2025-06-30 18:03:02.0000000;-0.380656999999985
BN_CONTROL.I5BEAM;2025-06-30 18:03:03.0000000;-0.389012999999977
BN_CONTROL.I5BEAM;2025-06-30 18:03:04.0000000;-0.381492999999978
BN_CONTROL.I5BEAM;2025-06-30 18:03:05.0000000;-0.384000000000015
BN_CONTROL.I5BEAM;2025-06-30 18:03:06.0000000;-0.387675999999999
BN_CONTROL.I5BEAM;2025-06-30 18:03:07.0000000;-0.387842999999975
BN_CONTROL.I5BEAM;2025-06-30 18:03:08.0000000;-0.385001999999986
BN_CONTROL.I5BEAM;2025-06-30 18:03:09.0000000;-0.386171999999988
BN_CONTROL.I5BEAM;2025-06-30 18:03:10.0000000;-0.384334000000024
BN_CONTROL.I5BEAM;2025-06-30 18:03:11.0000000;-0.388010000000008
BN_CONTROL.I5BEAM;2025-06-30 18:03:12.0000000;-0.388010000000008
BN_CONTROL.I5BEAM;2025-06-30 18:03:13.0000000;-0.386005000000011
BN_CONTROL.I5BEAM;2025-06-30 18:03:14.0000000;-0.383831999999984
BN_CONTROL.I5BEAM;2025-06-30 18:03:15.0000000;-0.385671000000002
BN_CONTROL.I5BEAM;2025-06-30 18:03:16.0000000;-0.388678000000027
BN_CONTROL.I5BEAM;2025-06-30 18:03:17.0000000;-0.385671000000002
BN_CONTROL.I5BEAM;2025-06-30 18:03:18.0000000;-0.388176999999985
BN_CONTROL.I5BEAM;2025-06-30 18:03:19.0000000;-0.386840000000007
BN_CONTROL.I5BEAM;2025-06-30 18:03:20.0000000;-0.385503000000028
BN_CONTROL.I5BEAM;2025-06-30 18:03:21.0000000;-0.388510999999994
BN_CONTROL.I5BEAM;2025-06-30 18:03:22.0000000;-0.390850999999998
BN_CONTROL.I5BEAM;2025-06-30 18:03:23.0000000;-0.389012999999977
BN_CONTROL.I5BEAM;2025-06-30 18:03:24.0000000;-0.384166999999991
BN_CONTROL.I5BEAM;2025-06-30 18:03:25.0000000;-0.381159000000025
BN_CONTROL.I5BEAM;2025-06-30 18:03:26.0000000;-0.388176999999985
BN_CONTROL.I5BEAM;2025-06-30 18:03:27.0000000;-0.384501
BN_CONTROL.I5BEAM;2025-06-30 18:03:28.0000000;-0.386840000000007
BN_CONTROL.I5BEAM;2025-06-30 18:03:29.0000000;-0.387174000000016
BN_CONTROL.I5BEAM;2025-06-30 18:03:30.0000000;-0.38483500000001
BN_CONTROL.I5BEAM;2025-06-30 18:03:31.0000000;-0.388010000000008
BN_CONTROL.I5BEAM;2025-06-30 18:03:32.0000000;-0.388845000000003
BN_CONTROL.I5BEAM;2025-06-30 18:03:33.0000000;-0.386339000000021
BN_CONTROL.I5BEAM;2025-06-30 18:03:34.0000000;-0.382996999999989
BN_CONTROL.I5BEAM;2025-06-30 18:03:35.0000000;-0.383497999999975
BN_CONTROL.I5BEAM;2025-06-30 18:03:36.0000000;-0.38918000000001
BN_CONTROL.I5BEAM;2025-06-30 18:03:37.0000000;-0.388176999999985
BN_CONTROL.I5BEAM;2025-06-30 18:03:38.0000000;-0.386005000000011
BN_CONTROL.I5BEAM;2025-06-30 18:03:39.0000000;-0.390515999999991
BN_CONTROL.I5BEAM;2025-06-30 18:03:40.0000000;-0.385837999999978
BN_CONTROL.I5BEAM;2025-06-30 18:03:41.0000000;-0.387006999999983
BN_CONTROL.I5BEAM;2025-06-30 18:03:42.0000000;-0.387006999999983
BN_CONTROL.I5BEAM;2025-06-30 18:03:43.0000000;-0.381326000000001
BN_CONTROL.I5BEAM;2025-06-30 18:03:44.0000000;-0.385001999999986
BN_CONTROL.I5BEAM;2025-06-30 18:03:45.0000000;-0.391351999999983
BN_CONTROL.I5BEAM;2025-06-30 18:03:46.0000000;-0.384166999999991
BN_CONTROL.I5BEAM;2025-06-30 18:03:47.0000000;-0.384166999999991
BN_CONTROL.I5BEAM;2025-06-30 18:03:48.0000000;-0.388510999999994
BN_CONTROL.I5BEAM;2025-06-30 18:03:49.0000000;-0.385335999999995
BN_CONTROL.I5BEAM;2025-06-30 18:03:50.0000000;-0.386672999999973
BN_CONTROL.I5BEAM;2025-06-30 18:03:51.0000000;-0.386840000000007
BN_CONTROL.I5BEAM;2025-06-30 18:03:52.0000000;-0.38483500000001
BN_CONTROL.I5BEAM;2025-06-30 18:03:53.0000000;-0.381826999999987
BN_CONTROL.I5BEAM;2025-06-30 18:03:54.0000000;-0.384667999999976
BN_CONTROL.I5BEAM;2025-06-30 18:03:55.0000000;-0.386505999999997
BN_CONTROL.I5BEAM;2025-06-30 18:03:56.0000000;-0.383831999999984
BN_CONTROL.I5BEAM;2025-06-30 18:03:57.0000000;-0.388510999999994
BN_CONTROL.I5BEAM;2025-06-30 18:03:58.0000000;-0.387509000000023
BN_CONTROL.I5BEAM;2025-06-30 18:03:59.0000000;-0.38918000000001
BN_CONTROL.I5BEAM;2025-06-30 18:04:00.0000000;-0.384334000000024
BN_CONTROL.I5BEAM;2025-06-30 18:04:01.0000000;-0.389680999999996
BN_CONTROL.I5BEAM;2025-06-30 18:04:02.0000000;-0.39369099999999
BN_CONTROL.I5BEAM;2025-06-30 18:04:03.0000000;-0.389847999999972
BN_CONTROL.I5BEAM;2025-06-30 18:04:04.0000000;-0.391185000000007
BN_CONTROL.I5BEAM;2025-06-30 18:04:05.0000000;-0.389346999999987
BN_CONTROL.I5BEAM;2025-06-30 18:04:06.0000000;-0.391519000000017
BN_CONTROL.I5BEAM;2025-06-30 18:04:07.0000000;-0.390684000000022
BN_CONTROL.I5BEAM;2025-06-30 18:04:08.0000000;-0.386005000000011
BN_CONTROL.I5BEAM;2025-06-30 18:04:09.0000000;-0.387675999999999
BN_CONTROL.I5BEAM;2025-06-30 18:04:10.0000000;-0.392020000000002
BN_CONTROL.I5BEAM;2025-06-30 18:04:11.0000000;-0.390515999999991
BN_CONTROL.I5BEAM;2025-06-30 18:04:12.0000000;-0.38951400000002
BN_CONTROL.I5BEAM;2025-06-30 18:04:13.0000000;-0.387509000000023
BN_CONTROL.I5BEAM;2025-06-30 18:04:14.0000000;-0.389847999999972
BN_CONTROL.I5BEAM;2025-06-30 18:04:15.0000000;-0.38918000000001
BN_CONTROL.I5BEAM;2025-06-30 18:04:16.0000000;-0.392521999999985
BN_CONTROL.I5BEAM;2025-06-30 18:04:17.0000000;-0.386840000000007
BN_CONTROL.I5BEAM;2025-06-30 18:04:18.0000000;-0.390181999999982
BN_CONTROL.I5BEAM;2025-06-30 18:04:19.0000000;-0.388510999999994
BN_CONTROL.I5BEAM;2025-06-30 18:04:20.0000000;-0.391685999999993
BN_CONTROL.I5BEAM;2025-06-30 18:04:21.0000000;-0.38734199999999
BN_CONTROL.I5BEAM;2025-06-30 18:04:22.0000000;-0.390850999999998
BN_CONTROL.I5BEAM;2025-06-30 18:04:23.0000000;-0.389680999999996
BN_CONTROL.I5BEAM;2025-06-30 18:04:24.0000000;-0.390515999999991
BN_CONTROL.I5BEAM;2025-06-30 18:04:25.0000000;-0.387006999999983
BN_CONTROL.I5BEAM;2025-06-30 18:04:26.0000000;-0.386505999999997
BN_CONTROL.I5BEAM;2025-06-30 18:04:27.0000000;-0.391519000000017
BN_CONTROL.I5BEAM;2025-06-30 18:04:28.0000000;-0.386840000000007
BN_CONTROL.I5BEAM;2025-06-30 18:04:29.0000000;-0.386505999999997
BN_CONTROL.I5BEAM;2025-06-30 18:04:30.0000000;-0.389680999999996
BN_CONTROL.I5BEAM;2025-06-30 18:04:31.0000000;-0.385837999999978
BN_CONTROL.I5BEAM;2025-06-30 18:04:32.0000000;-0.388678000000027
BN_CONTROL.I5BEAM;2025-06-30 18:04:33.0000000;-0.389680999999996
BN_CONTROL.I5BEAM;2025-06-30 18:04:34.0000000;-0.388176999999985
BN_CONTROL.I5BEAM;2025-06-30 18:04:35.0000000;-0.392855999999995
BN_CONTROL.I5BEAM;2025-06-30 18:04:36.0000000;-0.391185000000007
BN_CONTROL.I5BEAM;2025-06-30 18:04:37.0000000;-0.388845000000003
BN_CONTROL.I5BEAM;2025-06-30 18:04:38.0000000;-0.393023000000028
BN_CONTROL.I5BEAM;2025-06-30 18:04:39.0000000;-0.39385900000002
BN_CONTROL.I5BEAM;2025-06-30 18:04:40.0000000;-0.392355000000009
BN_CONTROL.I5BEAM;2025-06-30 18:04:41.0000000;-0.392020000000002
BN_CONTROL.I5BEAM;2025-06-30 18:04:42.0000000;-0.396699000000012
BN_CONTROL.I5BEAM;2025-06-30 18:04:43.0000000;-0.390015000000005
BN_CONTROL.I5BEAM;2025-06-30 18:04:44.0000000;-0.390850999999998
BN_CONTROL.I5BEAM;2025-06-30 18:04:45.0000000;-0.389847999999972
BN_CONTROL.I5BEAM;2025-06-30 18:04:46.0000000;-0.392521999999985
BN_CONTROL.I5BEAM;2025-06-30 18:04:47.0000000;-0.395195000000001
BN_CONTROL.I5BEAM;2025-06-30 18:04:48.0000000;-0.394860999999992
BN_CONTROL.I5BEAM;2025-06-30 18:04:49.0000000;-0.391351999999983
BN_CONTROL.I5BEAM;2025-06-30 18:04:50.0000000;-0.389680999999996
BN_CONTROL.I5BEAM;2025-06-30 18:04:51.0000000;-0.385671000000002
BN_CONTROL.I5BEAM;2025-06-30 18:04:52.0000000;-0.384334000000024
BN_CONTROL.I5BEAM;2025-06-30 18:04:53.0000000;-0.387842999999975
BN_CONTROL.I5BEAM;2025-06-30 18:04:54.0000000;-0.38918000000001
BN_CONTROL.I5BEAM;2025-06-30 18:04:55.0000000;-0.380825000000016
BN_CONTROL.I5BEAM;2025-06-30 18:04:56.0000000;-0.385671000000002
BN_CONTROL.I5BEAM;2025-06-30 18:04:57.0000000;1.15751299999999
BN_CONTROL.I5BEAM;2025-06-30 18:04:58.0000000;1.15751299999999
BN_CONTROL.I5BEAM;2025-06-30 18:04:59.0000000;1.92116700000003
